date,forward_pe
2016-01-01,39.61828794570692
2016-01-04,39.20783327832292
2016-01-05,39.96603707599687
2016-01-06,39.58918124574693
2016-01-07,38.73990639293935
2016-01-08,38.31805095365332
2016-01-11,38.59511819135256
2016-01-12,38.90300916095649
2016-01-13,38.21038225443873
2016-01-14,38.340982174624266
2016-01-15,37.58513363190279
2016-01-18,37.58513363190279
2016-01-19,37.787854367281184
2016-01-20,36.68170438747737
2016-01-21,37.30401511992877
2016-01-22,38.256227074702736
2016-01-25,37.66988606147946
2016-01-26,38.26837184675571
2016-01-27,37.76729982754134
2016-01-28,37.16605990488012
2016-01-29,38.0719189805812
2016-02-01,38.5870086308396
2016-02-02,37.992596914368136
2016-02-03,37.82261029311218
2016-02-04,37.41067485648289
2016-02-05,36.09132100372119
2016-02-08,34.855239776330905
2016-02-09,34.462384757581724
2016-02-10,34.88103807060388
2016-02-11,34.45321822224128
2016-02-12,35.16335504300514
2016-02-15,35.22028781925851
2016-02-16,36.72578764231501
2016-02-17,36.99210058963872
2016-02-18,37.25986487606515
2016-02-19,37.53524692625919
2016-02-22,38.17595125970468
2016-02-23,38.09218402471719
2016-02-24,37.31708862478654
2016-02-25,37.80100835665324
2016-02-26,37.81996535477087
2016-02-29,37.8126591220404
2016-03-01,38.68803550599257
2016-03-02,38.88035865200404
2016-03-03,38.9210970911523
2016-03-04,39.08601642241906
2016-03-07,39.20960262095202
2016-03-08,38.76087281171526
2016-03-15,40.66213940437488
2016-03-16,40.9443229899089
2016-03-17,41.676590830517576
2016-03-18,41.6812829771741
2016-03-21,41.37705534780611
2016-03-22,41.37818519887316
2016-03-23,41.06482661040332
2016-03-24,41.05087349022202
2016-03-25,41.12458784551715
2016-03-28,41.49739488357342
2016-03-29,42.2162099181424
2016-03-30,42.11668490430248
2016-03-31,42.35800361288027
2016-04-01,42.347959400183
2016-04-04,42.29027558484893
2016-04-05,42.02075033992854
2016-04-06,42.24380657510824
2016-04-07,41.96322807362198
2016-04-08,42.4431935425732
2016-04-11,42.38658104588014
2016-04-12,42.73565604732377
2016-04-13,42.59167865615772
2016-04-14,42.26280644267867
2016-04-15,42.426952988048
2016-04-19,42.511989840762965
2016-04-20,41.68972069728866
2016-04-21,40.86842157749303
2016-04-22,41.382768405011696
2016-04-25,41.48712067181592
2016-04-26,40.787465240916845
2016-05-06,40.48062830681345
2016-05-11,40.05358182902399
2016-05-12,40.297301509814005
2016-05-13,39.8804182550568
2016-05-16,39.9701317759632
2016-05-17,39.40673145898293
2016-05-18,38.95541775647234
2016-05-19,39.18454450548182
2016-05-20,39.58861897783154
2016-05-23,39.66928163175492
2016-05-24,40.10133870068949
2016-05-25,40.23782107746892
2016-05-26,40.21516015347886
2016-05-27,40.35384734775979
2016-05-30,40.398958593692335
2016-05-31,40.4068666480561
2016-06-01,40.43068510930752
2016-06-02,40.62477050565453
2016-06-03,40.78079007945985
2016-06-06,40.60924247252378
2016-06-07,40.81291534102083
2016-06-08,40.83719312183457
2016-06-09,40.78153352097471
2016-06-10,40.56889852439199
2016-06-13,40.633381390837954
2016-06-14,40.5572680425058
2016-06-15,41.01242851512326
2016-06-16,41.23265957140341
2016-06-17,41.222054186894
2016-06-20,41.537387202035184
2016-06-21,41.72500705218585
2016-06-22,41.65208932630333
2016-06-23,42.06844952559863
2016-06-24,41.14343875164041
2016-06-27,40.94340392907644
2016-06-28,41.8928987031532
2016-06-29,43.11995434621771
2016-06-30,43.45468529521986
2016-07-01,43.24410551523231
2016-07-04,43.25518050779172
2016-07-05,43.50867601893192
2016-07-06,43.36010000626171
2016-07-07,43.14177802543336
2016-07-08,43.97817367516094
2016-07-11,44.225928073321775
2016-07-12,44.382046259370135
2016-07-13,44.3229303291955
2016-07-14,44.03238884046343
2016-07-15,44.09834338000752
2016-07-18,43.99311099113746
2016-07-19,43.856034707816725
2016-07-20,43.60272997655652
2016-07-21,43.76314975408502
2016-07-22,44.17394335613741
2016-07-25,43.98502943823466
2016-07-26,43.6963064624499
2016-07-27,42.726235835725184
2016-07-28,42.53208146090383
2016-07-29,43.33210050940991
2016-08-01,43.91519930775328
2016-08-02,43.13703979383107
2016-08-03,42.66476703402135
2016-08-04,42.62781547874892
2016-08-05,42.57412478580944
2016-08-08,42.73704443715079
2016-08-09,43.01380287205632
2016-08-10,42.792824761996094
2016-08-11,42.3937131587387
2016-08-12,42.45687010756026
2016-08-15,42.341820052393565
2016-08-16,41.86987439769351
2016-08-17,42.056216308056975
2016-08-18,42.01351363417003
2016-08-19,41.65749399542981
2016-08-22,41.8167381110255
2016-08-23,42.16193232927611
2016-08-24,42.01996036798972
2016-08-25,42.157107760693656
2016-08-26,41.70636035558056
2016-08-29,42.13390303423364
2016-08-30,42.06805271945278
2016-08-31,42.03778034512318
2016-09-01,42.09491629869818
2016-09-02,42.2832603128468
2016-09-05,42.2832603128468
2016-09-06,42.534181502081296
2016-09-07,42.7706883197101
2016-09-08,42.23384310134084
2016-09-09,40.56775262347685
2016-09-12,41.00890127778655
2016-09-13,39.99994924897691
2016-09-14,40.08136557684469
2016-09-15,40.2772154613303
2016-09-16,40.20611051682905
2016-09-19,40.58189868053103
2016-09-20,40.49463118175022
2016-09-21,40.92218187895783
2016-09-22,41.74319848081693
2016-09-23,41.78324176365096
2016-09-26,41.81510409271469
2016-09-27,41.61540540587243
2016-09-28,41.82997372469693
2016-09-29,41.29233874216599
2016-09-30,41.14058689006783
2016-10-03,40.40029630270908
2016-10-04,39.74877164027499
2016-10-05,38.97177203928255
2016-10-06,39.08044911831788
2016-10-07,38.92126126436693
2016-10-10,39.10567378307926
2016-10-11,38.75297455595703
2016-10-12,39.39572107166198
2016-10-13,39.40063353243394
2016-10-14,39.31582564548958
2016-10-17,39.41142240777283
2016-10-18,39.67698523252542
2016-10-19,39.84415264115098
2016-10-20,39.62237408469965
2016-10-21,39.66359235869555
2016-10-24,39.83336608121749
2016-10-25,39.57562111154249
2016-10-26,38.712547266952505
2016-10-27,37.31244597839214
2016-10-28,37.54338884718387
2016-10-31,38.10903292004265
2016-11-01,37.56438202986383
2016-11-02,36.79065630017749
2016-11-03,36.79899433216956
2016-11-04,37.11645538686601
2016-11-07,37.773096595950975
2016-11-08,38.145860987713725
2016-11-09,37.16337931008032
2016-11-10,36.529499220293374
2016-11-11,36.55382821195685
2016-11-14,37.3361289765738
2016-11-15,37.06764431181004
2016-11-16,37.00650005159728
2016-11-17,36.74901601371096
2016-11-18,36.84314983964779
2016-11-21,36.685698274057245
2016-11-22,37.38079764446417
2016-11-23,37.1312078681796
2016-11-25,37.25003318956889
2016-11-29,37.64490648720644
2016-11-30,37.20722526400439
2016-12-01,36.68409611790348
2016-12-02,36.92214389416654
2016-12-05,37.15203890410633
2016-12-06,37.370341392484
2016-12-07,38.20169108694606
2016-12-08,38.35022279558431
2016-12-09,38.33545638251755
2016-12-12,38.630864851459634
2016-12-13,39.03809180205268
2016-12-14,38.39460942120737
2016-12-15,38.16247874916991
2016-12-16,38.58688122012527
2016-12-19,38.90180302557509
2016-12-20,38.97845158123992
2016-12-21,38.82049257204851
2016-12-22,38.7601234573932
2016-12-23,38.8421761947171
2016-12-26,38.86018213720095
2016-12-27,38.97344562794781
2016-12-28,38.59607122282311
2016-12-29,38.978710959565454
2016-12-30,39.31334796509322
2017-01-02,39.29964437589162
2017-01-03,39.48311858599855
2017-01-04,39.872406664672255
2017-01-05,40.10056751664692
2017-01-06,40.148865098414255
2017-01-09,39.757558758191216
2017-01-10,39.237872247367775
2017-01-11,38.95593251825305
2017-01-12,39.10544364316069
2017-01-13,39.09802480599204
2017-01-16,39.074069225260416
2017-01-17,39.38367155789095
2017-01-18,39.49577441879602
2017-01-19,39.10652074916478
2017-01-20,38.773792841182576
2017-01-23,39.04113413045762
2017-01-24,39.18143740590918
2017-01-25,38.98328640602227
2017-01-26,38.888563193929215
2017-01-27,38.604519496308114
2017-01-30,37.87987664300703
2017-01-31,38.57775742496391
2017-02-01,37.94576783236855
2017-02-02,38.31028418327156
2017-02-03,38.19074957934438
2017-02-06,38.30900751616952
2017-02-07,38.309014503376325
2017-02-08,38.676131969946425
2017-02-09,38.911084842427336
2017-02-10,39.1710553671857
2017-02-13,37.77351549807268
2017-02-14,37.543978458425656
2017-02-15,37.45099652539017
2017-02-16,37.57039039426922
2017-02-17,37.319466499158885
2017-02-20,37.27364676673922
2017-02-21,37.77740422613244
2017-02-22,37.42853866114869
2017-02-23,38.12731945397345
2017-02-24,38.39186230943805
2017-02-27,38.41991784743695
2017-02-28,38.361772954540825
2017-03-01,38.37982252016874
2017-03-02,38.29268316490936
2017-03-03,38.09349597959929
2017-03-06,37.94984513190311
2017-03-07,38.1634705693588
2017-03-08,37.13845812399714
2017-03-09,36.5892028315324
2017-03-10,36.65335867487179
2017-03-13,36.59999504468195
2017-03-14,36.66569466049234
2017-03-15,37.34404466226597
2017-03-16,37.220308656509125
2017-03-17,37.239472294603495
2017-03-20,37.51399907500316
2017-03-21,37.40756227024218
2017-03-22,37.49600212281826
2017-03-23,37.78886629418776
2017-03-24,37.70450772263708
2017-03-27,37.64418141706482
2017-03-28,37.91296481270047
2017-03-29,37.94358891688832
2017-03-30,38.17080081378307
2017-03-31,38.38135526318622
2017-04-03,38.353846832356176
2017-04-04,38.03029987167941
2017-04-05,38.18317680462358
2017-04-06,38.33054549400492
2017-04-07,38.426958747922505
2017-04-10,38.58013617058855
2017-04-11,38.851154327075726
2017-04-12,38.78475169076658
2017-04-13,38.54608389767783
2017-04-14,38.67570712761603
2017-04-17,39.04978604771073
2017-04-18,38.7941556717263
2017-04-19,38.67378705474693
2017-04-20,38.65903340878053
2017-04-21,38.45268706292326
2017-04-24,38.05294813622226
2017-04-25,38.11709507488439
2017-04-26,37.41097797443276
2017-04-27,36.85113912493036
2017-04-28,37.4489637672624
2017-05-01,37.55671864263534
2017-05-02,37.65056980989859
2017-05-03,37.19913809499574
2017-05-04,37.290695247641565
2017-05-05,37.47515125303023
2017-05-08,37.26763699532907
2017-05-09,37.47334785138184
2017-05-10,37.68899941764848
2017-05-11,37.49595631836628
2017-05-12,37.26152740601458
2017-05-15,37.35746583705172
2017-05-16,37.052284337698346
2017-05-17,37.431043900871366
2017-05-18,37.433665554951325
2017-05-19,37.64943665807536
2017-05-22,37.73889150030742
2017-05-23,37.81464857443186
2017-05-24,38.05646123482003
2017-05-25,38.248910774677206
2017-05-26,38.21722265751377
2017-05-29,38.21724148892768
2017-05-30,38.13255595135025
2017-05-31,38.08515137119242
2017-06-01,38.23362150213892
2017-06-02,38.59054052754309
2017-06-05,38.56587822954585
2017-06-06,38.29208558047105
2017-06-07,38.43868722264771
2017-06-08,38.28610302439997
2017-06-09,38.40714887123129
2017-06-12,38.59737943051925
2017-06-13,38.83991985387256
2017-06-14,38.9593555011552
2017-06-15,39.153183572983615
2017-06-16,39.0598376613417
2017-06-19,39.19471214941578
2017-06-20,39.17676415725595
2017-06-21,39.031315445896986
2017-06-22,39.05551584713215
2017-06-23,39.17828169166608
2017-06-26,39.36361552317909
2017-06-27,39.23215678668118
2017-06-28,39.22046401295994
2017-06-29,38.82504283024903
2017-06-30,38.82673473256648
2017-07-03,39.2566806614581
2017-07-04,39.160589958338925
2017-07-05,38.71127164452025
2017-07-06,38.00319312497488
2017-07-07,38.31220827211658
2017-07-10,37.984698516038094
2017-07-11,37.916317729412725
2017-07-12,38.40838349707823
2017-07-13,38.42316207831579
2017-07-14,38.80489149793181
2017-07-17,38.73628572631025
2017-07-18,38.554628232544005
2017-07-19,38.67917488053477
2017-07-20,38.67797450413711
2017-07-21,39.03721482559741
2017-07-24,39.15177588255984
2017-07-25,39.11161360425638
2017-07-26,39.38513236818193
2017-07-27,38.76489312097812
2017-07-28,38.79193434897943
2017-07-31,38.51683221700492
2017-08-01,38.23259188787744
2017-08-02,37.47214639883229
2017-08-03,37.43672248952027
2017-08-04,37.45168521502948
2017-08-07,37.74644272706595
2017-08-08,37.522909886826135
2017-08-09,37.67416633229672
2017-08-10,37.33351908506734
2017-08-11,37.10274456060298
2017-08-14,37.62883797089116
2017-08-15,37.495603169781326
2017-08-16,37.60377486404511
2017-08-17,37.403107672132535
2017-08-18,37.19982442795768
2017-08-21,37.67388900631005
2017-08-22,37.664471760571
2017-08-23,38.04434611756936
2017-08-24,37.981653717760864
2017-08-25,38.129399807933154
2017-08-28,37.98794164115815
2017-08-29,37.95755199446284
2017-08-30,38.13755554233933
2017-08-31,38.3513058438218
2017-09-01,39.12128846614402
2017-09-04,38.30338069174988
2017-09-05,39.20918715269734
2017-09-06,39.22832426015327
2017-09-07,39.53859914370268
2017-09-08,39.64162124988138
2017-09-11,39.9226004170112
2017-09-12,39.48034602477829
2017-09-13,39.30976612120884
2017-09-14,39.515980618362775
2017-09-15,39.62751749305963
2017-09-18,39.60277998709849
2017-09-19,39.20421124629338
2017-09-20,39.09021735347506
2017-09-21,39.29600453220828
2017-09-22,38.71764992007663
2017-09-25,38.81125738933313
2017-09-26,38.85334673904842
2017-09-27,38.58530774371036
2017-09-28,38.807336171297344
2017-09-29,38.937141541922045
2017-10-02,38.825070094934425
2017-10-03,38.77806225818036
2017-10-04,39.16294106388148
2017-10-05,39.2770165007657
2017-10-06,39.20540780399256
2017-10-09,38.44842299438029
2017-10-10,39.390444024880416
2017-10-11,39.75361511375284
2017-10-12,39.99399876203731
2017-10-13,40.06966977009792
2017-10-16,39.86062526797954
2017-10-17,39.7696064852521
2017-10-18,39.59284412161631
2017-10-19,39.526227405025885
2017-10-20,39.65663690308261
2017-10-23,39.56895615869072
2017-10-24,39.33054280877408
2017-10-25,38.97799055222863
2017-10-26,39.10214583065583
2017-10-27,39.16245691179603
2017-10-30,39.61535221762114
2017-10-31,40.12746643850813
2017-11-01,39.93863127824573
2017-11-02,40.264565750252295
2017-11-03,40.20626035211826
2017-11-06,40.729619386942616
2017-11-07,40.75324151865099
2017-11-08,41.337902207034666
2017-11-09,41.293041546031866
2017-11-10,41.395163530201344
2017-11-13,41.31507317693434
2017-11-14,41.24927740367448
2017-11-15,40.87707032407049
2017-11-16,41.03856667479996
2017-11-17,40.81194079523358
2017-11-20,40.79636720275652
2017-11-21,40.99628165444503
2017-11-22,39.82106093319706
2017-11-24,41.03432593976305
2017-11-27,40.90423199942082
2017-11-28,40.83301461641111
2017-11-29,40.72897975113584
2017-11-30,40.78793105129592
2017-12-01,40.85548795301927
2017-12-04,40.3555512062579
2017-12-05,40.210803178891325
2017-12-06,40.33165855687547
2017-12-07,40.46937871425612
2017-12-08,40.56445442603052
2017-12-11,40.66158503994916
2017-12-12,40.82110626548251
2017-12-13,40.935422738518895
2017-12-14,40.9687415612315
2017-12-15,41.09925270851419
2017-12-18,41.28365473890006
2017-12-19,40.49274863096983
2017-12-20,40.06467296581595
2017-12-21,39.87577832878929
2017-12-22,40.15158571611094
2017-12-25,38.95299071142314
2017-12-26,40.32654310823937
2017-12-27,40.49396178675683
2017-12-28,40.68978202409917
2017-12-29,40.65132820095543
2018-01-01,39.68246194297959
2018-01-02,40.37063320707557
2018-01-03,40.54442322959871
2018-01-04,39.86494229832212
2018-01-05,39.96346989398488
2018-01-08,40.05477938057535
2018-01-09,39.61167547753813
2018-01-10,38.92858480220783
2018-01-11,38.66742052408435
2018-01-12,38.29777150000023
2018-01-15,37.39358211720155
2018-01-16,38.46249749329717
2018-01-17,38.74034882230854
2018-01-18,38.44949092036136
2018-01-19,38.68929223636871
2018-01-22,39.09114703179083
2018-01-23,39.725174853324376
2018-01-24,39.68723197434263
2018-01-25,39.473322986525645
2018-01-26,39.68348690646916
2018-01-29,39.225758129478216
2018-01-30,39.097095630613104
2018-01-31,39.79615286120856
2018-02-01,38.959078043825485
2018-02-02,38.6056845662668
2018-02-05,37.58616877088764
2018-02-06,37.5564953241399
2018-02-07,37.42624828859091
2018-02-08,36.03662635360352
2018-02-09,37.19337239451704
2018-02-12,37.32951320029209
2018-02-13,37.53440993935273
2018-02-14,37.33680428897983
2018-02-15,37.677714399349625
2018-02-16,38.20853610687228
2018-02-19,37.18169245436807
2018-02-20,37.76196564151252
2018-02-21,37.15388418819119
2018-02-22,37.54637122383969
2018-02-23,38.07783550770133
2018-02-26,38.23685316481089
2018-02-27,37.18594303572614
2018-02-28,37.21789696541676
2018-03-01,36.98480985888564
2018-03-02,36.79807468024732
2018-03-05,37.37277631495155
2018-03-06,37.50595037025754
2018-03-07,37.682749559330624
2018-03-08,37.9536888233767
2018-03-09,38.37509726996138
2018-03-12,38.59003850999281
2018-03-13,38.71009043170208
2018-03-14,38.73198713091634
2018-03-15,38.71454004917987
2018-03-16,38.9624914317516
2018-03-19,38.63773879235385
2018-03-20,38.65163123183918
2018-03-21,38.28114322964034
2018-03-22,38.15798362986656
2018-03-23,37.55674312060535
2018-03-26,38.06519693069
2018-03-27,38.12865336508257
2018-03-28,38.75409603599288
2018-03-29,37.66734913306835
2018-03-30,37.68073805450193
2018-04-02,38.25489663441304
2018-04-03,38.35239334125458
2018-04-04,38.88902288812097
2018-04-05,38.94679747904338
2018-04-06,38.59218181187067
2018-04-09,38.57410724704462
2018-04-10,38.26479478348353
2018-04-11,38.3930209668769
2018-04-12,37.90059046811799
2018-04-13,38.10276083178993
2018-04-16,38.28206844181743
2018-04-17,38.23053258663219
2018-04-18,37.83702316448297
2018-04-19,37.10197989591825
2018-04-20,37.02770954644097
2018-04-23,37.225076736785454
2018-04-24,37.1924088242599
2018-04-25,37.02553620104207
2018-04-26,37.2433807319001
2018-04-27,37.45636054841368
2018-04-30,36.6847370801577
2018-05-01,36.63586847636774
2018-05-02,35.60335074837862
2018-05-03,35.85945800249975
2018-05-04,36.40949362193334
2018-05-07,37.65236373912449
2018-05-08,37.33969108903775
2018-05-09,37.579592681997255
2018-05-10,37.9689021405731
2018-05-11,37.76650653999144
2018-05-14,37.49963619466286
2018-05-15,36.92677501428312
2018-05-16,36.85090839019183
2018-05-17,36.6648154523816
2018-05-18,36.7239414465722
2018-05-21,37.10813060422416
2018-05-22,37.18398978340806
2018-05-23,37.422272103117976
2018-05-24,37.2721676026468
2018-05-25,37.432511500340304
2018-05-28,36.49341917053405
2018-05-29,37.53959208090167
2018-05-30,38.06854556386112
2018-05-31,37.94255473943648
2018-06-01,38.086929625645055
2018-06-04,38.501088842357206
2018-06-05,38.32443910493525
2018-06-06,38.443863969349245
2018-06-07,38.24904273256725
2018-06-08,38.43005963377427
2018-06-11,38.679467826532566
2018-06-12,38.90426254330167
2018-06-13,37.985879093130166
2018-06-14,38.252152315801645
2018-06-15,38.31304430777629
2018-06-18,38.34355225629498
2018-06-19,38.39770373213516
2018-06-20,38.80315845972261
2018-06-21,39.08023060573501
2018-06-22,39.34844696022293
2018-06-25,39.21118752825601
2018-06-26,39.42995982125792
2018-06-27,39.3509121217952
2018-06-28,39.68902121937613
2018-06-29,39.80868016178858
2018-07-02,39.64502491722352
2018-07-03,39.82937527269917
2018-07-05,40.39292148977313
2018-07-06,40.5574387871332
2018-07-09,40.17506002899977
2018-07-10,40.38758311152227
2018-07-11,40.22326094549079
2018-07-12,40.20068903817976
2018-07-13,40.03157092175689
2018-07-16,39.69040503059439
2018-07-17,39.25571222927692
2018-07-18,38.97857715034658
2018-07-19,39.49449523755821
2018-07-20,39.21803766203581
2018-07-23,39.09314310974594
2018-07-24,38.96603478419824
2018-07-25,39.24497256477993
2018-07-26,39.349546734898816
2018-07-30,38.34970889757733
2018-08-01,37.84983434825967
2018-08-02,37.51718582818019
2018-08-03,39.08270246198049
2018-08-06,37.99277271897524
2018-08-07,38.77919500386299
2018-08-08,38.51913895496145
2018-08-09,38.45985047685421
2018-08-10,38.04986193764908
2018-08-13,38.01063444294178
2018-08-14,38.07264075925973
2018-08-15,38.26903204232821
2018-08-16,38.5781421329424
2018-08-17,38.97442174461046
2018-08-20,39.00485860663401
2018-08-21,38.64640128234458
2018-08-22,38.52299070527836
2018-08-23,38.29053158747072
2018-08-24,38.539560908231664
2018-08-27,38.50193278495836
2018-08-28,38.75311753670866
2018-08-29,38.96680055273303
2018-08-30,38.74713168749687
2018-08-31,38.90499480201627
2018-09-04,38.56826328891236
2018-09-05,38.87669556120639
2018-09-06,38.99723875798461
2018-09-07,38.51467148337575
2018-09-10,38.71450259112016
2018-09-11,38.685918179812106
2018-09-12,38.73313441005015
2018-09-13,38.92149023841269
2018-09-14,38.54641606598261
2018-09-17,38.72124579980412
2018-09-18,38.49557169436503
2018-09-19,38.157526755785305
2018-09-20,38.44124812140015
2018-09-21,38.378832850938025
2018-09-24,37.57195637687117
2018-09-25,37.75550960073964
2018-09-26,37.3260036142863
2018-09-27,37.38348952723513
2018-09-28,37.985736111635816
2018-10-01,37.68476931434457
2018-10-02,37.62183559972684
2018-10-03,37.2639303913983
2018-10-04,37.02391447595639
2018-10-05,37.02047027707406
2018-10-08,37.51464784286571
2018-10-09,37.64381953400067
2018-10-10,37.36051141691515
2018-10-11,36.297491888623554
2018-10-12,36.279733319600695
2018-10-15,36.43961767871263
2018-10-16,36.79862238312097
2018-10-17,36.49502562328405
2018-10-18,36.61531644672029
2018-10-19,36.855011640141385
2018-10-22,36.44060410003739
2018-10-23,36.6677363484983
2018-10-24,37.046683454219576
2018-10-25,37.2082333708282
2018-10-26,36.031601705220986
2018-10-29,37.21155728706481
2018-10-30,37.94938516923688
2018-10-31,37.19896423961214
2018-11-01,37.185152061767454
2018-11-02,36.89027628608967
2018-11-05,37.68808007735447
2018-11-06,37.8731340736317
2018-11-07,38.28766847858999
2018-11-08,38.31926437433107
2018-11-09,38.41820624995354
2018-11-12,38.51595893845726
2018-11-13,38.60303947270336
2018-11-14,38.62772410528477
2018-11-15,38.4384594086951
2018-11-16,38.66981282369184
2018-11-19,38.92696867156764
2018-11-20,38.38118159003302
2018-11-21,38.273992421806696
2018-11-23,38.1865753729778
2018-11-26,38.2685726896219
2018-11-27,38.53563457049511
2018-11-28,38.86784113299525
2018-11-29,38.93711712035438
2018-11-30,39.30063871782836
2018-12-03,39.64284947512568
2018-12-04,38.979132646052165
2018-12-06,41.062465281460746
2018-12-07,40.46565454092558
2018-12-10,40.28524040629634
2018-12-11,40.37826673930112
2018-12-12,39.68473267483018
2018-12-13,39.92739957368181
2018-12-14,39.84135908891505
2018-12-17,38.37532307345384
2018-12-18,38.758184722785685
2018-12-19,38.42177869477244
2018-12-20,37.967370793371295
2018-12-21,37.38108644863016
2018-12-24,36.02303517152002
2018-12-26,37.18449546268484
2018-12-27,37.28597795630194
2018-12-28,37.37393818858324
2018-12-31,37.38803841515736
2019-01-02,36.56272998578702
2019-01-03,36.77439817746674
2019-01-04,37.18923505434477
2019-01-07,37.47937846820941
2019-01-08,38.22924222055149
2019-01-09,38.2306109595475
2019-01-10,38.7792750389246
2019-01-11,38.81548700945878
2019-01-14,38.69965483492072
2019-01-15,39.117003622533154
2019-01-16,39.33207877966024
2019-01-17,39.51464357921846
2019-01-18,39.54481029321524
2019-01-22,40.5762557266643
2019-01-23,40.22253458956426
2019-01-24,40.3172559499187
2019-01-25,40.74686366225221
2019-01-28,41.0962274677899
2019-01-29,41.71757139482963
2019-01-30,42.02002522680744
2019-01-31,42.44579910090679
2019-02-01,42.015628774330594
2019-02-04,41.94413170082973
2019-02-05,42.139720798545
2019-02-06,41.77547461114263
2019-02-07,42.05121054034708
2019-02-08,42.34806010050284
2019-02-11,42.38329389259605
2019-02-12,41.87945449652565
2019-02-13,42.2549920199708
2019-02-14,42.45056084198775
2019-02-15,42.76871282279483
2019-02-19,42.87196912814765
2019-02-20,42.39409030479339
2019-02-21,42.34576426646257
2019-02-22,42.78396356873465
2019-02-25,43.19948722421473
2019-02-26,43.07982288671299
2019-02-27,42.28029191609103
2019-02-28,42.21962144448176
2019-03-01,42.18483507394208
2019-03-04,42.27875277624428
2019-03-05,42.39072663423693
2019-03-06,42.39893856630998
2019-03-07,42.36729226004744
2019-03-08,42.37550521633918
2019-03-11,43.222569429681045
2019-03-12,43.41564769133767
2019-03-13,43.730078734514414
2019-03-14,43.67947435779588
2019-03-15,43.51531169997827
2019-03-18,43.380306032511726
2019-03-19,43.0423222477653
2019-03-20,43.21190681186089
2019-03-21,43.97067094247121
2019-03-22,43.75706334420581
2019-03-25,43.780375186300304
2019-03-26,44.06809013347765
2019-03-27,43.8761936251523
2019-03-28,44.19205613688844
2019-03-29,44.151085671981456
2019-04-01,44.07281567578737
2019-04-02,44.36853252186341
2019-04-03,44.29308516654024
2019-04-04,44.16429558093558
2019-04-05,44.561877306281865
2019-04-08,44.34462447684133
2019-04-09,44.20636269009051
2019-04-10,44.51096810810383
2019-04-11,44.49821960513036
2019-04-12,44.70750126382089
2019-04-15,44.41132475600751
2019-04-16,42.807720927175616
2019-04-17,42.243862432877854
2019-04-18,42.79007802346951
2019-04-22,42.23282184113506
2019-04-23,43.04030611227782
2019-04-24,43.31763109679132
2019-04-25,43.27186912566401
2019-04-26,43.45008178308152
2019-04-29,42.76745533010155
2019-04-30,43.065047018754434
2019-05-01,42.91140702170369
2019-05-02,42.860738570763175
2019-05-03,43.15420616262507
2019-05-06,42.779000410689584
2019-05-07,42.08436269276432
2019-05-08,42.13125652670718
2019-05-09,42.24789546065944
2019-05-10,42.743802245246144
2019-05-13,42.723043976975255
2019-05-14,42.12912909576048
2019-05-15,42.74594984874033
2019-05-16,42.82992578658904
2019-05-17,42.78675571198139
2019-05-20,42.09653768752125
2019-05-21,42.43057107027813
2019-05-22,42.61288862927079
2019-05-23,42.80813029258312
2019-05-24,42.80881366098257
2019-05-28,42.359228839621295
2019-05-29,41.800731426189735
2019-05-30,41.9480244819156
2019-05-31,42.44911400037343
2019-06-03,42.78931121746543
2019-06-04,42.562676025362826
2019-06-05,43.55715125917846
2019-06-06,43.62154849272064
2019-06-07,43.75842481133011
2019-06-10,43.62172304122248
2019-06-11,43.7043121607274
2019-06-12,43.74563620288387
2019-06-13,43.92296003819099
2019-06-14,43.96809258920379
2019-06-17,44.55092192083048
2019-06-18,44.43157024385664
2019-06-19,44.73164537056882
2019-06-20,44.96481567280168
2019-06-21,44.47992914504362
2019-06-24,44.29756772815343
2019-06-25,43.69769722772709
2019-06-26,42.85499025400801
2019-06-27,43.188462650771946
2019-06-28,43.30588341140052
2019-07-01,43.193614280445054
2019-07-02,43.982058669071286
2019-07-03,44.65865203582195
2019-07-05,44.39295865319766
2019-07-08,44.59464082205586
2019-07-09,44.87785830377327
2019-07-10,45.204571727810695
2019-07-11,44.66136439312919
2019-07-12,44.475787643172325
2019-07-15,44.25176363597736
2019-07-16,44.20845504612267
2019-07-17,44.097335271744285
2019-07-18,43.65312512071486
2019-07-19,42.92845193577261
2019-07-22,42.890647865776806
2019-07-23,43.33548157770681
2019-07-24,43.492776293861645
2019-07-25,43.238678734772165
2019-07-26,43.09984886388723
2019-07-29,43.06356457229829
2019-07-30,42.95891225982059
2019-07-31,42.28257006686754
2019-08-01,42.18645949584738
2019-08-02,42.49590901698044
2019-08-05,41.71238758560702
2019-08-06,42.160621036156805
2019-08-07,42.183943738629154
2019-08-08,42.74387375077675
2019-08-09,42.84071087197957
2019-08-12,42.8012859866146
2019-08-13,43.46175751050873
2019-08-14,42.79854698384906
2019-08-15,43.310823615433655
2019-08-16,43.698745747750536
2019-08-19,44.061640773862806
2019-08-20,43.72637567259128
2019-08-21,44.00406386466291
2019-08-22,44.18251617225877
2019-08-23,43.62251885986216
2019-08-26,44.07845863809695
2019-08-27,43.92242823414441
2019-08-28,44.08635278609023
2019-08-29,44.4051851999607
2019-08-30,44.47063184906139
2019-09-03,45.062081372142266
2019-09-04,45.45743051655278
2019-09-05,45.0279892647597
2019-09-06,45.08657771682688
2019-09-09,44.59645135599576
2019-09-10,44.02388337336281
2019-09-11,43.86626743475464
2019-09-12,44.12689136759924
2019-09-13,43.56237600169237
2019-09-16,43.99072933776095
2019-09-17,44.58435532136894
2019-09-18,44.45145959964479
2019-09-19,44.5836418433873
2019-09-20,44.19320560275799
2019-09-23,44.441745639408175
2019-09-24,44.38568829974063
2019-09-25,44.34601910604082
2019-09-26,44.71285846652529
2019-09-27,44.34065598707913
2019-09-30,44.41563330547236
2019-10-01,43.95469608022865
2019-10-02,43.716896787213095
2019-10-03,44.21907867378116
2019-10-04,44.49639245415325
2019-10-07,44.355199217732974
2019-10-08,43.49793006549585
2019-10-09,43.88617169453918
2019-10-10,44.34143549311957
2019-10-11,44.21288056688179
2019-10-14,44.23275882480833
2019-10-15,44.57903036643364
2019-10-16,44.28881896892165
2019-10-17,44.45916931941861
2019-10-18,44.887759036941546
2019-10-21,45.14964864147643
2019-10-22,44.89543826868962
2019-10-23,44.9769285658253
2019-10-24,44.83535657299265
2019-10-25,44.236005921028806
2019-10-28,43.53950346130074
2019-10-29,43.68042412508196
2019-10-30,43.53322065671568
2019-10-31,43.102147148839165
2019-11-01,43.10808330836197
2019-11-04,42.37202512435453
2019-11-05,42.99954013916046
2019-11-06,43.16666792046917
2019-11-07,42.579306298916826
2019-11-08,42.4553643530558
2019-11-11,42.68421684358968
2019-11-12,42.32587135891868
2019-11-13,42.80078932461673
2019-11-14,43.19823686982187
2019-11-15,43.45514495791637
2019-11-18,43.87837881572487
2019-11-19,43.93225229005047
2019-11-20,43.94706181015969
2019-11-21,43.279881399879386
2019-11-22,43.04148580221672
2019-11-25,42.81831924007805
2019-11-26,43.482582257231
2019-11-27,43.57822361680366
2019-11-29,43.4190424343326
2019-12-02,42.68039731333598
2019-12-03,42.99478531125552
2019-12-04,43.41685657498407
2019-12-05,43.33330183026766
2019-12-06,43.3570515300436
2019-12-09,43.49173523958591
2019-12-10,43.18376012356897
2019-12-11,42.86132193904149
2019-12-12,42.237715004871006
2019-12-13,42.31892105300449
2019-12-16,42.64845218334067
2019-12-17,42.14716498699385
2019-12-18,42.544680861083336
2019-12-19,43.08383289625497
2019-12-20,43.36427431855918
2019-12-23,43.14634975041183
2019-12-24,43.21851436467719
2019-12-26,43.41550265085679
2019-12-27,43.54531318523576
2019-12-30,43.80204551052555
2019-12-31,44.07643311848528
2020-01-02,43.51619738741027
2020-01-03,43.85997332203916
2020-01-06,43.38819844455755
2020-01-07,43.441942182735225
2020-01-08,43.61635635647309
2020-01-09,43.70138542174716
2020-01-10,44.2850047096998
2020-01-13,44.84096006364574
2020-01-14,44.6305153585519
2020-01-15,44.932631217756
2020-01-16,45.348244985169714
2020-01-17,45.36935096626682
2020-01-21,45.92269517773176
2020-01-22,45.5864900831409
2020-01-23,46.33460973436227
2020-01-24,46.17671878197068
2020-01-27,45.86299874234348
2020-01-28,45.93229448241021
2020-01-29,45.47114630527491
2020-01-30,45.67236663689401
2020-01-31,45.32339412425912
2020-02-03,45.074009378028585
2020-02-04,45.2114362529511
2020-02-05,44.48179871159201
2020-02-06,44.69410023621104
2020-02-07,44.84457286542462
2020-02-10,46.37137520661382
2020-02-11,47.05927645294945
2020-02-12,47.48146819373797
2020-02-13,47.13194925172542
2020-02-14,47.74482403550897
2020-02-18,47.87785392880658
2020-02-19,47.22374396094618
2020-02-20,47.910492764228486
2020-02-21,48.04100365341225
2020-02-24,47.39785602621971
2020-02-25,46.03666359799533
2020-02-26,45.89184748792797
2020-02-27,43.0391812220244
2020-02-28,41.97494025076664
2020-03-02,44.151545630245565
2020-03-03,44.22354882524337
2020-03-04,45.967230013868615
2020-03-05,44.92819261225008
2020-03-06,44.21218063746437
2020-03-09,41.08163920610505
2020-03-10,43.10739065177045
2020-03-11,40.928628789058735
2020-03-12,37.6094731493362
2020-03-13,40.92060542487669
2020-03-16,34.17821430928489
2020-03-17,36.81875887800268
2020-03-18,34.23569802248193
2020-03-19,33.85781794430558
2020-03-20,32.0470034658536
2020-03-23,30.48618517425333
2020-03-24,33.021788364655215
2020-03-25,34.673533283729064
2020-03-26,37.56402193257584
2020-03-27,37.58119014202038
2020-03-30,39.08313748975162
2020-03-31,37.933120640966585
2020-04-01,35.69664071561043
2020-04-02,36.24371575656651
2020-04-03,37.28286239512179
2020-04-06,40.66678390611804
2020-04-07,40.71506771497251
2020-04-08,43.73251039275488
2020-04-09,47.01511927283913
2020-04-13,44.79675669866552
2020-04-14,46.270043242730814
2020-04-15,44.72120753398085
2020-04-16,44.78729877759622
2020-04-17,45.523334019217856
2020-04-20,44.71199784360558
2020-04-21,44.80651241905248
2020-04-22,45.67590709198716
2020-04-23,45.338148630061376
2020-04-24,45.89873215050981
2020-04-27,48.04524275105395
2020-04-28,48.001547010921655
2020-04-29,48.87859173578232
2020-04-30,48.63535635440015
2020-05-01,47.9010604716537
2020-05-04,47.29514021296303
2020-05-05,47.46439912116257
2020-05-06,46.80151049746869
2020-05-07,47.14265748605987
2020-05-08,48.50450672510111
2020-05-11,48.28405422818189
2020-05-12,46.71730912553266
2020-05-13,46.26941737227533
2020-05-14,46.55852205862961
2020-05-15,46.33491316153106
2020-05-18,48.37185594074111
2020-05-19,47.41004259300099
2020-05-20,47.64336576276783
2020-05-21,47.179192790270896
2020-05-22,48.407818621913705
2020-05-26,49.85846139427176
2020-05-27,50.9663095248098
2020-05-28,51.6269332414221
2020-05-29,52.51346637586372
2020-06-01,53.59364463130954
2020-06-02,53.75636334282354
2020-06-03,54.99491343349472
2020-06-04,54.15237955172623
2020-06-05,56.867663029308765
2020-06-08,57.93164642341986
2020-06-09,57.1676347373084
2020-06-10,56.1233739662748
2020-06-11,52.58524553343551
2020-06-12,54.11322674287632
2020-06-15,54.47080771724505
2020-06-16,55.39989190069903
2020-06-17,54.79401830686558
2020-06-18,54.052584037148776
2020-06-19,53.49482338866077
2020-06-22,53.18579413451997
2020-06-23,53.03232329067219
2020-06-24,51.62755250469719
2020-06-25,52.20918415258674
2020-06-26,51.42406063094229
2020-06-29,52.21473705019987
2020-06-30,52.83592854954332
2020-07-01,54.209029487101866
2020-07-02,53.94678260465621
2020-07-06,54.06181741318528
2020-07-07,53.44316880555628
2020-07-08,53.30667265464304
2020-07-09,53.34482483317552
2020-07-10,53.45804664091977
2020-07-13,52.48494264041904
2020-07-14,53.03269247027722
2020-07-15,53.23404396415625
2020-07-16,52.58353240176466
2020-07-17,53.33444304553642
2020-07-20,53.19512397284067
2020-07-21,53.16252230021092
2020-07-22,53.57771202117438
2020-07-23,53.42070261691313
2020-07-24,54.08410207913308
2020-07-27,54.76836702266427
2020-07-28,55.059118565105976
2020-07-29,55.55263173223284
2020-07-30,53.71274373490251
2020-07-31,53.89910874882021
2020-08-03,51.930630844085805
2020-08-04,52.945406864574615
2020-08-05,53.368047037988646
2020-08-06,53.744480325103126
2020-08-07,54.72570729184657
2020-08-10,54.49247642844867
2020-08-11,55.41951709855671
2020-08-12,56.14928460281549
2020-08-13,55.61038020718965
2020-08-14,55.65159504232971
2020-08-17,56.14068816365494
2020-08-18,56.01253781488143
2020-08-19,54.73009819518831
2020-08-20,55.55270309838888
2020-08-21,55.49643611644588
2020-08-24,55.57199052844673
2020-08-25,55.55903755115485
2020-08-26,55.15984033114988
2020-08-27,55.81813045381694
2020-08-28,56.24523304713389
2020-08-31,55.77826167076382
2020-09-01,55.58493511264159
2020-09-02,57.17474488486223
2020-09-03,56.1140000570463
2020-09-04,55.88485135661949
2020-09-08,55.17868703571738
2020-09-09,55.888043550976285
2020-09-10,55.07244972471701
2020-09-11,54.85818063509871
2020-09-14,56.95785581254575
2020-09-15,57.77546583277967
2020-09-16,58.75505657420669
2020-09-17,57.42831659093971
2020-09-18,56.34184043899527
2020-09-21,54.68627824234938
2020-09-22,55.361256906445945
2020-09-23,53.7465564928142
2020-09-24,54.14437174801212
2020-09-25,55.29609156412936
2020-09-28,56.1336909658549
2020-09-29,55.26734067131476
2020-09-30,55.5612501501974
2020-10-01,56.28609177242104
2020-10-02,56.997687643299166
2020-10-05,57.00444883471141
2020-10-06,56.54729411483697
2020-10-07,56.61365427145344
2020-10-08,57.50423495759837
2020-10-09,57.24089700733051
2020-10-12,57.620664633725845
2020-10-13,56.69021549212535
2020-10-14,56.04024095875069
2020-10-15,56.29998226669044
2020-10-16,55.94154923840062
2020-10-19,55.34116153691594
2020-10-20,54.64184244292655
2020-10-21,54.65970225037983
2020-10-22,54.35793368581973
2020-10-23,54.88733160543788
2020-10-26,54.65378387457864
2020-10-27,54.01945869023996
2020-10-28,52.504953932733294
2020-10-29,52.03616636166917
2020-10-30,51.446658345943874
2020-11-02,53.32959964742142
2020-11-03,54.17113747916483
2020-11-04,53.35855382523997
2020-11-05,52.659809402139686
2020-11-06,52.10153693966931
2020-11-09,53.09674562525818
2020-11-10,54.01364706016676
2020-11-12,53.7492952499571
2020-11-13,54.87842732122832
2020-11-16,55.1919159440976
2020-11-17,55.24654208872165
2020-11-18,54.366147053200336
2020-11-19,54.44070802667994
2020-11-20,54.10248289210005
2020-11-23,53.700314883647074
2020-11-24,53.60277667613577
2020-11-25,53.92416728768799
2020-11-27,53.92566454357864
2020-11-30,53.69835994015467
2020-12-01,54.3732909818887
2020-12-02,53.69939295902722
2020-12-03,54.05535902764901
2020-12-04,54.62132666655718
2020-12-07,54.02215830921213
2020-12-08,53.40461742010818
2020-12-09,52.869508460619
2020-12-10,52.67146451898355
2020-12-11,52.98697919181048
2020-12-14,52.48590246144023
2020-12-15,52.40763380656441
2020-12-16,52.580426469161296
2020-12-17,53.23261451864153
2020-12-18,52.29443766337072
2020-12-21,52.48592364248244
2020-12-22,52.82734020019384
2020-12-23,52.36198160939971
2020-12-24,52.77435456951646
2020-12-28,53.2437659943952
2020-12-29,52.87120709715055
2020-12-30,53.00553500978755
2020-12-31,53.674041348721545
2021-01-04,51.7935486475587
2021-01-05,51.60584898877492
2021-01-06,51.10490045651344
2021-01-07,51.2684133705704
2021-01-08,51.76876656077157
2021-01-11,50.84222365368336
2021-01-12,50.86236588786572
2021-01-13,51.93285996748508
2021-01-14,52.46507170266772
2021-01-15,53.33829044090678
2021-01-19,53.21519491698646
2021-01-20,54.18780975114972
2021-01-21,54.00721883528339
2021-01-22,54.21985805618908
2021-01-25,54.18248135791423
2021-01-26,54.58815496316054
2021-01-27,53.13064779947442
2021-01-28,53.50943496550187
2021-01-29,53.31339589259548
2021-02-01,53.791452596196606
2021-02-02,53.4656525196571
2021-02-03,53.17649497355568
2021-02-04,53.18070694690664
2021-02-05,53.74468783502055
2021-02-08,53.85832865024591
2021-02-09,54.31380254661827
2021-02-10,54.72173598186835
2021-02-11,54.42798588944012
2021-02-12,53.69259252807247
2021-02-16,53.03077508195741
2021-02-17,52.93796684227007
2021-02-18,52.5228914693077
2021-02-19,52.669780921843206
2021-02-22,53.38145224705006
2021-02-23,52.828394941856345
2021-02-24,53.05480124040714
2021-02-25,51.6902172218229
2021-02-26,50.84342313854715
2021-03-01,51.62830471735634
2021-03-02,51.29951843160922
2021-03-03,50.60425887345592
2021-03-04,50.23681696758507
2021-03-05,50.719119028964336
2021-03-08,51.21283338026216
2021-03-09,51.81889278304926
2021-03-10,52.1201307011886
2021-03-11,52.76692094008688
2021-03-12,53.59864758345833
2021-03-15,54.50735749180983
2021-03-16,54.51068663141935
2021-03-17,54.280080306784704
2021-03-18,53.84749047450252
2021-03-19,52.92659544019297
2021-03-22,53.4667249435523
2021-03-23,53.75227093986218
2021-03-24,53.56142006024641
2021-03-25,53.99389085641175
2021-03-26,55.2676559909062
2021-03-29,55.47553647069789
2021-03-30,55.176168122004384
2021-03-31,54.934551953466936
2021-04-01,55.62862168187535
2021-04-05,55.70682036344586
2021-04-06,55.80720896666562
2021-04-07,55.73386042780425
2021-04-08,55.39660179092599
2021-04-09,55.44287857094344
2021-04-12,55.76529486110241
2021-04-13,56.144247769004494
2021-04-14,55.76230083813018
2021-04-15,56.87203867061173
2021-04-16,56.53036580425736
2021-04-19,55.10916616009076
2021-04-20,55.687293290633015
2021-04-21,55.71242734474796
2021-04-22,56.282117221297455
2021-04-23,55.39148645365112
2021-04-26,55.06762378919635
2021-04-27,54.45216914469633
2021-04-28,53.782832993870265
2021-04-29,53.53729267943351
2021-04-30,54.4561880282773
2021-05-03,52.65990463249278
2021-05-04,51.69467303619133
2021-05-05,50.52382684978987
2021-05-06,50.33669574818606
2021-05-07,50.562472412404574
2021-05-10,50.87406930223111
2021-05-11,50.43198147590466
2021-05-12,49.43451889224561
2021-05-13,50.09551666565452
2021-05-14,50.680039277828
2021-05-17,50.70634523543951
2021-05-18,50.84889010457716
2021-05-19,50.6338971951932
2021-05-20,51.34523309958275
2021-05-21,51.24704809232436
2021-05-24,51.71847307621765
2021-05-25,51.645759859791646
2021-05-26,51.60749529473999
2021-05-27,51.52512164554782
2021-05-28,51.87212400857871
2021-06-01,52.74084255706805
2021-06-02,53.47015447348304
2021-06-03,53.438088344055686
2021-06-04,53.14834022094255
2021-06-07,53.47041816128201
2021-06-08,53.736297282359885
2021-06-09,53.82346135111507
2021-06-10,54.31244143195934
2021-06-11,53.99308679555151
2021-06-14,54.176563106528704
2021-06-15,53.595193245518
2021-06-16,52.74295156646114
2021-06-17,52.91769558704265
2021-06-18,52.131557574282695
2021-06-21,53.128379028679966
2021-06-22,52.87023467113933
2021-06-23,52.64408543331752
2021-06-24,52.34502417258551
2021-06-25,52.58449185723281
2021-06-28,52.33093818225852
2021-06-29,52.09231922956855
2021-06-30,51.7045675956701
2021-07-01,51.735462195784905
2021-07-02,52.00214672534787
2021-07-06,52.61371249807337
2021-07-07,52.7565232535133
2021-07-08,52.70717759241336
2021-07-09,53.36344707538468
2021-07-12,53.991752911865184
2021-07-13,53.42593591427688
2021-07-14,53.82435095283523
2021-07-15,54.41715603413012
2021-07-16,54.403350514793296
2021-07-19,53.46236324872815
2021-07-20,54.17302426088989
2021-07-21,53.78283627529191
2021-07-22,53.32469871817151
2021-07-23,53.54753684466324
2021-07-26,53.50822727448938
2021-07-27,53.81302707494279
2021-07-28,53.58088065297253
2021-07-29,53.13148647631224
2021-07-30,55.25311245525711
2021-08-02,55.46595876947333
2021-08-03,55.35477451425738
2021-08-04,54.23008477214901
2021-08-05,54.09923317523568
2021-08-06,54.2662420031836
2021-08-09,53.814817619838365
2021-08-10,52.23130211816193
2021-08-11,52.43693546746388
2021-08-12,52.61003319481891
2021-08-13,52.645431317740126
2021-08-16,52.91628684809688
2021-08-17,52.90990195498078
2021-08-18,52.38077253466876
2021-08-19,52.63929393680428
2021-08-20,52.90697083746575
2021-08-23,52.6709061173873
2021-08-24,52.2955416551322
2021-08-25,51.909733854439786
2021-08-26,51.97568097353916
2021-08-27,52.40098333670191
2021-08-30,52.99459318306365
2021-08-31,53.35578395623239
2021-09-01,54.26476870449841
2021-09-02,54.56947885308124
2021-09-03,54.59497122021975
2021-09-07,53.97423016286602
2021-09-08,54.27606735282955
2021-09-09,53.17349748422132
2021-09-10,52.85165008058167
2021-09-13,53.11698115921269
2021-09-14,52.93529097669025
2021-09-15,53.15449933055629
2021-09-16,53.23960031513914
2021-09-17,52.77408889813643
2021-09-20,52.47669832746696
2021-09-21,52.48334900255546
2021-09-22,52.937841060892886
2021-09-23,52.64401793229076
2021-09-24,52.002449956988336
2021-09-27,51.10448662321214
2021-09-28,50.91151957308629
2021-09-29,51.44313645641125
2021-09-30,50.64238351670025
2021-10-01,51.27425381718662
2021-10-04,51.31567370910009
2021-10-05,50.724976754479215
2021-10-06,51.221185518007566
2021-10-07,51.50730666609471
2021-10-08,50.91218262355758
2021-10-11,51.13512698262966
2021-10-12,51.68357762276905
2021-10-13,51.909244215219786
2021-10-14,52.55548515091869
2021-10-15,52.17567322995092
2021-10-18,52.12850167944555
2021-10-19,52.36723841250947
2021-10-20,53.10439515710637
2021-10-21,53.27203164643269
2021-10-22,53.56084810389361
2021-10-25,53.48658914451937
2021-10-26,53.50369259818211
2021-10-27,52.426588735067625
2021-10-28,52.83434862349916
2021-10-29,51.88532831981048
2021-11-01,51.51553205440904
2021-11-02,51.61915846212946
2021-11-03,51.38179057758719
2021-11-04,50.74628900100914
2021-11-05,50.625683630352
2021-11-08,50.72915051643149
2021-11-09,51.51930517038957
2021-11-10,51.16037333512359
2021-11-11,51.24794244563258
2021-11-12,51.20863727933344
2021-11-15,51.45127209603898
2021-11-16,51.080646100864165
2021-11-17,51.40211358298849
2021-11-18,51.33870828922318
2021-11-19,51.14862076102929
2021-11-22,50.81283908316488
2021-11-23,51.43313180980695
2021-11-24,51.14915014927704
2021-11-26,49.96255920505061
2021-11-29,50.45425510641238
2021-11-30,49.40988974606984
2021-12-01,48.533659521911645
2021-12-02,49.96619646801837
2021-12-03,49.64671759677078
2021-12-06,50.307951964545374
2021-12-07,51.147241333267104
2021-12-08,51.487274160167175
2021-12-09,50.762079143315965
2021-12-10,51.00495662403237
2021-12-13,51.67730708404599
2021-12-14,50.95451029044681
2021-12-15,52.05859693224952
2021-12-16,52.32087142046129
2021-12-17,52.20458432864306
2021-12-20,51.86962794690721
2021-12-21,52.1970772552283
2021-12-22,52.69534514933854
2021-12-23,52.50612490606263
2021-12-27,53.57158330234501
2021-12-28,53.80487814902859
2021-12-29,54.143078719125725
2021-12-30,54.32726863902933
2021-12-31,54.426321438911295
2022-01-03,53.71467440210757
2022-01-04,53.520137418049
2022-01-05,51.52932400589441
2022-01-06,51.58205003955209
2022-01-07,51.24557556401758
2022-01-10,51.01549379090779
2022-01-11,50.87605922397235
2022-01-12,51.10396308460505
2022-01-13,50.934112850972056
2022-01-14,50.32198295867669
2022-01-18,49.89158508932255
2022-01-19,49.19042450809726
2022-01-20,47.883866097477785
2022-01-21,46.99426823541384
2022-01-24,47.4733925983297
2022-01-25,47.23630063055637
2022-01-26,46.13663833982312
2022-01-27,45.2825607658556
2022-01-28,47.05656443715489
2022-01-31,46.90498905183623
2022-02-01,46.32304471312531
2022-02-02,46.774238388123166
2022-02-03,46.13785139055691
2022-02-04,45.50269174767365
2022-02-07,45.63606564374247
2022-02-08,45.44292291795789
2022-02-09,46.197669348277
2022-02-10,45.00521984627009
2022-02-11,44.58241695632084
2022-02-14,44.414674385414976
2022-02-15,44.6045674268097
2022-02-16,44.68075439029874
2022-02-17,44.13112215097267
2022-02-18,43.53634263552776
2022-02-22,44.05718841219116
2022-02-23,43.760793636814334
2022-02-24,44.36576960529514
2022-02-25,45.6800161877378
2022-02-28,44.757144410419
2022-03-01,44.63396154583929
2022-03-02,45.58403509705872
2022-03-03,46.18776483079611
2022-03-04,46.59742064887552
2022-03-07,45.73322858547762
2022-03-08,45.35135191324881
2022-03-09,46.03630236421786
2022-03-10,46.33764323086442
2022-03-11,45.8903572343872
2022-03-14,45.45356112437061
2022-03-15,45.62889074976651
2022-03-16,46.09321127092096
2022-03-17,46.72425466601448
2022-03-18,46.80892434288342
2022-03-21,46.58301589177943
2022-03-22,46.684155953822426
2022-03-23,46.19278896128482
2022-03-24,46.366257355586
2022-03-25,46.81429179772415
2022-03-28,47.43019198207454
2022-03-29,48.7305924716124
2022-03-30,48.41220948873933
2022-03-31,47.52096111659717
2022-04-01,48.4708481267342
2022-04-04,48.97855806739936
2022-04-05,48.97986851487755
2022-04-06,49.7329919336609
2022-04-07,49.36179655530744
2022-04-08,49.5368830729278
2022-04-11,48.86606346123133
2022-04-12,48.68629809054643
2022-04-13,48.73387478288112
2022-04-14,48.45631672016872
2022-04-18,48.302147880038895
2022-04-19,48.27227017321882
2022-04-20,48.84147536192353
2022-04-21,48.86918420689566
2022-04-22,48.035944485033966
2022-04-25,49.15341723960691
2022-04-26,48.30673864877198
2022-04-27,47.99548588129086
2022-04-28,48.62684150232745
2022-04-29,46.05741512758256
2022-05-02,44.573119012058925
2022-05-03,45.07233620602103
2022-05-04,45.233104538679626
2022-05-05,43.63284101414298
2022-05-06,43.02640483926946
2022-05-09,40.94829602204142
2022-05-10,40.14582672913022
2022-05-11,39.65654377338832
2022-05-12,40.01865731125032
2022-05-13,41.02895964408677
2022-05-16,40.64539866533377
2022-05-17,40.93335622082413
2022-05-18,39.72743288008603
2022-05-19,39.65599169756097
2022-05-20,40.1406868280196
2022-05-23,40.64016657010104
2022-05-24,41.14369809902836
2022-05-25,41.42992694945803
2022-05-26,41.34995997087864
2022-05-27,42.492484286096406
2022-05-31,41.92326575203058
2022-06-01,41.330496666912914
2022-06-02,41.98094037628873
2022-06-03,41.503236688068114
2022-06-06,41.38747580352808
2022-06-07,41.91238323264652
2022-06-08,39.173321013581145
2022-06-09,38.2609375521361
2022-06-10,37.354700295131686
2022-06-13,35.524537511454184
2022-06-14,35.142873334124474
2022-06-15,35.942414048145
2022-06-16,35.252227544331575
2022-06-17,35.46443665946134
2022-06-21,36.08358230101612
2022-06-22,36.80391757649494
2022-06-23,37.32309444669124
2022-06-24,38.065640459028856
2022-06-27,37.96358763762951
2022-06-28,37.43244737167107
2022-06-29,37.209191752493794
2022-06-30,37.17104518573809
2022-07-01,37.88782871774357
2022-07-05,37.47743745940603
2022-07-06,37.48298990437367
2022-07-07,37.52560709304456
2022-07-08,37.3175333985405
2022-07-11,37.32065949706929
2022-07-12,37.10355628868881
2022-07-13,36.91554688156442
2022-07-14,36.60395409779814
2022-07-15,37.07319286807768
2022-07-18,36.00669298900104
2022-07-19,37.10852988958512
2022-07-20,36.55511974609983
2022-07-21,36.98762504141602
2022-07-22,37.33796377934917
2022-07-25,37.31802875825825
2022-07-26,37.28831665951466
2022-07-27,37.337636259977295
2022-07-28,38.8847421460305
2022-07-29,39.52757752912938
2022-08-01,39.093230752314575
2022-08-02,38.45316578868846
2022-08-03,38.52412433852759
2022-08-04,38.51407649827122
2022-08-05,38.42087726952735
2022-08-08,38.64730574628094
2022-08-09,38.86287840948005
2022-08-10,39.62318460968243
2022-08-11,39.29800547321735
2022-08-12,39.97651429085491
2022-08-15,40.30132550120903
2022-08-16,40.18279530051654
2022-08-17,40.07112418704762
2022-08-18,39.75543501899029
2022-08-19,39.37505390600477
2022-08-22,38.564714537393066
2022-08-23,37.89328387207741
2022-08-24,38.15081444747988
2022-08-25,38.88459500909256
2022-08-26,37.906318678776366
2022-08-29,37.71044372687179
2022-08-30,37.1611651759127
2022-08-31,37.2477136305564
2022-09-01,37.38346883530317
2022-09-02,36.75093179910444
2022-09-06,37.12038201880346
2022-09-07,37.85551807897889
2022-09-08,37.92514087475966
2022-09-09,38.27952355990643
2022-09-12,38.57525070093709
2022-09-13,37.09235204983696
2022-09-14,36.60912758283266
2022-09-15,35.805681027617126
2022-09-16,35.83585402024751
2022-09-19,36.148648419433655
2022-09-20,35.256265393434354
2022-09-21,34.73270256846651
2022-09-22,34.38539037885353
2022-09-23,33.92667378671767
2022-09-26,33.047333297890205
2022-09-27,32.605367716965404
2022-09-28,33.2171038141102
2022-09-29,32.2866418086043
2022-09-30,32.61133463994812
2022-10-03,33.13108787129541
2022-10-04,34.582945883270526
2022-10-05,33.9171985679801
2022-10-06,32.893887860440046
2022-10-07,32.08630057385513
2022-10-10,31.71020625471808
2022-10-11,32.04270697818221
2022-10-12,31.164123674450984
2022-10-13,31.698342325557476
2022-10-14,30.878865364299664
2022-10-17,32.00065301573282
2022-10-18,32.414416766769484
2022-10-19,32.204230662262454
2022-10-20,32.15558966486182
2022-10-21,31.95909163035438
2022-10-24,31.921634454219515
2022-10-25,33.1387367153677
2022-10-26,32.98862684926706
2022-10-27,32.942099240758665
2022-10-28,34.20678687742886
2022-10-31,34.058436022072584
2022-11-01,33.883406143445214
2022-11-02,33.01488099659549
2022-11-03,32.92506479861593
2022-11-04,33.37559531000709
2022-11-07,33.753421860024915
2022-11-08,34.018950195020274
2022-11-09,33.654980290788565
2022-11-10,36.36278121257868
2022-11-11,36.351639783973454
2022-11-14,35.40518734044927
2022-11-15,35.84280401052683
2022-11-16,35.54768135366817
2022-11-17,35.25504660206684
2022-11-18,35.710685363826265
2022-11-21,35.96693002583155
2022-11-22,36.14498769083159
2022-11-23,36.15864623966703
2022-11-25,36.44847140195529
2022-11-28,35.4280333049754
2022-11-29,36.21038131956371
2022-11-30,37.055209291139015
2022-12-01,36.94006261121663
2022-12-02,36.78817232811488
2022-12-05,36.15766952665914
2022-12-06,35.86480286604102
2022-12-07,35.96450549002845
2022-12-08,36.210709056626456
2022-12-09,36.08702726530159
2022-12-12,36.42491554117989
2022-12-13,37.19038560015414
2022-12-14,36.8593052074102
2022-12-15,36.35189239792186
2022-12-16,35.26163581672184
2022-12-19,34.94084215507434
2022-12-20,34.84901813794892
2022-12-21,35.176502359874625
2022-12-22,35.03672104191049
2022-12-23,35.223435223522834
2022-12-27,35.17683450658439
2022-12-28,34.6163386477453
2022-12-29,35.35909713209881
2022-12-30,35.006901176671384
2023-01-03,35.18016919711443
2023-01-04,36.254230553945554
2023-01-05,35.07001378488603
2023-01-06,36.092059827534136
2023-01-09,36.015503720317575
2023-01-10,36.10428433366179
2023-01-11,37.447010525164586
2023-01-12,37.84777577843722
2023-01-13,37.5840858523644
2023-01-17,37.75793977181595
2023-01-18,37.2084750610011
2023-01-19,37.24410759476678
2023-01-20,37.699781809853626
2023-01-23,37.9207865814624
2023-01-24,38.10354732531149
2023-01-25,38.145856529545725
2023-01-26,38.58078405635239
2023-01-27,38.88023217244761
2023-01-30,38.28446209308139
2023-01-31,38.95848540630181
2023-02-01,39.09966336575354
2023-02-02,39.98347353371653
2023-02-03,39.17809680280332
2023-02-06,38.90715215708841
2023-02-07,38.64934173136443
2023-02-08,38.52775286725769
2023-02-09,38.05170316112637
2023-02-10,37.96074158163773
2023-02-13,38.57236145446457
2023-02-14,38.18304014350223
2023-02-15,38.24447061993369
2023-02-16,37.69525785202863
2023-02-17,37.60817705286748
2023-02-21,37.06062768176587
2023-02-22,36.52929229260512
2023-02-23,36.9649002506893
2023-02-24,36.46418492520412
2023-02-27,36.535128256856495
2023-02-28,36.52206988328114
2023-03-01,35.98717291994849
2023-03-02,36.37413183922771
2023-03-03,37.023958562514174
2023-03-06,37.0346933004742
2023-03-07,36.13033930707575
2023-03-08,36.62724253494071
2023-03-09,35.81970296518021
2023-03-10,34.29277698854048
2023-03-13,34.65098242231813
2023-03-14,34.97615212599425
2023-03-15,35.103418484040084
2023-03-16,35.13356114748492
2023-03-17,34.349444207939136
2023-03-20,34.59740525587875
2023-03-21,35.096092806436026
2023-03-22,33.83824694312583
2023-03-23,33.628793460388074
2023-03-24,34.49802316671522
2023-03-27,34.386636349922696
2023-03-28,34.30227224688932
2023-03-29,35.07461115210536
2023-03-30,35.48356859169935
2023-03-31,36.276883395374085
2023-04-03,35.93820619238898
2023-04-04,35.972528164580865
2023-04-05,35.75842607447821
2023-04-06,36.0194866943224
2023-04-10,36.21738377982091
2023-04-11,36.48656983691096
2023-04-12,36.37883538389808
2023-04-13,36.23187218884708
2023-04-14,35.72453364377189
2023-04-17,36.373944030878704
2023-04-18,35.997392304482524
2023-04-19,36.20163135446006
2023-04-20,35.83388330037681
2023-04-21,35.74118003176674
2023-04-24,35.68401646133149
2023-04-25,35.390076907374414
2023-04-26,34.95863804027613
2023-04-27,35.55975585688982
2023-04-28,36.22200875875492
2023-05-01,35.63213255217626
2023-05-02,34.31927169848619
2023-05-03,33.95071351945488
2023-05-04,34.09706967962024
2023-05-05,34.752492673317334
2023-05-08,34.6063669846071
2023-05-09,34.38215622168494
2023-05-10,34.71790004784595
2023-05-11,34.34109058223876
2023-05-12,34.39238924902086
2023-05-15,34.26523771430096
2023-05-16,33.36972252753251
2023-05-17,33.785523890186056
2023-05-18,33.56181222565088
2023-05-19,33.51286347980556
2023-05-22,33.76742123511815
2023-05-23,33.35771494774862
2023-05-24,32.62620246330087
2023-05-25,32.692119171328635
2023-05-26,33.07195231212908
2023-05-30,33.1633908710255
2023-05-31,33.37208799583271
2023-06-01,33.320918950429544
2023-06-02,34.33056006302156
2023-06-05,34.15941072577559
2023-06-06,34.38615054070911
2023-06-07,34.98855610841506
2023-06-08,34.76970296985612
2023-06-09,34.557161714984346
2023-06-12,34.55625985190803
2023-06-13,34.77193362173564
2023-06-14,34.88361706557933
2023-06-15,35.020133812749265
2023-06-16,34.98084088500819
2023-06-20,35.31367701714426
2023-06-21,35.16524094921844
2023-06-22,34.76863813199429
2023-06-23,34.401632111305055
2023-06-26,35.16300893840911
2023-06-27,35.545115575190835
2023-06-28,35.67029625004378
2023-06-29,35.98061677055993
2023-06-30,36.19450784409275
2023-07-03,36.54182076588419
2023-07-05,36.66628046507884
2023-07-06,36.59314651936849
2023-07-07,36.39281727405877
2023-07-10,36.4928588129508
2023-07-11,36.90961823051339
2023-07-12,37.072902600657
2023-07-13,37.54897431458007
2023-07-14,37.52847904983893
2023-07-17,37.17428170859392
2023-07-18,37.35073366750029
2023-07-19,37.50058929147871
2023-07-20,37.40413525577768
2023-07-21,37.66927712126502
2023-07-24,37.88957610896812
2023-07-25,37.63460888797963
2023-07-26,37.64668788719141
2023-07-27,36.44766528416639
2023-07-28,36.14622799159148
2023-07-31,36.29798460760919
2023-08-01,35.974011015773215
2023-08-02,35.67614701143568
2023-08-03,34.92707941700409
2023-08-04,34.843991632064515
2023-08-07,35.39889401833841
2023-08-08,35.201481053725566
2023-08-09,35.20503704188751
2023-08-10,35.17925517611318
2023-08-11,35.245212928546664
2023-08-14,34.962949766438705
2023-08-15,34.60285713107126
2023-08-16,34.35054781677213
2023-08-17,34.09467041726452
2023-08-18,34.18984330359838
2023-08-21,33.943128654745266
2023-08-22,34.03960446844763
2023-08-23,34.51954222942917
2023-08-24,34.37808247011677
2023-08-25,34.56497423278215
2023-08-28,34.90073813050866
2023-08-29,35.49368277398928
2023-08-30,35.45788799898949
2023-08-31,35.18904962171862
2023-09-01,35.16341798508721
2023-09-05,34.80670845778631
2023-09-06,34.723762567307034
2023-09-07,34.95904668847855
2023-09-08,34.74050313519705
2023-09-11,34.6802960563721
2023-09-12,34.66818770867213
2023-09-13,34.31058648703697
2023-09-14,34.9541046444737
2023-09-15,34.81143958483839
2023-09-18,34.510380423210975
2023-09-19,34.336709281187034
2023-09-20,34.38594051485373
2023-09-21,33.2051117569395
2023-09-22,32.96726247992479
2023-09-25,32.94029088316692
2023-09-26,32.34987173913263
2023-09-27,32.14357271877567
2023-09-28,32.43731650792349
2023-09-29,32.60832477338268
2023-10-02,32.12732604102239
2023-10-03,31.517506861707503
2023-10-04,31.982423161604345
2023-10-05,32.225814839672275
2023-10-06,32.335789082443114
2023-10-09,32.7452787132447
2023-10-10,32.863950943579546
2023-10-11,33.54182162300011
2023-10-12,33.10437437881619
2023-10-13,32.95427023957724
2023-10-16,33.35333096814653
2023-10-17,32.96422348356452
2023-10-18,32.47157338798011
2023-10-19,31.75402770024932
2023-10-20,31.60243387980467
2023-10-23,31.306182203126948
2023-10-24,31.73283789367941
2023-10-25,31.05322821215089
2023-10-26,31.5931756059536
2023-10-27,31.160116065775757
2023-10-30,31.219431453642045
2023-10-31,31.850638151295517
2023-11-01,30.747438444061743
2023-11-02,31.73594929626754
2023-11-03,32.531402887998624
2023-11-06,32.165917274614515
2023-11-07,31.70410333931841
2023-11-08,31.90122955214729
2023-11-09,31.39530690837257
2023-11-10,31.924664332346424
2023-11-13,31.74423326149039
2023-11-14,33.84154406327356
2023-11-15,33.86891402110016
2023-11-16,33.81113947229404
2023-11-17,33.77473243129389
2023-11-20,34.01652001411365
2023-11-21,34.00116502405297
2023-11-22,34.12735463628223
2023-11-24,34.2510866402533
2023-11-27,34.43619196341295
2023-11-28,34.61846471057827
2023-11-29,34.87417503561844
2023-11-30,35.175080480009306
2023-12-01,35.85905356497951
2023-12-04,36.074415814521835
2023-12-05,35.78618445578376
2023-12-06,35.78736383201047
2023-12-07,35.80176964011577
2023-12-08,35.64392246556443
2023-12-11,35.78019322271786
2023-12-12,36.18628331635184
2023-12-13,37.64512222338218
2023-12-14,38.717928996958996
2023-12-15,38.10565788851548
2023-12-18,38.037148006080216
2023-12-19,38.300042285777245
2023-12-20,37.8433562617397
2023-12-21,38.10695145633119
2023-12-22,38.18604919223566
2023-12-26,38.48856686023161
2023-12-27,38.67161378417497
2023-12-28,38.861993641150534
2023-12-29,38.18752474261244
2024-01-02,38.624015736990266
2024-01-03,37.65035495162555
2024-01-04,37.51449356848198
2024-01-05,37.519244465215344
2024-01-08,37.9918644667981
2024-01-09,37.64494559816422
2024-01-10,37.75122566170046
2024-01-11,37.331272639060764
2024-01-12,37.687582851054536
2024-01-16,37.467349850320325
2024-01-17,36.490212341300825
2024-01-18,36.51672294963526
2024-01-19,36.865367628905574
2024-01-22,36.923956080582784
2024-01-23,36.716489133988794
2024-01-24,36.39829951229643
2024-01-25,36.734323562410935
2024-01-26,36.618994768840196
2024-01-29,36.85998325308965
2024-01-30,36.414062619183845
2024-01-31,36.25749405660128
2024-02-01,37.00289152742814
2024-02-02,36.587573587590754
2024-02-05,35.40962334749714
2024-02-06,36.20124434307456
2024-02-07,36.09743080482725
2024-02-08,36.117607252391494
2024-02-12,36.357511701383906
2024-02-13,35.69841873889464
2024-02-14,35.87714222320275
2024-02-15,36.21269419159752
2024-02-16,38.42946592966647
2024-02-20,38.7785983390654
2024-02-21,38.94258664666457
2024-02-22,39.005684037696696
2024-02-23,39.044632895699095
2024-02-26,38.51676348776945
2024-02-27,36.905896861973666
2024-02-28,37.23498729891509
2024-02-29,37.616780879103636
2024-03-01,37.755206894433684
2024-03-04,38.22690750691518
2024-03-05,37.685339366412485
2024-03-06,37.88126906749601
2024-03-07,38.09709024031397
2024-03-08,38.606283382551005
2024-03-11,38.5329939048883
2024-03-12,38.38640129203586
2024-03-13,38.26903749550226
2024-03-14,37.60715632839923
2024-03-15,37.56801433072981
2024-03-18,37.62690886951955
2024-03-19,37.71109271043564
2024-03-20,37.85064567726337
2024-03-21,38.05516082599188
2024-03-22,37.55419810315655
2024-03-25,37.35302409881381
2024-03-26,37.14571361704237
2024-03-27,38.039244011637436
2024-03-28,38.38711659167172
2024-04-01,37.89099004804218
2024-04-02,37.460956603542066
2024-04-03,37.473961387704605
2024-04-04,37.192334251498046
2024-04-05,37.42704940267394
2024-04-08,37.70504622403421
2024-04-09,38.177636868372375
2024-04-10,36.53554133089539
2024-04-11,36.60957381802044
2024-04-12,36.28011165834724
2024-04-15,35.6571317671778
2024-04-16,35.1100108916042
2024-04-17,34.571505197099285
2024-04-18,34.5784683100771
2024-04-19,34.72887436536502
2024-04-22,34.99081891388601
2024-04-23,35.167604549179075
2024-04-24,35.31889946847524
2024-04-25,35.14846387731697
2024-04-26,34.86624080657782
2024-04-29,34.69545347778681
2024-04-30,34.30958637275182
2024-05-01,34.447973452521644
2024-05-02,34.76506748505097
2024-05-03,34.581255773309046
2024-05-06,34.49660462915106
2024-05-07,34.87617426615447
2024-05-08,34.552572328259544
2024-05-09,35.40879226236934
2024-05-10,35.47518242703631
2024-05-13,35.37668472757631
2024-05-14,35.17753280839906
2024-05-15,35.7937359022098
2024-05-16,35.87752526187692
2024-05-17,35.87479360621197
2024-05-20,35.635822891265576
2024-05-21,35.62343691300767
2024-05-22,35.315506912595815
2024-05-23,34.55326341352457
2024-05-24,34.57254018115237
2024-05-28,34.31714896418561
2024-05-29,34.00151614827122
2024-05-30,34.5708617547916
2024-05-31,35.58237887791104
2024-06-03,35.46142421404217
2024-06-04,35.79687726770304
2024-06-05,35.70592553828952
2024-06-06,35.80754989447304
2024-06-07,35.498904475565084
2024-06-10,35.32766667310755
2024-06-11,35.26531877763825
2024-06-12,35.584129599850414
2024-06-13,35.8137480175989
2024-06-14,35.826216621054044
2024-06-17,35.57179544160817
2024-06-18,35.709337212852866
2024-06-20,35.69041260869163
2024-06-21,35.80607667059145
2024-06-24,36.053985232165005
2024-06-25,35.54697693965013
2024-06-26,35.540465152645204
2024-06-27,35.86215181804097
2024-06-28,36.094678975632704
2024-07-01,35.599564040346976
2024-07-02,35.84298835187928
2024-07-03,35.84578362416033
2024-07-05,35.936201583433835
2024-07-08,36.04619860313704
2024-07-09,36.12210082359003
2024-07-10,36.376947586787416
2024-07-11,37.504245432777715
2024-07-12,37.76172999808788
2024-07-15,37.89321264956185
2024-07-16,38.313337838940335
2024-07-17,38.22622724429201
2024-07-18,37.93465225580416
2024-07-19,37.93800730454237
2024-07-22,38.34370245409072
2024-07-23,38.19026026277615
2024-07-24,37.62868674665375
2024-07-25,37.060316709401995
2024-07-26,37.758488342877136
2024-07-29,38.06232685870815
2024-07-30,38.28051147105374
2024-07-31,37.94790250719422
2024-08-01,38.760984876286
2024-08-02,38.81726591450492
2024-08-05,37.443633774212124
2024-08-06,38.50143678370554
2024-08-07,38.176127583977824
2024-08-08,38.5143823286345
2024-08-09,38.706233091903464
2024-08-12,38.81759561847725
2024-08-13,39.029863055426986
2024-08-14,39.104608705921414
2024-08-15,39.02524517975427
2024-08-16,38.96732311561544
2024-08-19,39.26824618471579
2024-08-20,39.167915459872184
2024-08-21,39.3851410428156
2024-08-22,39.57141366877048
2024-08-23,40.363052837951244
2024-08-26,40.36640689702565
2024-08-27,40.46999961824136
2024-08-28,40.312059474478744
2024-08-29,40.15645833441566
2024-08-30,40.68782370758466
2024-09-03,40.66469434294835
2024-09-04,40.79131789332653
2024-09-05,40.63076631327179
2024-09-06,40.607884458398466
2024-09-09,41.09828024414529
2024-09-10,41.72469408680257
2024-09-11,41.68707259471516
2024-09-12,41.76015575730309
2024-09-13,42.07061694992679
2024-09-16,42.47797096640132
2024-09-17,42.09527896539259
2024-09-18,41.91799093666274
2024-09-19,41.90814643066826
2024-09-20,41.86836555560268
2024-09-23,41.84004357694498
2024-09-24,42.12302549955147
2024-09-25,41.87558304104187
2024-09-26,41.56242113812419
2024-09-27,41.6446013160471
2024-09-30,41.9877817018357
2024-10-01,41.70600694975211
2024-10-02,41.56042602268911
2024-10-03,41.11638524817902
2024-10-04,40.8724103648523
2024-10-07,40.583404478034645
2024-10-08,40.661157020042026
2024-10-09,40.66423115415244
2024-10-10,40.60147372409407
2024-10-11,41.08172670219802
2024-10-14,41.35759516557677
2024-10-15,41.81425023178181
2024-10-16,42.220433866091824
2024-10-17,42.2298270063425
2024-10-18,42.54234401063615
2024-10-21,41.44700776874911
2024-10-22,41.45274226690665
2024-10-23,41.99144184457459
2024-10-24,41.66796830428297
2024-10-25,40.628033582921034
2024-10-28,40.73745649191197
2024-10-29,40.221426748341365
2024-10-30,40.48544937655022
2024-10-31,39.462557575625986
2024-11-01,38.85497649706514
2024-11-04,39.193836249246864
2024-11-05,39.76163782535633
2024-11-06,38.48998852067159
2024-11-07,38.923878826412306
2024-11-08,39.85230864567619
2024-11-11,39.5260351762969
2024-11-12,38.982250279446774
2024-11-13,39.29102259316086
2024-11-14,39.12257224240784
2024-11-15,39.32042661742957
2024-11-18,39.65483177916664
2024-11-19,39.792365703465194
2024-11-20,39.666458646985184
2024-11-21,39.9866144352906
2024-11-22,40.30771073768827
2024-11-25,40.808042870683074
2024-11-26,40.948660295649375
2024-11-27,41.27837675027839
2024-11-29,41.07462014472658
2024-12-02,40.55487218688031
2024-12-03,40.15317143643782
2024-12-04,40.09073012570239
2024-12-05,40.11830085989217
2024-12-06,40.06424713754916
2024-12-09,40.21599624543129
2024-12-10,39.56561609595658
2024-12-11,39.43064038725148
2024-12-13,39.355694549063536
2024-12-16,39.11889102587193
2024-12-17,38.70173455649644
2024-12-18,37.11668681456142
2024-12-19,37.152565039081644
2024-12-20,37.31935593504137
2024-12-23,37.39925992017012
2024-12-24,37.678353062706606
2024-12-26,37.81486558202222
2024-12-27,37.446656345084314
2024-12-30,37.32296445178445
2024-12-31,37.638205284545016
2025-01-02,37.20845177489382
2025-01-03,37.701987766361285
2025-01-06,37.2861599222462
2025-01-07,36.95934880899175
2025-01-08,37.064888691425715
2025-01-10,36.19165312627727
2025-01-13,36.672825850037796
2025-01-14,36.812083987587954
2025-01-15,36.908151250443275
2025-01-16,37.765464124163586
2025-01-17,37.79716012940807
2025-01-21,38.40271106330956
2025-01-22,37.66936525863795
2025-01-23,37.87351108474747
2025-01-24,38.032884615747456
2025-01-27,39.055408193895424
2025-01-28,38.136615821980044
2025-01-29,37.6488001632229
2025-01-30,37.95646771753065
2025-01-31,38.009870832600434
2025-02-03,38.001927952132355
2025-02-04,38.0005239548871
2025-02-05,38.317590936534735
2025-02-06,38.722257205423574
2025-02-07,38.611894861108134
2025-02-10,38.766928552092004
2025-02-11,38.93904293522635
2025-02-12,38.43014274987703
2025-02-13,38.64688974238678
2025-02-14,38.00992581462481
2025-02-18,38.0684113152655
2025-02-19,38.16745406942003
2025-02-20,38.61659856845367
2025-02-21,38.42466661436319
2025-02-24,37.76952498832295
2025-02-25,39.128045090697285
2025-02-26,38.76686697537838
2025-02-27,38.98619643407644
2025-02-28,39.32539575422539
2025-03-03,39.66382204843602
2025-03-04,39.159515366605326
2025-03-05,39.612910804384924
2025-03-06,38.61520387527132
2025-03-07,38.93916139299826
2025-03-10,38.565045925422034
2025-03-11,38.21052670774791
2025-03-12,38.02087540919589
2025-03-13,37.11186129508887
2025-03-14,37.85238878203029
2025-03-17,38.53400795518744
2025-03-18,39.08611155153211
2025-03-19,39.10788175362192
2025-03-20,39.066343214521126
2025-03-21,38.59606394407072
2025-03-24,39.19757139762322
2025-03-25,38.76150308277176
2025-03-26,38.98712942914972
2025-03-27,38.90021401863592
2025-03-28,38.862957879479794
2025-03-31,39.29956420334702
2025-04-01,39.313386499598785
2025-04-02,39.511393676307186
2025-04-03,38.097327474961276
2025-04-04,36.464327955302885
2025-04-07,35.69865617020102
2025-04-08,34.80705134302751
2025-04-09,36.9246172242369
2025-04-10,35.92499271299822
2025-04-11,36.25766036517883
2025-04-14,37.01046697544974
2025-04-15,37.05759028243151
2025-04-16,36.85378161803844
2025-04-17,37.44680069108693
2025-04-21,36.70185002665752
2025-04-22,37.27721017662224
2025-04-23,37.334659798928286
2025-04-24,37.62559241939994
2025-04-25,37.61211759296398
2025-04-28,38.06540874033395
2025-04-29,38.07147850369875
2025-04-30,38.45691305849233
2025-05-01,37.14883496972573
2025-05-02,37.819189969578254
2025-05-05,37.607358103766074
2025-05-06,37.416055688396405
2025-05-07,37.439801903381635
2025-05-08,37.27743212530562
2025-05-09,37.3593876035311
2025-05-12,37.429334568470026
2025-05-13,36.924633776884356
2025-05-14,36.66057873871459
2025-05-15,37.25332635198281
2025-05-16,38.423803219807915
2025-05-19,37.760117007564396
2025-05-20,37.5260303667069
2025-05-21,36.538367954207786
2025-05-22,36.40612812362037
2025-05-23,36.44208721799945
2025-05-27,37.687522553461875
2025-05-28,37.71589706669716
2025-05-29,38.03188321694333
2025-05-30,38.091997091280916
2025-06-02,38.104269096509675
2025-06-03,37.96292327851865
2025-06-04,38.04399763674109
2025-06-05,38.059795317585184
2025-06-06,38.177649574374044
2025-06-09,38.26359418586795
2025-06-10,38.51375281381198
2025-06-11,38.28986443067094
2025-06-12,38.45302215953453
2025-06-13,38.056509495929106
2025-06-16,38.144786977027394
2025-06-17,37.89417361747928
2025-06-18,37.92034447381602
2025-06-20,37.945489794845635
2025-06-23,38.517233949722595
2025-06-24,38.72109438736592
2025-06-25,37.80755996162375
2025-06-26,37.64023744089963
2025-06-27,37.69244395250574
2025-06-30,37.631632571947755
2025-07-01,38.03811064916429
2025-07-02,37.996278847905906
2025-07-03,37.95236844142074
2025-07-07,37.55768748505662
2025-07-08,37.64314197180197
2025-07-09,37.586454021308505
2025-07-10,37.82167782979548
2025-07-11,37.705717085953616
2025-07-14,38.01870016069768
2025-07-15,37.56766815330118
2025-07-16,37.93076489265391
2025-07-17,37.826108443750144
2025-07-18,37.177894967878345
2025-07-21,37.30194557450299
2025-07-22,38.07382385853661
2025-07-23,38.05728647426781
2025-07-24,37.878099173982314
2025-07-25,37.71272862448919
2025-07-28,36.993970605170816
2025-07-29,37.44635633599686
2025-07-30,36.8836050953154
2025-07-31,36.17495215521305
2025-08-01,36.15296203284044
2025-08-04,36.18016952680815
2025-08-05,36.380623958324676
2025-08-06,36.09217453495489
2025-08-07,36.150973612203124
2025-08-08,35.97406341466014
2025-08-11,35.726914550901235
2025-08-12,35.87009240028027
2025-08-13,36.12455133193421
2025-08-14,35.708072077440406
2025-08-15,35.85301906866829
2025-08-18,35.42753093847683
2025-08-19,36.07981629827835
2025-08-20,37.28887187016188
2025-08-21,37.13714971162128
2025-08-22,37.828408026129026
2025-08-25,37.566689316241096
2025-08-26,37.402477725567145
2025-08-27,37.580276969970356
2025-08-28,37.526306168746274
2025-08-29,37.892772424283436
2025-09-02,37.13058245558254
2025-09-03,37.01381345659662
2025-09-04,37.20383933876944
2025-09-05,37.584269806943034
2025-09-08,37.24111991780127
2025-09-09,37.15996103171419
2025-09-10,37.15950024274867
2025-09-11,37.91198381153736
2025-09-12,37.712484900091
2025-09-15,37.543227232150805
2025-09-16,37.43613508522904
2025-09-17,37.436900863932394
2025-09-18,37.3166688665804
2025-09-19,36.88909085752871
2025-09-22,36.896763555527286
2025-09-23,36.98560777952856
2025-09-24,36.6310210722021
2025-09-25,36.560708623184986
2025-09-26,36.89943495662004
2025-09-29,37.2095059899084
2025-09-30,37.2462957633952
2025-10-01,37.327579879953255
2025-10-02,36.95971682014203
2025-10-03,37.08129854486346
2025-10-06,36.630081937333586
2025-10-07,36.60984589138498
2025-10-08,36.4475972280885
2025-10-09,36.32300264411307
2025-10-10,36.00442726411861
2025-10-13,36.27285945868549
2025-10-14,36.66477255098759
2025-10-15,37.15745093246446
2025-10-16,37.02377342228155
2025-10-17,37.714991231301575
2025-10-20,38.05952936733709
2025-10-21,37.9782512692235
2025-10-22,38.13058028706358
2025-10-23,37.67703816567238
2025-10-24,36.977689630394295
2025-10-27,36.947023318071466
2025-10-28,36.439517667160004
2025-10-29,35.455867674162086
2025-10-30,34.98757939418349
2025-10-31,34.88866386490337
2025-11-03,35.350374724625055
2025-11-04,35.16968316465137
2025-11-05,35.09543038202018
2025-11-06,34.90033083298194
2025-11-07,35.43625558578845
2025-11-10,35.36689836560524
2025-11-11,35.84844250927481
2025-11-12,35.535190593990514
2025-11-13,35.04624645552236
2025-11-14,35.17045830063708
2025-11-17,34.92183998605968
2025-11-18,35.130954886730464
2025-11-19,34.91039873240251
2025-11-20,34.566926231473126
2025-11-21,35.06417121020491
2025-11-24,35.07504949444827
2025-11-25,35.43041589453718
2025-11-26,35.61475993686411
2025-11-28,35.70463314330926
2025-12-01,35.21915106327684
2025-12-02,35.159310866124606
2025-12-03,35.255889446004566
2025-12-04,35.14195875849072
2025-12-05,35.05835719918495
2025-12-08,34.946508011306584
2025-12-09,34.73475040326279
2025-12-10,34.81349115879445
2025-12-11,35.071229923636785
2025-12-12,34.92919938854504
2025-12-15,34.93496372909499
2025-12-16,34.57914714123858
2025-12-17,34.72307257009757
2025-12-18,34.47314322682619
2025-12-19,34.37411884209053
2025-12-22,34.672418892939426
2025-12-23,34.507602627110444
2025-12-24,34.745704334923246
2025-12-29,34.85706768366854
2025-12-30,34.8741328914186
2025-12-31,34.604842717571195
2026-01-01,34.604842717571195
2026-01-02,34.586388731121275
2026-01-05,34.69416250647064
2026-01-06,34.91617525525328
2026-01-07,34.404562929432046
2026-01-08,34.7581155890967
2026-01-09,34.96709664796561
2026-01-12,35.15003934132435
2026-01-13,35.335429964985885
2026-01-14,35.81306654092648
2026-01-15,36.23288725157984
2026-01-16,36.61517501288886
2026-01-20,35.72163131497032
2026-01-21,35.91855417371742
2026-01-22,35.721780468159565
2026-01-23,35.81640787657401
2026-01-26,35.801994983968264
2026-01-27,35.73910217082089
2026-01-28,35.33286485480417
2026-01-29,35.634540119543175
2026-01-30,35.7242972129992
2026-02-02,35.210643164264845
2026-02-03,35.172176587711554
2026-02-04,35.88735317577417
2026-02-05,35.32035859177739
2026-02-06,36.34840865025268
2026-02-09,36.652464543568435
2026-02-10,36.91100796832372
2026-02-11,36.79167510444299
2026-02-12,36.45571133134397
2026-02-13,37.055808057364374
2026-02-17,37.59054623895552
2026-02-18,37.19664949641324
2026-02-19,36.90073863701277
2026-02-20,36.84023482319267
2026-02-23,36.742885254137875
2026-02-24,36.79644174802695
2026-02-25,36.47406252379817
2026-02-26,37.00809729642255
2026-02-27,37.436905603615855
2026-03-02,37.39918706592966
2026-03-03,37.2232682363164
2026-03-04,37.285520752722924
2026-03-05,36.94110198465411
2026-03-06,36.600722512702795
2026-03-09,36.653584091009826
2026-03-10,36.59788611824603
2026-03-11,36.10712346579793
2026-03-12,35.965686056826506
2026-03-13,36.077809820544005
2026-03-16,36.204201118023754
2026-03-17,36.302059212662286
2026-03-18,35.78774280479281
2026-03-19,35.72585755825265
2026-03-20,34.627196987911056
2026-03-23,34.89653493343793
2026-03-24,34.12481339974397
2026-03-25,34.147873987455455
2026-03-26,34.266145925982705
2026-03-27,33.91341630879041
2026-03-30,34.24001343283069
2026-03-31,34.637631959966264
2026-04-01,34.7010219173071
2026-04-02,35.35579478193369
2026-04-06,35.4824129886085
2026-04-07,35.40358791463887
2026-04-08,36.005587851935196
2026-04-09,36.30022605125513
2026-04-10,36.343835715613835
2026-04-13,36.60027561123236
2026-04-14,36.799433815945115
2026-04-15,36.80056209799122
2026-04-16,36.8868499193126
2026-04-17,37.7210505430903
2026-04-20,37.487874264888205
2026-04-21,36.833552465922146
2026-04-22,36.67958694048278
2026-04-23,36.962852924618225
2026-04-24,36.77870933636663
2026-04-27,36.66952280271706
2026-04-28,36.794792926633704
2026-04-29,36.514823877267624
2026-04-30,36.79600080269949
2026-05-01,36.901290571874874
2026-05-04,36.422677978791185
2026-05-05,36.64667543363987
2026-05-06,37.150223751324546
2026-05-07,37.07309267830151
2026-05-08,36.83160205548851
2026-05-11,36.807206810737576
2026-05-12,36.83239480475255
2026-05-13,36.40755846805579
2026-05-14,36.46792138451821
2026-05-15,35.81619305825368
2026-05-18,36.26601655998515
2026-05-19,36.482638951662096
2026-05-20,36.93125211313589
2026-05-21,37.17127492343478
2026-05-22,37.261728419091526
2026-05-26,37.332108128011605
2026-05-27,37.377020470651786
2026-05-28,37.136128129313185
2026-05-29,36.82806656801246
2026-06-01,36.29896353817702
2026-06-02,36.32352928632782
2026-06-03,36.285163166710625
2026-06-04,37.070602053399405
2026-06-05,37.30226335842602
2026-06-08,36.78214918336818
2026-06-09,37.42720200718472
2026-06-10,37.46234540934842
2026-06-11,37.27111122027711
2026-06-12,37.63834833061483
2026-06-15,37.17581628694499
2026-06-16,37.19130892317136
2026-06-17,36.35528743924001
2026-06-18,36.11748876491698
2026-06-22,36.11748876491698
2026-06-23,37.40524406891223
2026-06-24,37.16576412198214
2026-06-25,37.13787235992778
2026-06-26,37.88415176210179
2026-06-29,37.57994176434984
2026-06-30,36.81367765033858
2026-07-01,36.987854457613544
2026-07-02,37.436305504048995
2026-07-06,37.05872357157281
2026-07-07,37.60506636763618
2026-07-08,36.96184171992787
2026-07-09,37.085667300594125
2026-07-10,37.27785283314115
2026-07-13,37.44864063068173
2026-07-14,37.363655180974995
2026-07-15,37.70729549202423
2026-07-16,38.182286119435894
2026-07-17,38.16055992863578
2026-07-20,37.922844471854646
2026-07-21,37.66919819605035
2026-07-22,37.56976457832816
2026-07-23,37.36819330803788
2026-07-24,38.23973884319917
2026-07-27,38.38997562375904
2026-07-28,38.43575667554804
2026-07-29,38.21321764383603
2026-07-30,37.4619172844006
2026-07-31,37.2720501759266
2026-08-03,37.64724339385371
2026-08-04,37.38969849904253
2026-08-05,37.14486722352314
2026-08-06,37.12783241247803
2026-08-07,37.21556948587199
2026-08-10,36.70080090928643
2026-08-11,36.63843384584775
2026-08-12,36.59128117958996
2026-08-13,37.28797239213706
2026-08-14,37.31304531134011
2026-08-17,36.926755172241194
2026-08-18,37.01267449134253
2026-08-19,36.211397623868535
2026-08-20,35.56272803990676
2026-08-21,34.95770325412872
