date,S&P 500,Information Technology,Communication Services,Consumer Discretionary,Financials,Industrials,Utilities,Energy,Real Estate,Materials,Consumer Staples,Health Care
1999-07-01,,,,,16.58,,,,,,,
1999-08-01,,,,,15.42,,,,,,,
1999-09-01,,,,,14.55,,,,,,,
1999-10-01,,,,,14.18,,,,,,,
1999-11-01,,,,,15.73,,,,,,,
1999-12-01,,,,,14.73,,,,,,,
2000-01-01,,,,,14.01,,,,,,,
2000-02-01,,,,,13.12,,,,,,,
2000-03-01,,,,,13.7,,,,,,,
2000-04-01,,,,,14.74,,,,,,,
2000-05-01,,,,,14.68,,,,,,,
2000-06-01,,,,,15.24,,,,,,,
2000-07-01,,,,,15.3,,,,,,,
2000-08-01,,,,,16.58,,,,,,,
2000-09-01,,,,,17.21,,,,,,,
2000-10-01,,,,,16.84,,,,,,,
2000-11-01,,,,,16.84,,,,,,,
2000-12-01,,,,,17.43,,,,,,,
2001-01-01,,,,,17.99,,,,,,,
2001-02-01,,,,,17.74,,,,,,,
2001-03-01,,,,,16.35,,,,,,,
2001-04-01,,,,,16.33,,,,,,,
2001-05-01,,,,,17.31,,,,,,,
2001-06-01,,,,,17.34,,,,,,,
2001-07-01,,,,,16.86,,,,,,,
2001-08-01,,,,,16.52,,,,,,,
2001-09-01,,,,,14.67,,,,,,,
2001-10-01,,,,,14.68,,,,,,,
2001-11-01,,,,,15.37,,,,,,,
2001-12-01,,,,,15.49,,,,,,,
2002-01-01,,,,,15.26,,,,,,,
2002-02-01,,,,,14.54,,,,,,,
2002-03-01,,,,,15.7,,,,,,,
2002-04-01,,,,,15.51,,,,,,,
2002-05-01,,,,,15.29,,,,,,,
2002-06-01,,,,,14.53,,,,,,,
2002-07-01,,,,,12.96,,,,,,,
2002-08-01,,,,,13.16,,,,,,,
2002-09-01,,,,,12.4,,,,,,,
2002-10-01,,,,,11.7,,,,,,,
2002-11-01,,,,,12.52,,,,,,,
2002-12-01,,,,,12.35,,,,,,,
2003-01-01,,,,,11.83,,,,,,,
2003-02-01,,,,,10.87,,,,,,,
2003-03-01,,,,,10.88,,,,,,,
2003-04-01,,,,,11.15,,,,,,,
2003-05-01,,,,,11.73,,,,,,,
2003-06-01,,,,,12.43,,,,,,,
2003-07-01,,,,,12.15,,,,,,,
2003-08-01,,,,,12.02,,,,,,,
2003-09-01,,,,,12.19,,,,,,,
2003-10-01,,,,,12.36,,,,,,,
2003-11-01,,,,,12.44,,,,,,,
2003-12-01,,,,,12.7,,,,,,,
2004-01-01,,,,,13.01,,,,,,,
2004-02-01,,,,,13.38,,,,,,,
2004-03-01,,,,,13.35,,,,,,,
2004-04-01,,,,,12.87,,,,,,,
2004-05-01,,,,,12.4,,,,,,,
2004-06-01,,,,,12.7,,,,,,,
2004-07-01,,,,,12.18,,,,,,,
2004-08-01,,,,,12.23,,,,,,,
2004-09-01,,,,,12.58,,,,,,,
2004-10-01,,,,,12.29,,,,,,,
2004-11-01,,,,,12.74,,,,,,,
2004-12-01,,,,,13.09,,,,,,,
2005-01-01,,,,,12.87,,,,,,,
2005-02-01,,,,,12.95,,,,,,,
2005-03-01,,,,,12.56,,,,,,,
2005-04-01,,,,,11.94,,,,,,,
2005-05-01,,,,,12.26,,,,,,,
2005-06-01,,,,,12.47,,,,,,,
2005-07-01,,,,,12.43,,,,,,,
2005-08-01,,,,,12.27,,,,,,,
2005-09-01,,,,,12.23,,,,,,,
2005-10-01,,,,,11.77,,,,,,,
2005-11-01,,,,,12.61,,,,,,,
2005-12-01,,,,,12.8,,,,,,,
2006-01-01,,,,,12.42,,,,,,,
2006-02-01,,,,,12.42,,,,,,,
2006-03-01,,,,,12.64,,,,,,,
2006-04-01,,,,,12.36,,,,,,,
2006-05-01,,,,,12.44,,,,,,,
2006-06-01,,,,,12.08,,,,,,,
2006-07-01,,,,,11.87,,,,,,,
2006-08-01,,,,,12.12,,,,,,,
2006-09-01,,,,,12.45,,,,,,,
2006-10-01,,,,,12.91,,,,,,,
2006-11-01,,,,,13.05,,,,,,,
2006-12-01,,,,,13.35,,,,,,,
2007-01-01,,,,,15.94,,,,,,,
2007-02-01,,,,,16.12,,,,,,,
2007-03-01,,,,,15.36,,,,,,,
2007-04-01,,,,,23.29,,,,,,,
2007-05-01,,,,,24.05,,,,,,,
2007-06-01,,,,,23.69,,,,,,,
2007-07-01,,,,,46.35,,,,,,,
2007-08-01,,,,,43.62,,,,,,,
2007-09-01,,,,,44.01,,,,,,,
2007-10-01,,,,,-120.26,,,,,,,
2007-11-01,,,,,-105.71,,,,,,,
2007-12-01,,,,,-104.42,,,,,,,
2008-01-01,27.85,22.99,18.76,46.24,-17.37,15.66,17.07,10.97,74.6,30.43,16.85,16.53
2008-02-01,27.37,21.69,17.55,47.87,-17.17,15.78,16.29,10.86,76.77,31.32,16.57,15.83
2008-03-01,26.6,21.55,16.84,46.04,-15.84,15.66,15.69,10.96,78.05,30.93,16.65,14.94
2008-04-01,31.87,24.95,17.96,82.11,-17.56,17.86,16.92,15.44,106.49,57.51,17.12,14.75
2008-05-01,32.63,26.45,18.9,84.35,-17.41,18.07,17.28,16.29,107.38,59.24,17.1,14.78
2008-06-01,31.19,25.91,17.67,79.27,-15.21,16.94,17.37,16.36,101.14,58.75,16.75,14.41
2008-07-01,31.6,25.73,17.05,53.41,-15.21,17.88,16.94,19.56,257.82,156.07,16.09,14.48
2008-08-01,32.21,26.77,16.8,57.37,-15.8,18.48,16.02,18.13,266.94,152.07,16.85,15.2
2008-09-01,30.59,24.16,16.15,56.88,-15.54,17.34,15.03,16.92,265.23,141.42,16.77,14.52
2008-10-01,24.46,18.92,13.7,28.16,-19.29,15.16,12.62,25.38,750.74,378.56,14.41,12.13
2008-11-01,22.29,16.65,13.95,24.79,-15.42,13.79,12.53,24.99,559.35,329.06,13.89,11.41
2008-12-01,22.16,16.53,14.64,26.21,-14.71,13.67,12.44,24.39,558.31,323.23,13.7,11.46
2009-01-01,15.22,13.28,14.48,14.92,31.9,13.82,12.86,22.22,69.72,19.21,12.99,11.58
2009-02-01,14.16,13.14,13.61,13.45,25.99,12.01,12.23,20.92,57.2,17.82,12.12,11.52
2009-03-01,13.32,12.92,13.7,13.12,24.51,10.66,10.79,19.4,49.48,17.5,11.61,10.29
2009-04-01,12.83,12.88,14.74,11.75,18.33,12.14,10.87,14.01,90.85,15.59,11.91,10.44
2009-05-01,13.65,13.35,14.46,12.38,21.11,13.2,11.14,15.09,100.33,17.15,12.38,10.89
2009-06-01,14,14.22,14.34,12.57,21.42,13.35,11.56,15.45,101.73,17.36,12.72,11.12
2009-07-01,12.78,13.14,14.11,11.25,15.6,12.36,11.76,12.43,60.63,14.42,12.91,11.29
2009-08-01,13.79,14.04,14.46,12.4,18.42,13.77,12.12,13.1,73.02,16.25,13.26,11.88
2009-09-01,14.27,14.59,14.61,12.86,19.06,14.6,12.18,13.55,77.65,16.82,13.62,12.09
2009-10-01,13.51,13.71,14.21,12.5,15.56,13.36,11.92,13.28,61.2,15.64,13.99,11.91
2009-11-01,13.77,14.16,14.53,12.87,15.19,13.75,11.9,13.49,62.84,16.06,14.38,12.39
2009-12-01,14.06,14.62,15.51,13.36,14.98,14.14,12.7,13.23,67.62,16.49,14.46,12.95
2010-01-01,13.41,13.95,14.84,12.92,13.42,13.6,12.63,12.43,69.68,15.05,14.15,12.81
2010-02-01,13,13.27,14.05,12.82,12.91,13.34,12,11.88,67.89,14.14,14.14,12.53
2010-03-01,13.75,14.13,14.48,13.94,14.12,14.42,12.23,12.2,75.84,15.1,14.67,12.85
2010-04-01,13.77,13.9,14.69,14.45,14.89,14.63,12.7,11.94,77.69,13.84,14.38,12.44
2010-05-01,12.94,12.96,14.17,13.8,13.73,13.83,12.3,11.02,76.54,12.58,13.87,11.65
2010-06-01,12.46,12.59,14.23,13.26,13.03,13.06,12.15,10.57,75.03,12.06,13.54,11.37
2010-07-01,11.88,11.83,14.79,12.33,12.83,12.38,12.34,9.52,67.73,10.79,13.3,10.87
2010-08-01,11.96,11.7,15.7,12.56,12.66,12.69,12.67,9.72,71.27,11.23,13.47,10.99
2010-09-01,12.34,12.07,16.54,13.18,12.96,13.12,12.92,9.88,74.43,11.75,13.85,11.33
2010-10-01,12.38,12.66,16.72,13.41,12.6,13.37,13.12,9.32,72.59,11.93,13.93,11.66
2010-11-01,12.67,13.1,16.79,14.02,12.78,13.54,12.88,9.88,72.9,12.34,14.08,11.63
2010-12-01,13.12,13.39,17.33,14.55,13.44,14.3,12.84,10.51,73.73,13.14,14.31,11.78
2011-01-01,13.3,13.34,18.44,14.34,13.61,14.75,12.93,10.88,49.43,14.76,14.16,11.94
2011-02-01,13.7,13.76,18.41,14.79,13.99,15.37,12.95,11.72,52.13,15.23,14.2,12.04
2011-03-01,13.53,13.21,18.44,14.64,13.58,15.13,12.88,11.91,51.67,14.82,14.24,12.12
2011-04-01,13.57,12.86,19.33,14.84,13.37,14.88,13.27,11.98,43.86,16.14,14.71,12.38
2011-05-01,13.64,12.93,19.73,15.12,13.03,14.87,13.86,11.49,44.81,15.76,15.27,13.04
2011-06-01,13.12,12.28,19.18,14.51,12.29,14.18,13.62,11.18,43.64,15.24,14.9,12.79
2011-07-01,13.43,12.77,17.91,15.31,12.11,14.11,14.09,11.92,45.28,17.05,15,12.98
2011-08-01,12.01,11.68,16.6,13.6,10.41,11.97,13.56,10.41,40.25,14.79,14.3,11.72
2011-09-01,11.89,11.77,16.55,13.69,9.88,11.74,14.01,9.96,39.99,14.23,14.45,11.9
2011-10-01,12.39,12.52,16.41,13.9,10.27,12,14.83,11.2,38.25,14.97,14.46,11.91
2011-11-01,12.59,12.61,16.41,14,10.24,12.35,14.99,11.65,39.54,15.41,14.6,12.04
2011-12-01,12.77,12.63,16.85,14.24,10.42,12.66,15.33,11.73,40.31,15.35,15.11,12.4
2012-01-01,13.43,13.12,37.66,14.46,11.35,13.86,14.83,12.04,42.62,15.58,14.73,13.05
2012-02-01,13.97,14.12,37.75,15.1,11.99,14.38,14.76,12.45,44.18,16.13,14.91,13.23
2012-03-01,14.35,14.87,39.03,15.72,12.6,14.44,14.78,12.38,44.49,15.91,15.29,13.46
2012-04-01,14.1,14.98,36.39,15.44,11.68,14.26,15.39,11.92,47.08,15.45,15.24,13.74
2012-05-01,13.64,14.14,38.33,15.13,11.02,13.77,15.65,11.36,47.33,14.64,15.21,13.56
2012-06-01,13.46,13.85,39.99,14.85,10.71,13.46,16.07,11,46.86,14.51,15.25,13.61
2012-07-01,13.7,14.32,43.1,14.38,10.42,13.67,16.16,11.8,45.52,16.2,15.58,14.01
2012-08-01,14.14,15.13,44.32,14.81,10.74,14.16,16,12.39,45.53,16.56,15.8,14.17
2012-09-01,14.54,15.6,45.34,15.47,11.27,14.35,15.67,12.76,45.99,17.19,15.87,14.61
2012-10-01,14.07,14.47,39.81,14.91,10.93,13.85,15.3,12.66,45.88,16.86,15.62,14.8
2012-11-01,13.64,13.74,37.89,14.79,10.7,13.7,14.43,12.15,45.24,16.43,15.23,14.39
2012-12-01,13.92,13.94,38.19,15.08,11.06,14.1,14.62,12.3,46.24,16.77,15.47,14.67
2013-01-01,13.8,14.07,11.98,15.62,10.99,13.79,14.99,13.19,47.05,17.6,15.63,14.98
2013-02-01,14.09,14.11,12.26,15.91,11.26,14.16,15.39,13.57,47.26,17.46,16.22,15.43
2013-03-01,14.45,14.33,12.69,16.5,11.62,14.47,15.92,13.67,47.61,17.65,16.74,15.98
2013-04-01,14.43,14.13,12.57,16.49,11.54,14.1,15.82,13.29,48.88,17.36,17.36,16.64
2013-05-01,15.07,14.97,12.6,17.43,12.3,14.81,15.57,13.9,50.17,18.22,17.68,17.05
2013-06-01,14.87,14.87,12.07,17.23,12.31,14.75,14.69,13.66,45.88,17.8,17.2,16.87
2013-07-01,14.92,14.6,11.53,17.73,12.58,14.73,15.48,13.91,43.22,16.4,17.23,16.8
2013-08-01,14.93,14.83,11.1,17.76,12.46,14.91,15.27,13.82,40.51,16.77,17,16.94
2013-09-01,15.09,15.02,10.92,18.08,12.46,15.27,14.94,14.08,41.05,17.3,16.9,17.18
2013-10-01,15.02,15.06,10.93,18.28,12.34,15.32,14.84,13.57,37.43,17.1,16.98,17.17
2013-11-01,15.58,15.65,11.21,19.05,12.68,16.11,15.04,13.93,36.56,17.57,17.74,17.86
2013-12-01,15.79,16.15,10.92,19.38,12.94,16.42,14.67,13.93,35.89,17.76,17.62,18.12
2014-01-01,16.13,15.64,20.91,18.61,13.31,16.53,14.63,14.74,28.4,18,17.88,18.2
2014-02-01,16.08,15.77,20.35,18.48,13.09,16.31,15.24,14.49,29.27,18.08,17.55,18.65
2014-03-01,16.49,16.09,20.73,18.86,13.58,16.68,15.51,14.86,29.63,18.79,18.09,19.04
2014-04-01,16.72,15.57,21.28,18.15,13.04,16.63,15.6,21.75,27.35,20.53,18.33,17.85
2014-05-01,16.95,15.86,21.77,18.22,13.06,16.89,15.58,22.37,28.41,20.89,18.69,18.1
2014-06-01,17.46,16.51,21.75,18.79,13.49,17.29,15.89,23.23,28.54,21.46,18.97,18.66
2014-07-01,18.22,16.9,22.16,18.64,13.61,17.2,15.41,39.58,28.03,22.75,18.92,19.04
2014-08-01,18.11,17.01,21.72,18.66,13.53,16.91,15.06,38.45,28.28,22.71,18.73,19.13
2014-09-01,18.4,17.34,21.89,18.85,13.92,17.17,15.31,37.4,27.86,22.9,19.09,19.84
2014-10-01,18.6,16.63,21.25,17.47,13.47,16.28,15.99,507.41,28.03,26.75,19.37,19.33
2014-11-01,19.63,17.75,21.81,18.4,14.21,17.51,16.74,512.18,29.66,27.74,20.45,20.65
2014-12-01,19.73,17.99,20.68,18.88,14.47,17.51,17.11,471.21,30.46,27.31,20.71,21.09
2015-01-01,20.19,17.88,12.52,18.34,13.93,16.96,21.8,-41.03,36.46,35.5,20.73,20.92
2015-02-01,20.73,18.47,12.99,19.32,14.17,17.46,20.92,-42.93,35.99,37.55,20.89,21.17
2015-03-01,20.71,18.51,12.74,19.71,14.24,17.34,19.89,-40.88,35.26,36.83,20.63,21.74
2015-04-01,21.24,19.11,12.94,19.05,14.65,17.5,20.46,-37.07,29.36,44.28,20.78,21.69
2015-05-01,21.42,19.51,13.07,19.09,14.89,17.57,20.22,-36.79,28.39,45.25,20.71,21.85
2015-06-01,21.29,19.35,12.85,19.22,15.01,17.3,19.48,-35.28,27.52,44.39,20.34,22.18
2015-07-01,21.33,19.49,13.81,19.05,15.36,16.77,20.24,-30.29,27.18,36.09,20.98,21.75
2015-08-01,20.78,19,13.52,18.69,15.02,16.37,20.77,-27.78,27.41,34.13,20.76,21.18
2015-09-01,19.81,18.42,13,18.15,14.03,15.71,19.69,-26.38,26.1,31.97,19.91,19.83
2015-10-01,19.96,19.34,13.51,18.74,13.79,16.66,19.62,-41.01,27.21,25.82,20.5,19.24
2015-11-01,20.51,20.17,13.6,19.29,14.32,17.19,19.04,-41.52,27.17,26.64,20.35,19.9
2015-12-01,20.25,20.02,13.8,18.97,14.1,16.83,18.94,-37.77,27.41,26.03,20.77,19.97
2016-01-01,18.06,17.72,15.12,17.54,12.36,15.97,16.21,-119.32,24.76,18.94,19.97,18.46
2016-02-01,17.92,17.48,16.3,17.19,11.82,16.29,17.18,-121.05,23.75,19.56,20.42,17.86
2016-03-01,19.03,18.78,17.16,18.44,12.64,17.48,17.85,-131.44,25.8,21.33,21.16,18.36
2016-04-01,18.68,18.12,17.23,18.67,12.3,17.6,17.89,155.06,31.62,18.12,21.15,19.12
2016-05-01,18.59,17.57,17.02,18.57,12.46,17.47,17.95,158.72,31.67,18.25,21.16,19.01
2016-06-01,18.76,17.83,17.74,18.45,12.29,17.57,18.58,162.27,32.02,18.48,21.46,19.34
2016-07-01,18.54,17.35,17.12,18.99,11.79,17.67,18.76,64.54,35.18,18.85,21.77,19.76
2016-08-01,18.78,18.24,16.57,19.09,12.11,17.82,18.06,64.18,34.63,19.15,21.51,19.82
2016-09-01,18.61,18.49,16.11,18.66,12.12,17.57,17.81,63.95,33.77,18.74,21.03,19.3
2016-10-01,18.08,17.49,15.11,18.43,12.59,17.1,17.56,48,31.73,18.03,20.35,18.44
2016-11-01,18.26,17.35,14.72,18.64,13.73,17.93,17.24,48.2,30.32,18.51,19.9,18.13
2016-12-01,18.95,17.72,15.97,19.31,15.04,18.77,17.53,51.78,31.04,19.42,20.07,18.1
2017-01-01,18.27,16.51,17.01,18.96,14.61,18.04,16.97,41.26,34.16,18.76,19.62,18.01
2017-02-01,18.71,17.23,16.53,19.38,15.02,18.42,17.32,39.71,34.56,19.08,20.27,18.66
2017-03-01,19.01,17.76,16.67,19.64,15.18,18.54,17.89,38.59,34.51,19.08,20.67,19.25
2017-04-01,17.84,16.29,14.91,19.26,14.09,17.09,17.22,32.41,34.58,18.22,20.14,18.39
2017-05-01,18.11,17.1,14.19,19.66,14.15,17.36,17.31,31.45,34.17,18.32,20.24,18.66
2017-06-01,18.41,17.29,14.28,19.76,14.47,17.73,17.8,30.53,34.89,18.75,20.61,19.39
2017-07-01,17.48,16.39,12.5,18.85,13.9,17.02,16.93,24.51,33.81,17.39,19.49,19.47
2017-08-01,17.5,16.69,13.07,18.7,13.87,16.8,17.57,23.85,34.09,17.16,19.54,19.29
2017-09-01,17.76,17.01,12.9,18.7,13.92,17.15,17.53,24.89,34.33,17.74,19.43,19.98
2017-10-01,17,16.43,13.48,18.25,13.06,16.86,17.06,20.69,33.47,17.53,18.72,19.45
2017-11-01,17.24,17.38,12.67,18.66,13.07,16.64,17.51,20.76,34.39,17.59,18.87,19.17
2017-12-01,17.71,17.34,14.1,19.6,13.81,17.36,17.06,21.29,33.97,17.93,19.72,19.52
2018-01-01,18.4,18.35,13.84,20.95,15.52,17.79,16.74,18.37,30.88,18.28,20.2,20.21
2018-02-01,17.84,18.1,13.36,20.79,15.23,17.16,16.15,16.52,29.37,17.43,19.15,19.49
2018-03-01,17.83,18.6,13.05,20.73,15.12,16.97,16.3,16.2,29.66,17.05,18.6,19.34
2018-04-01,17.34,18.36,14.74,20.45,13.33,16.85,17,18.74,29.89,17.98,18,18.21
2018-05-01,17.65,19.32,14.14,20.98,13.41,16.87,16.85,19.95,30.26,18.22,17.19,18.27
2018-06-01,18,19.99,14.28,22.03,13.22,16.86,16.78,19.83,31.14,18.41,17.68,18.75
2018-07-01,18.08,19.95,17.45,22.52,12.81,16.99,17.75,20.86,28.85,19.78,18.26,18.49
2018-08-01,18.49,20.36,18.1,22.92,13.15,17.51,18.04,20.42,29.43,19.89,18.72,19.3
2018-09-01,18.78,20.62,18.49,23.54,13.18,18.01,18.05,20.45,29.25,20,18.89,19.86
2018-10-01,18.21,20.12,18.43,21.96,12.32,17.17,18.28,21.53,27.91,19.25,18.82,19.38
2018-11-01,17.8,19.12,17.79,21.36,12.28,16.48,18.5,19.82,29,19.25,19.42,19.32
2018-12-01,16.78,17.99,17.05,20.19,11.15,15.3,18.61,17.97,28.48,18.08,18.39,18.62
2019-01-01,16.59,17.8,17.79,20.99,9.59,16.15,17.2,28.4,28.6,19.21,17.41,18.3
2019-02-01,17.53,19.28,18.56,21.82,10.01,17.71,18.05,29.77,30.68,19.99,18.22,19
2019-03-01,17.85,20.16,19.1,22.29,9.97,17.66,18.71,30.22,31.38,20.24,18.55,18.98
2019-04-01,20.95,21.43,20.99,27.32,14.3,21.04,19.62,156.28,30.91,22.1,18.81,18.73
2019-05-01,20.59,20.87,20.8,26.74,14.29,20.46,19.76,145.86,31.02,20.96,19,18.54
2019-06-01,20.85,21.23,20.47,27.02,14.33,20.63,20.32,143.17,31.98,22.08,19.37,19.12
2019-07-01,23.92,22.86,23.11,34.29,16.3,27.67,19.96,-44.3,37.13,24.81,19.71,19.26
2019-08-01,23.13,22.12,22.58,32.72,15.43,26.51,20.17,-40.45,38.1,23.88,19.65,18.77
2019-09-01,23.8,22.76,23.25,33.69,16.14,27.65,20.97,-42.1,38.96,24.44,20.01,18.88
2019-10-01,24.14,22.6,23,32.35,15.44,34.68,21.41,-22.94,44.28,24.83,19.03,18.34
2019-11-01,25.17,24.05,23.99,32.58,16.42,36.78,20.93,-23.64,43.02,26,19.15,19.43
2019-12-01,25.75,24.82,24.53,33.06,16.83,36.57,21.25,-23.9,42.85,26.22,19.58,20.37
2020-01-01,26.79,24.73,25.78,35.15,15.57,51.58,21.57,-16.03,46.16,23.65,20.26,20.64
2020-02-01,26.78,25.39,25.64,35.73,15.32,50.85,22.29,-14.35,47.52,23.35,20.29,20.38
2020-03-01,21.68,21.04,21.23,28.81,11.27,38.49,18.68,-8.95,38.75,18.44,17.94,17.71
2020-04-01,18.38,20.26,18.41,25.33,7.45,33.4,17.39,-16.88,40.04,16.64,18.31,17.81
2020-05-01,19.43,22.23,20.14,27.65,7.53,34.33,16.96,-18.91,39.64,17.85,18.15,18.52
2020-06-01,20.66,23.94,21.1,30.03,8.26,38.1,17.71,-20.1,43.13,19.28,18.58,18.61
2020-07-01,18.27,23,18.52,26.67,6.95,27.02,18.54,-251.42,35.92,15.98,18.59,18.21
2020-08-01,19.32,24.96,19.53,28.67,7.23,29.21,18.81,-250.59,36.68,16.65,19.53,18.68
2020-09-01,19.17,24.81,19.4,28.75,7.14,29.64,18.47,-220.65,36.29,17.16,19.56,18.34
2020-10-01,18.03,23.25,17.54,30.47,7.12,25.36,20,22.52,31.1,14.7,19.83,16.97
2020-11-01,18.71,23.65,18.62,30.64,7.74,27.24,20.41,25.71,31.76,15.68,20.2,17.48
2020-12-01,19.48,25.05,19.42,31.5,8.28,28.23,19.63,29.17,31.62,16.16,20.53,17.87
2021-01-01,18.22,24.52,17.7,29.53,8.51,23.44,20.77,10.12,28.11,15.4,19.32,17.4
2021-02-01,18.65,25.36,18.85,29.92,8.86,23.8,20.56,10.87,29.57,15.21,19.07,17.2
2021-03-01,18.78,24.58,19.16,29,9.51,25.33,20.49,12.24,29.91,15.91,19.28,17.08
2021-04-01,19.7,25.51,20.7,34.44,10.6,25.18,22.01,8.76,30.17,15.18,19.93,17.61
2021-05-01,19.83,24.67,20.88,33.51,11.24,25.91,21.87,9.4,30.81,16.16,20.33,18.06
2021-06-01,20.17,25.76,21.51,33.92,11.15,25.71,21.58,9.83,32.68,15.69,20.23,18.17
2021-07-01,21.29,27.68,23.33,37.89,14.15,24.37,21.79,6.19,34.4,14.69,20.94,18.7
2021-08-01,21.73,28.35,23.97,37.35,14.76,24.61,22.75,5.9,34.97,15.16,21.36,19.41
2021-09-01,21.69,28.43,24.18,37.93,14.67,23.97,22.31,6.03,35.09,14.73,21.21,19.15
2021-10-01,21.94,28.92,24.76,38.18,16.94,23.3,21.63,5.63,33.91,15.34,22.2,19.1
2021-11-01,22.96,31.14,24.97,41.66,17.1,24.06,21.99,5.65,35.33,16.21,22.87,19.74
2021-12-01,22.99,31.9,24.2,40.59,16.67,23.64,22.78,5.49,36.43,16.17,23.54,20.21
2022-01-01,23.22,31.64,25.47,42.12,19.53,21.65,22.81,5.79,40.96,17,23.82,19.85
2022-02-01,22.52,30.55,23.78,39.81,19.44,20.83,22.16,6.28,38.9,16.4,23.59,19.46
2022-03-01,22.3,29.73,22.95,38.91,18.64,21.08,23.42,6.9,39.6,16.54,23.15,19.91
2022-04-01,21.94,30.35,22.39,35.34,17.47,18.97,24.44,6.89,44.92,18.36,24.27,21.05
2022-05-01,20.19,27.73,20.06,29.64,16.11,17.8,23.42,7.25,39.79,17.53,23.09,19.89
2022-06-01,19.48,26.72,19.47,28.52,15.41,17.16,22.66,7.21,37.82,16.61,22.03,19.39
2022-07-01,18.8,26.5,18.4,26.22,12.24,16.09,21.16,7.54,38.06,16.9,21.41,20.89
2022-08-01,19.98,28.73,18.74,29.26,12.98,17.53,22.78,8.23,40.08,17.91,22.05,21.02
2022-09-01,18.5,25.55,16.9,27.39,12.31,16.15,22.08,8.1,36.17,16.56,20.87,20.15
2022-10-01,17.74,23.26,14.73,22.9,12.27,15.79,18.86,10.09,34.71,16.99,19.04,21.45
2022-11-01,18.65,24.35,14.41,22.28,13.43,17.56,19.87,11.01,36.9,18.8,20.39,22.69
2022-12-01,18.63,24.29,14.43,21.47,13.2,17.75,20.67,10.34,37.19,19.06,20.86,23.3
2023-01-01,18.55,22.73,13.86,21.22,13.76,18.2,19.07,11.95,36.38,21.44,20.44,23.71
2023-02-01,19.11,24.5,14.65,22.89,14.02,18.48,18.34,11.59,37.11,21.51,20.23,23.19
2023-03-01,18.59,24.85,14.55,21.87,12.64,18,17.86,10.92,34.19,20.62,20.04,22.41
2023-04-01,19.11,24.54,14.48,21.59,12.81,18.55,17.94,12.47,33.83,22.87,19.77,24.52
2023-05-01,19.23,25.69,15.19,22.01,12.61,18.36,17.35,11.51,33.21,22.12,19.67,24.08
2023-06-01,20.15,28.28,16.07,24.21,12.95,19.24,17.01,11.57,33.68,22.73,19.21,24.04
2023-07-01,20.57,28.66,15.7,24.67,13.3,20.25,17.28,12.1,36.03,24.58,19.83,24.17
2023-08-01,20.34,27.73,16.02,24.21,13.22,20.05,16.48,12.7,34.67,24.25,19.57,24.4
2023-09-01,20.12,27.5,16.16,24.05,13.11,19.36,16.17,13.24,33.54,23.73,18.93,23.93
2023-10-01,18.89,26.56,15.37,22.25,11.4,18.56,14.56,13.96,31.7,23.11,17.83,22.08
2023-11-01,19.73,28.74,15.89,23.49,12,19.2,15.32,13.33,33.6,23.8,18.35,22.08
2023-12-01,20.73,30.14,16.3,25.18,12.85,20.63,15.76,13.19,37.12,25.23,18.79,23.04
2024-01-01,20.59,29.43,15.88,23.01,12.86,21.58,15.3,13.7,36.31,24.11,19.48,23.53
2024-02-01,21.48,31.24,16.97,23.93,13.35,22.61,14.92,13.98,35.67,24.47,19.89,24.35
2024-03-01,22.16,32.4,17.34,24.3,13.88,23.6,15.51,14.92,36.52,26.19,20.38,24.58
2024-04-01,21.64,30.28,16.66,23.87,14.09,23.29,16.31,17.01,35.37,25.4,21.37,22.34
2024-05-01,22.16,31.71,17.07,24.01,14.29,23.45,17.66,16.4,35.8,25.55,22.04,22.71
2024-06-01,22.92,34.98,17.75,24.33,14.18,23.1,17.39,15.86,36.29,25.11,22.17,23.1
2024-07-01,22.89,33.44,16.76,25.42,14.72,23.75,17.57,16.87,37.72,25.1,21.98,22.63
2024-08-01,22.65,31.93,16.29,24.17,14.96,24.13,18.63,16.53,39.93,25.34,22.76,23.35
2024-09-01,23.24,32.38,16.43,25.82,15.52,25.04,19.58,16.08,42.08,26.07,23.55,23.75
2024-10-01,22.74,31.38,15.98,25.44,15.09,25.39,19.78,16.87,41.47,25.46,23.01,22.55
2024-11-01,23.28,31.85,16.61,27.72,16.08,26.07,19.53,17.38,41.2,24.83,22.97,21.72
2024-12-01,23.59,32.89,17.53,30.18,15.99,25.39,18.96,16.19,39.81,23.51,23.12,21
2025-01-01,22.53,28.84,17.55,30.74,15.98,23.72,18.57,16.72,37.94,20.96,21.87,20.6
2025-02-01,22.75,28.61,18.02,29.94,16.52,23.8,18.97,16.67,39.26,21.49,23.11,21.24
2025-03-01,21.42,26.14,16.5,26.45,15.84,22.99,18.66,16.71,38.92,20.81,22.73,21.21
2025-04-01,19.35,21.98,15.53,24.37,14.31,21.58,17.72,15.34,35.12,19.28,22.54,19.41
2025-05-01,20.94,25.1,17.11,26.97,15.29,23.91,18.46,15.39,36.34,20.26,22.88,18.78
2025-06-01,21.72,26.89,18.21,27.65,15.46,24.65,18.53,15.86,36.59,20.74,22.86,18.89
2025-07-01,21.75,26.56,18.64,27.99,15.75,25.05,18.36,16.44,35.34,20.1,22.35,17.86
2025-08-01,22.13,27.4,19.57,28.56,15.74,25.09,18.9,16.21,35.04,20.1,22.49,17.82
2025-09-01,22.74,28.2,21.12,29.84,16.06,25.13,18.68,16.73,35.28,20.27,22.09,18.2
2025-10-01,22.54,27.38,21.34,29.68,16.14,24.38,19.28,16.52,33.24,18.71,21.45,18.33
2025-11-01,22.56,27.25,21.78,29.63,15.97,24.09,18.95,16.82,32.76,18.2,21.14,19.23
2025-12-01,22.94,27.3,22.73,30.25,16.6,24.61,18.29,16.91,32.48,18.87,21.47,19.6
2026-01-01,22.31,25.75,22.41,29.17,16.15,25.05,17.91,17.68,31.41,20.14,21.69,18.91
2026-02-01,22.18,24.86,22.09,27.76,15.57,26.64,18.87,19.98,32.72,21.63,23.68,18.93
2026-03-01,21.45,24.13,21.37,26.68,14.71,25.54,19.27,21.62,31.89,20.43,22.68,18.07
2026-04-01,20.44,22.2,20.54,25.18,14.98,25.53,18.53,15.77,36.41,19.03,21.95,17.24
2026-05-01,20.85,23.63,21.03,25.67,14.88,25.49,18.14,14.14,37.04,18.07,22.23,16.74
