Date,Value
2006-06-22,18.56
2006-06-23,18.645
2006-06-26,18.645
2006-06-27,18.295
2006-06-28,18.29
2006-06-29,18.755
2006-06-30,18.81
2006-07-03,18.81
2006-07-05,18.57
2006-07-06,18.675
2006-07-07,18.53
2006-07-10,18.65
2006-07-11,18.65
2006-07-12,18.215
2006-07-13,17.95
2006-07-14,17.695
2006-07-17,17.76
2006-07-18,17.505
2006-07-19,17.925
2006-07-20,17.7
2006-07-21,17.475
2006-07-24,17.865
2006-07-25,18.035
2006-07-26,17.675
2006-07-27,17.44
2006-07-28,17.645
2006-07-31,17.81
2006-08-01,17.455
2006-08-02,17.52
2006-08-03,17.92
2006-08-04,17.945
2006-08-07,17.88
2006-08-08,17.595
2006-08-09,17.41
2006-08-10,17.81
2006-08-11,17.705
2006-08-14,17.84
2006-08-15,18.205
2006-08-16,18.555
2006-08-17,18.66
2006-08-18,18.67
2006-08-21,18.4
2006-08-22,18.305
2006-08-23,18.06
2006-08-24,17.81
2006-08-25,17.755
2006-08-28,17.93
2006-08-29,18.08
2006-08-30,18.14
2006-08-31,18.17
2006-09-01,18.265
2006-09-05,18.405
2006-09-06,18.17
2006-09-07,18.205
2006-09-08,18.5
2006-09-11,18.695
2006-09-12,19.185
2006-09-13,19.26
2006-09-14,19.275
2006-09-15,19.355
2006-09-18,19.35
2006-09-19,19.485
2006-09-20,19.8
2006-09-21,19.565
2006-09-22,19.53
2006-09-25,19.865
2006-09-26,19.895
2006-09-27,19.82
2006-09-28,19.915
2006-09-29,19.645
2006-10-02,19.7
2006-10-03,19.98
2006-10-04,20.345
2006-10-05,20.325
2006-10-06,20.11
2006-10-09,20.245
2006-10-10,20.225
2006-10-11,20.21
2006-10-12,20.665
2006-10-13,20.69
2006-10-16,20.73
2006-10-17,20.525
2006-10-18,20.53
2006-10-19,20.435
2006-10-20,20.435
2006-10-23,20.8
2006-10-24,20.75
2006-10-25,20.58
2006-10-26,20.945
2006-10-27,20.645
2006-10-30,20.855
2006-10-31,20.695
2006-11-01,20.235
2006-11-02,20.105
2006-11-03,19.925
2006-11-06,20.15
2006-11-07,20.305
2006-11-08,20.43
2006-11-09,20.29
2006-11-10,20.645
2006-11-13,20.515
2006-11-14,20.94
2006-11-15,20.85
2006-11-16,20.84
2006-11-17,20.645
2006-11-20,20.55
2006-11-21,20.655
2006-11-22,20.795
2006-11-24,20.715
2006-11-27,20.315
2006-11-28,20.24
2006-11-29,20.595
2006-11-30,20.39
2006-12-01,20.265
2006-12-04,20.73
2006-12-05,20.79
2006-12-06,20.71
2006-12-07,20.7
2006-12-08,20.645
2006-12-11,20.705
2006-12-12,20.515
2006-12-13,20.595
2006-12-14,20.89
2006-12-15,20.79
2006-12-18,20.465
2006-12-19,20.355
2006-12-20,20.49
2006-12-21,20.345
2006-12-22,20.35
2006-12-26,20.295
2006-12-27,20.525
2006-12-28,20.445
2006-12-29,20.305
2007-01-03,20.36
2007-01-04,20.715
2007-01-05,20.43
2007-01-08,20.46
2007-01-09,20.67
2007-01-10,20.73
2007-01-11,21.105
2007-01-12,21.23
2007-01-16,21.21
2007-01-17,21.1
2007-01-18,21.1
2007-01-19,20.995
2007-01-22,20.82
2007-01-23,20.815
2007-01-24,21.01
2007-01-25,20.685
2007-01-26,20.695
2007-01-29,20.8
2007-01-30,20.775
2007-01-31,20.98
2007-02-01,21.27
2007-02-02,21.305
2007-02-05,21.25
2007-02-06,21.41
2007-02-07,21.48
2007-02-08,21.5
2007-02-09,21.365
2007-02-12,21.31
2007-02-13,21.41
2007-02-14,21.6
2007-02-15,21.705
2007-02-16,21.745
2007-02-20,21.95
2007-02-21,21.92
2007-02-22,21.83
2007-02-23,21.72
2007-02-26,21.595
2007-02-27,20.705
2007-02-28,21
2007-03-01,20.8
2007-03-02,20.525
2007-03-05,20.095
2007-03-06,20.4
2007-03-07,20.46
2007-03-08,20.815
2007-03-09,20.795
2007-03-12,21.055
2007-03-13,20.605
2007-03-14,20.6
2007-03-15,20.79
2007-03-16,20.735
2007-03-19,20.97
2007-03-20,21.14
2007-03-21,21.375
2007-03-22,21.42
2007-03-23,21.7
2007-03-26,21.715
2007-03-27,21.615
2007-03-28,21.455
2007-03-29,21.4
2007-03-30,21.53
2007-04-02,21.7
2007-04-03,21.89
2007-04-04,21.81
2007-04-05,21.895
2007-04-09,22
2007-04-10,21.98
2007-04-11,21.935
2007-04-12,21.965
2007-04-13,21.82
2007-04-16,22.01
2007-04-17,22.01
2007-04-18,21.9
2007-04-19,21.825
2007-04-20,22.18
2007-04-23,22.115
2007-04-24,21.975
2007-04-25,22.045
2007-04-26,22.09
2007-04-27,21.94
2007-04-30,21.545
2007-05-01,21.5
2007-05-02,21.72
2007-05-03,21.5
2007-05-04,21.505
2007-05-07,21.48
2007-05-08,21.355
2007-05-09,21.71
2007-05-10,21.385
2007-05-11,21.345
2007-05-14,21.2
2007-05-15,21.065
2007-05-16,21.11
2007-05-17,21.32
2007-05-18,21.44
2007-05-21,21.6
2007-05-22,21.65
2007-05-23,21.83
2007-05-24,21.63
2007-05-25,21.69
2007-05-29,21.855
2007-05-30,22.185
2007-05-31,22.39
2007-06-01,22.655
2007-06-04,22.655
2007-06-05,22.43
2007-06-06,22.11
2007-06-07,21.7
2007-06-08,21.985
2007-06-11,21.9
2007-06-12,21.59
2007-06-13,21.92
2007-06-14,22
2007-06-15,22.01
2007-06-18,22.16
2007-06-19,22.17
2007-06-20,21.885
2007-06-21,21.93
2007-06-22,21.735
2007-06-25,21.55
2007-06-26,21.39
2007-06-27,21.945
2007-06-28,21.98
2007-06-29,21.65
2007-07-02,21.875
2007-07-03,21.915
2007-07-05,21.995
2007-07-06,22.195
2007-07-09,22.01
2007-07-10,21.46
2007-07-11,21.565
2007-07-12,22.01
2007-07-13,21.99
2007-07-16,21.81
2007-07-17,21.775
2007-07-18,21.645
2007-07-19,21.725
2007-07-20,21.45
2007-07-23,21.275
2007-07-24,20.845
2007-07-25,20.665
2007-07-26,20
2007-07-27,19.655
2007-07-30,20.07
2007-07-31,19.775
2007-08-01,19.945
2007-08-02,20.11
2007-08-03,19.44
2007-08-06,19.445
2007-08-07,19.815
2007-08-08,20.12
2007-08-09,19.655
2007-08-10,19.485
2007-08-13,19.52
2007-08-14,18.87
2007-08-15,18.61
2007-08-16,18.69
2007-08-17,19.15
2007-08-20,19.41
2007-08-21,19.525
2007-08-22,19.715
2007-08-23,19.56
2007-08-24,20.005
2007-08-27,19.775
2007-08-28,19.25
2007-08-29,19.84
2007-08-30,19.545
2007-08-31,19.71
2007-09-04,19.81
2007-09-05,19.43
2007-09-06,19.525
2007-09-07,18.935
2007-09-10,18.665
2007-09-11,19.075
2007-09-12,18.955
2007-09-13,19.14
2007-09-14,19.415
2007-09-17,19.21
2007-09-18,20.175
2007-09-19,20.34
2007-09-20,19.96
2007-09-21,19.83
2007-09-24,19.64
2007-09-25,19.305
2007-09-26,19.475
2007-09-27,19.565
2007-09-28,19.46
2007-10-01,19.75
2007-10-02,20.075
2007-10-03,20.21
2007-10-04,19.96
2007-10-05,20.61
2007-10-08,20.325
2007-10-09,20.2
2007-10-10,20.17
2007-10-11,20.285
2007-10-12,20.275
2007-10-15,19.77
2007-10-16,19.49
2007-10-17,19.495
2007-10-18,19.28
2007-10-19,18.69
2007-10-22,19.125
2007-10-23,19.035
2007-10-24,18.925
2007-10-25,19.015
2007-10-26,19.23
2007-10-29,19.28
2007-10-30,19.185
2007-10-31,19.255
2007-11-01,18.43
2007-11-02,18.25
2007-11-05,17.885
2007-11-06,18.24
2007-11-07,17.855
2007-11-08,17.81
2007-11-09,17.375
2007-11-12,17.525
2007-11-13,18.37
2007-11-14,17.96
2007-11-15,17.63
2007-11-16,17.58
2007-11-19,17.06
2007-11-20,17.125
2007-11-21,17.08
2007-11-23,17.355
2007-11-26,16.945
2007-11-27,17.09
2007-11-28,17.7
2007-11-29,17.7
2007-11-30,17.695
2007-12-03,17.64
2007-12-04,17.7
2007-12-05,17.725
2007-12-06,17.75
2007-12-07,18.115
2007-12-10,18.11
2007-12-11,17.75
2007-12-12,17.495
2007-12-13,17.235
2007-12-14,16.985
2007-12-17,16.855
2007-12-18,17.115
2007-12-19,16.925
2007-12-20,17.04
2007-12-21,17.2
2007-12-24,17.55
2007-12-26,17.3
2007-12-27,16.92
2007-12-28,16.985
2007-12-31,16.78
2008-01-02,16.575
2008-01-03,16.195
2008-01-04,15.405
2008-01-07,15.51
2008-01-08,15.18
2008-01-09,15.34
2008-01-10,15.465
2008-01-11,14.935
2008-01-14,14.905
2008-01-15,14.55
2008-01-16,14.935
2008-01-17,14.845
2008-01-18,14.805
2008-01-22,15.36
2008-01-23,16.465
2008-01-24,16.1
2008-01-25,15.53
2008-01-28,16.275
2008-01-29,16.6
2008-01-30,16.27
2008-01-31,17
2008-02-01,17.37
2008-02-04,16.69
2008-02-05,16.27
2008-02-06,16
2008-02-07,16.795
2008-02-08,16.705
2008-02-11,16.95
2008-02-12,16.965
2008-02-13,17.09
2008-02-14,16.465
2008-02-15,16.45
2008-02-19,16.2
2008-02-20,16.475
2008-02-21,16.315
2008-02-22,16.395
2008-02-25,16.755
2008-02-26,17.1
2008-02-27,17
2008-02-28,16.56
2008-02-29,15.89
2008-03-03,15.995
2008-03-04,16.075
2008-03-05,16.135
2008-03-06,15.275
2008-03-07,15.13
2008-03-10,14.78
2008-03-11,15.48
2008-03-12,15.29
2008-03-13,15.75
2008-03-14,15.375
2008-03-17,14.91
2008-03-18,15.675
2008-03-19,15.275
2008-03-20,16.48
2008-03-24,16.7
2008-03-25,16.585
2008-03-26,16.575
2008-03-27,16.35
2008-03-28,15.715
2008-03-31,15.855
2008-04-01,16.695
2008-04-02,16.7
2008-04-03,16.605
2008-04-04,16.54
2008-04-07,16.335
2008-04-08,16.2
2008-04-09,15.805
2008-04-10,15.965
2008-04-11,15.535
2008-04-14,15.5
2008-04-15,15.655
2008-04-16,15.85
2008-04-17,15.825
2008-04-18,16.28
2008-04-21,16.16
2008-04-22,15.585
2008-04-23,15.7
2008-04-24,16.175
2008-04-25,16.64
2008-04-28,16.64
2008-04-29,16.88
2008-04-30,16.5
2008-05-01,16.895
2008-05-02,16.805
2008-05-05,16.48
2008-05-06,16.465
2008-05-07,16.38
2008-05-08,16.19
2008-05-09,16.22
2008-05-12,16.74
2008-05-13,16.795
2008-05-14,16.995
2008-05-15,17.245
2008-05-16,16.98
2008-05-19,16.87
2008-05-20,16.54
2008-05-21,16.065
2008-05-22,16.225
2008-05-23,15.985
2008-05-27,16.25
2008-05-28,16.545
2008-05-29,16.76
2008-05-30,16.565
2008-06-02,16.195
2008-06-03,16.325
2008-06-04,16.385
2008-06-05,16.815
2008-06-06,15.89
2008-06-09,15.8
2008-06-10,16
2008-06-11,15.4
2008-06-12,15.725
2008-06-13,16.215
2008-06-16,16.165
2008-06-17,15.925
2008-06-18,15.635
2008-06-19,16.05
2008-06-20,15.42
2008-06-23,15.125
2008-06-24,15.065
2008-06-25,15.36
2008-06-26,14.86
2008-06-27,14.65
2008-06-30,14.62
2008-07-01,14.75
2008-07-02,14.5
2008-07-03,14.495
2008-07-07,14.6
2008-07-08,14.785
2008-07-09,14.355
2008-07-10,13.88
2008-07-11,13.765
2008-07-14,13.6
2008-07-15,13.66
2008-07-16,14.515
2008-07-17,14.68
2008-07-18,14.75
2008-07-21,14.505
2008-07-22,15.165
2008-07-23,15.495
2008-07-24,14.8
2008-07-25,14.85
2008-07-28,14.37
2008-07-29,15.24
2008-07-30,15.09
2008-07-31,15.195
2008-08-01,15.115
2008-08-04,14.81
2008-08-05,15.71
2008-08-06,15.505
2008-08-07,15.105
2008-08-08,15.75
2008-08-11,16.025
2008-08-12,15.84
2008-08-13,15.395
2008-08-14,15.98
2008-08-15,16.12
2008-08-18,15.925
2008-08-19,15.465
2008-08-20,15.415
2008-08-21,15.455
2008-08-22,15.83
2008-08-25,15.36
2008-08-26,15.515
2008-08-27,15.65
2008-08-28,16.11
2008-08-29,16.105
2008-09-02,16.37
2008-09-03,16.7
2008-09-04,16.325
2008-09-05,16.545
2008-09-08,16.975
2008-09-09,16.845
2008-09-10,16.76
2008-09-11,16.955
2008-09-12,16.61
2008-09-15,16.315
2008-09-16,16.3
2008-09-17,15.43
2008-09-18,16.995
2008-09-19,16.75
2008-09-22,15.685
2008-09-23,15.785
2008-09-24,15.605
2008-09-25,15.9
2008-09-26,16.135
2008-09-29,15.09
2008-09-30,15.375
2008-10-01,15.24
2008-10-02,14.67
2008-10-03,14.1
2008-10-06,13.54
2008-10-07,12.99
2008-10-08,12.85
2008-10-09,11.65
2008-10-10,11.98
2008-10-13,12.605
2008-10-14,12.225
2008-10-15,10.74
2008-10-16,11.35
2008-10-17,11.375
2008-10-20,11.42
2008-10-21,11.155
2008-10-22,10.55
2008-10-23,10.19
2008-10-24,9.885
2008-10-27,9.745
2008-10-28,10.59
2008-10-29,10.985
2008-10-30,11.23
2008-10-31,11.555
2008-11-03,11.175
2008-11-04,11.35
2008-11-05,10.53
2008-11-06,10.43
2008-11-07,10.46
2008-11-10,10.15
2008-11-11,9.8
2008-11-12,9.21
2008-11-13,9.9
2008-11-14,9.225
2008-11-17,8.8
2008-11-18,8.515
2008-11-19,8
2008-11-20,7.65
2008-11-21,7.935
2008-11-24,8.68
2008-11-25,8.835
2008-11-26,9.35
2008-11-28,9.215
2008-12-01,8.28
2008-12-02,8.515
2008-12-03,8.87
2008-12-04,9.155
2008-12-05,9.805
2008-12-08,10.05
2008-12-09,9.64
2008-12-10,9.92
2008-12-11,9.435
2008-12-12,9.61
2008-12-15,9.305
2008-12-16,9.87
2008-12-17,10.17
2008-12-18,10.08
2008-12-19,10.05
2008-12-22,9.665
2008-12-23,9.6
2008-12-24,9.605
2008-12-26,9.685
2008-12-29,9.55
2008-12-30,9.83
2008-12-31,10.185
2009-01-02,10.605
2009-01-05,10.725
2009-01-06,10.835
2009-01-07,10.6
2009-01-08,10.795
2009-01-09,10.4
2009-01-12,10.15
2009-01-13,10.16
2009-01-14,9.795
2009-01-15,10.1
2009-01-16,10.29
2009-01-20,9.7
2009-01-21,9.97
2009-01-22,9.955
2009-01-23,10
2009-01-26,10.145
2009-01-27,10.14
2009-01-28,10.585
2009-01-29,10.165
2009-01-30,9.835
2009-02-02,9.775
2009-02-03,9.98
2009-02-04,9.76
2009-02-05,10.09
2009-02-06,10.525
2009-02-09,10.495
2009-02-10,10.045
2009-02-11,10.06
2009-02-12,10.125
2009-02-13,10.03
2009-02-17,9.73
2009-02-18,9.735
2009-02-19,9.905
2009-02-20,9.945
2009-02-23,9.685
2009-02-24,10.05
2009-02-25,10.035
2009-02-26,9.77
2009-02-27,9.905
2009-03-02,9.535
2009-03-03,9.4
2009-03-04,9.63
2009-03-05,9.28
2009-03-06,9.15
2009-03-09,9.135
2009-03-10,9.83
2009-03-11,9.935
2009-03-12,10.305
2009-03-13,10.415
2009-03-16,10.255
2009-03-17,10.675
2009-03-18,11
2009-03-19,10.955
2009-03-20,10.665
2009-03-23,11.355
2009-03-24,11.29
2009-03-25,11.365
2009-03-26,11.92
2009-03-27,11.74
2009-03-30,11.485
2009-03-31,11.455
2009-04-01,11.705
2009-04-02,12.195
2009-04-03,12.38
2009-04-06,12.19
2009-04-07,11.73
2009-04-08,12.13
2009-04-09,12.85
2009-04-13,12.82
2009-04-14,12.495
2009-04-15,12.435
2009-04-16,12.96
2009-04-17,13.155
2009-04-20,12.615
2009-04-21,12.985
2009-04-22,13.25
2009-04-23,13.19
2009-04-24,13.42
2009-04-27,13.225
2009-04-28,13.255
2009-04-29,13.4
2009-04-30,13.85
2009-05-01,13.62
2009-05-04,14.25
2009-05-05,14.275
2009-05-06,14.1
2009-05-07,13.675
2009-05-08,13.66
2009-05-11,13.52
2009-05-12,13.25
2009-05-13,12.76
2009-05-14,12.855
2009-05-15,12.785
2009-05-18,13.285
2009-05-19,13.43
2009-05-20,13.27
2009-05-21,13.005
2009-05-22,13.08
2009-05-26,13.635
2009-05-27,13.44
2009-05-28,13.355
2009-05-29,13.745
2009-06-01,14.545
2009-06-02,14.67
2009-06-03,14.545
2009-06-04,14.31
2009-06-05,14.25
2009-06-08,14.255
2009-06-09,14.42
2009-06-10,14.225
2009-06-11,13.92
2009-06-12,14.05
2009-06-15,13.785
2009-06-16,13.25
2009-06-17,13.425
2009-06-18,13.505
2009-06-19,13.6
2009-06-22,13.405
2009-06-23,13.16
2009-06-24,13.275
2009-06-25,13.75
2009-06-26,13.79
2009-06-29,13.885
2009-06-30,13.855
2009-07-01,13.935
2009-07-02,13.33
2009-07-06,13.325
2009-07-07,13.035
2009-07-08,13.305
2009-07-09,13.335
2009-07-10,13.295
2009-07-13,13.66
2009-07-14,13.9
2009-07-15,14.31
2009-07-16,14.405
2009-07-17,14.395
2009-07-20,14.725
2009-07-21,14.635
2009-07-22,14.765
2009-07-23,15.155
2009-07-24,15.195
2009-07-27,15.075
2009-07-28,14.975
2009-07-29,14.915
2009-07-30,15.23
2009-07-31,15.25
2009-08-03,15.605
2009-08-04,15.4
2009-08-05,15.45
2009-08-06,15.58
2009-08-07,16.22
2009-08-10,15.905
2009-08-11,15.73
2009-08-12,15.895
2009-08-13,15.905
2009-08-14,15.545
2009-08-17,15.09
2009-08-18,15.305
2009-08-19,15.605
2009-08-20,15.59
2009-08-21,15.865
2009-08-24,15.62
2009-08-25,15.97
2009-08-26,16.11
2009-08-27,16.195
2009-08-28,16.29
2009-08-31,16.025
2009-09-01,15.72
2009-09-02,15.6
2009-09-03,15.975
2009-09-04,16.325
2009-09-08,16.315
2009-09-09,16.555
2009-09-10,16.7
2009-09-11,16.5
2009-09-14,16.74
2009-09-15,16.81
2009-09-16,17.035
2009-09-17,16.975
2009-09-18,17.185
2009-09-21,17.14
2009-09-22,17.25
2009-09-23,17.015
2009-09-24,16.835
2009-09-25,16.735
2009-09-28,17.02
2009-09-29,17.18
2009-09-30,17.065
2009-10-01,16.59
2009-10-02,16.405
2009-10-05,16.89
2009-10-06,17.32
2009-10-07,17.325
2009-10-08,17.62
2009-10-09,17.63
2009-10-12,17.75
2009-10-13,17.695
2009-10-14,18.1
2009-10-15,18.215
2009-10-16,18.125
2009-10-19,18.37
2009-10-20,18.15
2009-10-21,17.75
2009-10-22,18.255
2009-10-23,18.055
2009-10-26,18.08
2009-10-27,17.51
2009-10-28,16.94
2009-10-29,17.36
2009-10-30,16.88
2009-11-02,17.01
2009-11-03,17.185
2009-11-04,17.11
2009-11-05,17.155
2009-11-06,17.35
2009-11-09,17.81
2009-11-10,17.885
2009-11-11,17.8
2009-11-12,17.495
2009-11-13,17.705
2009-11-16,18.055
2009-11-17,17.875
2009-11-18,17.865
2009-11-19,17.55
2009-11-20,17.515
2009-11-23,17.585
2009-11-24,17.44
2009-11-25,17.825
2009-11-27,17.485
2009-11-30,17.28
2009-12-01,17.595
2009-12-02,17.625
2009-12-03,17.325
2009-12-04,17.51
2009-12-07,17.52
2009-12-08,17.375
2009-12-09,17.225
2009-12-10,17.495
2009-12-11,17.745
2009-12-14,17.865
2009-12-15,17.67
2009-12-16,17.825
2009-12-17,17.665
2009-12-18,17.57
2009-12-21,17.93
2009-12-22,17.95
2009-12-23,18.125
2009-12-24,18.145
2009-12-28,18.165
2009-12-29,18.165
2009-12-30,18.01
2009-12-31,17.8
2010-01-04,17.97
2010-01-05,18.085
2010-01-06,18.25
2010-01-07,18.3
2010-01-08,18.26
2010-01-11,18.205
2010-01-12,18.08
2010-01-13,18.28
2010-01-14,18.13
2010-01-15,17.915
2010-01-19,18.07
2010-01-20,17.92
2010-01-21,17.63
2010-01-22,17.36
2010-01-25,17.505
2010-01-26,17.475
2010-01-27,17.57
2010-01-28,17.34
2010-01-29,17.31
2010-02-01,17.615
2010-02-02,17.97
2010-02-03,17.815
2010-02-04,17.345
2010-02-05,17.375
2010-02-08,17.255
2010-02-09,17.615
2010-02-10,17.535
2010-02-11,17.72
2010-02-12,17.725
2010-02-16,17.995
2010-02-17,18.235
2010-02-18,18.34
2010-02-19,18.385
2010-02-22,18.395
2010-02-23,18.2
2010-02-24,18.5
2010-02-25,18.655
2010-02-26,18.65
2010-03-01,19.08
2010-03-02,18.96
2010-03-03,19.025
2010-03-04,19.395
2010-03-05,19.67
2010-03-08,19.805
2010-03-09,19.74
2010-03-10,19.845
2010-03-11,19.935
2010-03-12,20.095
2010-03-15,20.16
2010-03-16,20.34
2010-03-17,20.395
2010-03-18,20.415
2010-03-19,20.245
2010-03-22,20.66
2010-03-23,20.85
2010-03-24,20.56
2010-03-25,20.63
2010-03-26,20.81
2010-03-29,20.795
2010-03-30,20.795
2010-03-31,20.65
2010-04-01,20.9
2010-04-05,21.155
2010-04-06,21.24
2010-04-07,21.12
2010-04-08,21.17
2010-04-09,21.4
2010-04-12,21.34
2010-04-13,21.435
2010-04-14,21.905
2010-04-15,21.97
2010-04-16,21.685
2010-04-19,21.515
2010-04-20,21.63
2010-04-21,21.885
2010-04-22,22.39
2010-04-23,22.56
2010-04-26,22.7
2010-04-27,21.915
2010-04-28,21.71
2010-04-29,22.115
2010-04-30,21.38
2010-05-03,21.785
2010-05-04,21.255
2010-05-05,21.25
2010-05-06,20.42
2010-05-07,19.895
2010-05-10,21.055
2010-05-11,21.135
2010-05-12,21.535
2010-05-13,20.79
2010-05-14,20.405
2010-05-17,20.57
2010-05-18,20.105
2010-05-19,19.985
2010-05-20,19.46
2010-05-21,19.875
2010-05-24,19.78
2010-05-25,19.995
2010-05-26,19.63
2010-05-27,20.39
2010-05-28,20.32
2010-06-01,19.835
2010-06-02,20.195
2010-06-03,20.33
2010-06-04,19.36
2010-06-07,18.88
2010-06-08,19.12
2010-06-09,19.215
2010-06-10,19.745
2010-06-11,19.875
2010-06-14,20.085
2010-06-15,20.36
2010-06-16,20.115
2010-06-17,19.93
2010-06-18,19.705
2010-06-21,19.285
2010-06-22,18.91
2010-06-23,19.045
2010-06-24,18.59
2010-06-25,18.72
2010-06-28,18.56
2010-06-29,17.91
2010-06-30,17.825
2010-07-01,18.165
2010-07-02,17.9
2010-07-06,17.655
2010-07-07,18.21
2010-07-08,18.21
2010-07-09,18.475
2010-07-12,18.285
2010-07-13,18.785
2010-07-14,18.7
2010-07-15,18.81
2010-07-16,18.14
2010-07-19,18.21
2010-07-20,18.65
2010-07-21,18.3
2010-07-22,18.82
2010-07-23,19.225
2010-07-26,19.555
2010-07-27,19.23
2010-07-28,18.97
2010-07-29,18.92
2010-07-30,19.06
2010-08-02,19.485
2010-08-03,18.9
2010-08-04,19.26
2010-08-05,19.215
2010-08-06,19.09
2010-08-09,19.375
2010-08-10,19.055
2010-08-11,18.64
2010-08-12,18.755
2010-08-13,18.44
2010-08-16,18.485
2010-08-17,18.72
2010-08-18,18.955
2010-08-19,18.67
2010-08-20,18.715
2010-08-23,18.525
2010-08-24,18.185
2010-08-25,18.49
2010-08-26,18.26
2010-08-27,18.485
2010-08-30,18.02
2010-08-31,17.96
2010-09-01,18.68
2010-09-02,19.09
2010-09-03,19.385
2010-09-07,19.095
2010-09-08,19.295
2010-09-09,19.19
2010-09-10,19.35
2010-09-13,19.77
2010-09-14,20.16
2010-09-15,20.15
2010-09-16,20.145
2010-09-17,20.165
2010-09-20,20.555
2010-09-21,20.345
2010-09-22,20.3
2010-09-23,20.325
2010-09-24,20.92
2010-09-27,20.825
2010-09-28,21.1
2010-09-29,21.01
2010-09-30,20.91
2010-10-01,20.985
2010-10-04,20.785
2010-10-05,21.11
2010-10-06,21.01
2010-10-07,21.2
2010-10-08,21.415
2010-10-11,21.665
2010-10-12,21.9
2010-10-13,21.855
2010-10-14,21.775
2010-10-15,22.015
2010-10-18,22.06
2010-10-19,21.415
2010-10-20,21.615
2010-10-21,21.49
2010-10-22,21.67
2010-10-25,21.815
2010-10-26,22.025
2010-10-27,21.745
2010-10-28,21.725
2010-10-29,21.805
2010-11-01,21.6
2010-11-02,21.875
2010-11-03,21.895
2010-11-04,22.465
2010-11-05,22.65
2010-11-08,22.725
2010-11-09,22.48
2010-11-10,22.66
2010-11-11,22.67
2010-11-12,22.3
2010-11-15,22.25
2010-11-16,22.135
2010-11-17,22.56
2010-11-18,22.69
2010-11-19,23
2010-11-22,23.215
2010-11-23,23.29
2010-11-24,23.665
2010-11-26,23.685
2010-11-29,23.48
2010-11-30,23.555
2010-12-01,23.84
2010-12-02,23.925
2010-12-03,24.04
2010-12-06,24.02
2010-12-07,23.89
2010-12-08,23.785
2010-12-09,23.93
2010-12-10,24.07
2010-12-13,23.725
2010-12-14,23.63
2010-12-15,23.66
2010-12-16,24.03
2010-12-17,23.98
2010-12-20,23.95
2010-12-21,24.03
2010-12-22,24.015
2010-12-23,24.225
2010-12-27,24.115
2010-12-28,24.05
2010-12-29,24.235
2010-12-30,24.365
2010-12-31,24.18
2011-01-03,24.355
2011-01-04,23.9
2011-01-05,23.88
2011-01-06,23.54
2011-01-07,23.47
2011-01-10,23.68
2011-01-11,23.38
2011-01-12,23.6
2011-01-13,23.515
2011-01-14,23.51
2011-01-18,23.485
2011-01-19,23.26
2011-01-20,23.48
2011-01-21,23.325
2011-01-24,23.415
2011-01-25,23.375
2011-01-26,23.395
2011-01-27,23.69
2011-01-28,23.135
2011-01-31,23.215
2011-02-01,23.53
2011-02-02,23.065
2011-02-03,23.725
2011-02-04,24.055
2011-02-07,24.19
2011-02-08,24.455
2011-02-09,24.49
2011-02-10,24.585
2011-02-11,24.84
2011-02-14,24.715
2011-02-15,24.625
2011-02-16,25.02
2011-02-17,25.01
2011-02-18,25.06
2011-02-22,24.6
2011-02-23,24.18
2011-02-24,24.25
2011-02-25,24.605
2011-02-28,24.61
2011-03-01,24.15
2011-03-02,24.375
2011-03-03,24.67
2011-03-04,24.555
2011-03-07,24.19
2011-03-08,24.325
2011-03-09,24.495
2011-03-10,24.305
2011-03-11,24.615
2011-03-14,24.385
2011-03-15,24.355
2011-03-16,24.085
2011-03-17,23.995
2011-03-18,23.935
2011-03-21,24.385
2011-03-22,24.165
2011-03-23,24.34
2011-03-24,24.73
2011-03-25,24.965
2011-03-28,24.8
2011-03-29,25.095
2011-03-30,25.565
2011-03-31,25.4
2011-04-01,25.53
2011-04-04,25.44
2011-04-05,25.985
2011-04-06,26.055
2011-04-07,26.275
2011-04-08,25.985
2011-04-11,25.98
2011-04-12,25.83
2011-04-13,25.86
2011-04-14,25.875
2011-04-15,26.075
2011-04-18,25.84
2011-04-19,25.845
2011-04-20,26.395
2011-04-21,26.4
2011-04-25,26.39
2011-04-26,26.475
2011-04-27,26.84
2011-04-28,26.81
2011-04-29,26.655
2011-05-02,26.465
2011-05-03,26.345
2011-05-04,26.31
2011-05-05,26.3
2011-05-06,26.36
2011-05-09,26.485
2011-05-10,26.89
2011-05-11,26.77
2011-05-12,27.2
2011-05-13,27.05
2011-05-16,26.605
2011-05-17,26.525
2011-05-18,26.8
2011-05-19,26.66
2011-05-20,26.205
2011-05-23,26.13
2011-05-24,26.19
2011-05-25,26.18
2011-05-26,26.615
2011-05-27,26.845
2011-05-31,27.07
2011-06-01,26.285
2011-06-02,26
2011-06-03,25.615
2011-06-06,25.17
2011-06-07,25.15
2011-06-08,24.835
2011-06-09,25.175
2011-06-10,24.74
2011-06-13,24.82
2011-06-14,25.45
2011-06-15,25.065
2011-06-16,25.09
2011-06-17,25.295
2011-06-20,25.855
2011-06-21,26.37
2011-06-22,25.965
2011-06-23,26.325
2011-06-24,25.98
2011-06-27,26.18
2011-06-28,26.735
2011-06-29,26.6
2011-06-30,26.69
2011-07-01,27.22
2011-07-05,27.25
2011-07-06,27.33
2011-07-07,28.17
2011-07-08,27.955
2011-07-11,27.32
2011-07-12,27.16
2011-07-13,27.395
2011-07-14,27.05
2011-07-15,27.15
2011-07-18,26.87
2011-07-19,27.44
2011-07-20,27.26
2011-07-21,27.465
2011-07-22,27.475
2011-07-25,27.17
2011-07-26,27.5
2011-07-27,26.64
2011-07-28,26.625
2011-07-29,26.63
2011-08-01,26.515
2011-08-02,25.42
2011-08-03,25.965
2011-08-04,24.23
2011-08-05,24.345
2011-08-08,22.345
2011-08-09,23.665
2011-08-10,22.5
2011-08-11,23.605
2011-08-12,23.575
2011-08-15,23.885
2011-08-16,23.615
2011-08-17,23.34
2011-08-18,22.165
2011-08-19,21.915
2011-08-22,22.06
2011-08-23,23.13
2011-08-24,23.37
2011-08-25,22.865
2011-08-26,23.56
2011-08-29,24.52
2011-08-30,24.625
2011-08-31,24.8
2011-09-01,24.25
2011-09-02,23.43
2011-09-06,23.55
2011-09-07,24.565
2011-09-08,24.035
2011-09-09,23.61
2011-09-12,23.925
2011-09-13,24.34
2011-09-14,24.75
2011-09-15,24.925
2011-09-16,25.03
2011-09-19,24.925
2011-09-20,24.495
2011-09-21,23.63
2011-09-22,23.02
2011-09-23,23.455
2011-09-26,24.265
2011-09-27,24.435
2011-09-28,23.835
2011-09-29,23.8
2011-09-30,23.11
2011-10-03,22.22
2011-10-04,23.425
2011-10-05,23.745
2011-10-06,24.315
2011-10-07,24.115
2011-10-10,24.92
2011-10-11,25.085
2011-10-12,25.26
2011-10-13,25.035
2011-10-14,25.47
2011-10-17,24.91
2011-10-18,25.495
2011-10-19,25.29
2011-10-20,25.555
2011-10-21,26.08
2011-10-24,26.88
2011-10-25,26.21
2011-10-26,26.225
2011-10-27,27.245
2011-10-28,26.825
2011-10-31,26.29
2011-11-01,25.965
2011-11-02,26.535
2011-11-03,26.63
2011-11-04,26.535
2011-11-07,26.53
2011-11-08,26.82
2011-11-09,25.705
2011-11-10,26.06
2011-11-11,26.785
2011-11-14,26.57
2011-11-15,26.685
2011-11-16,26.06
2011-11-17,25.715
2011-11-18,25.67
2011-11-21,25.325
2011-11-22,25.14
2011-11-23,24.49
2011-11-25,24.25
2011-11-28,25.085
2011-11-29,25.06
2011-11-30,25.94
2011-12-01,26
2011-12-02,26.28
2011-12-05,26.675
2011-12-06,26.585
2011-12-07,26.66
2011-12-08,26.145
2011-12-09,26.755
2011-12-12,26.615
2011-12-13,25.82
2011-12-14,25.5
2011-12-15,25.665
2011-12-16,25.745
2011-12-19,25.42
2011-12-20,26.27
2011-12-21,26.38
2011-12-22,26.295
2011-12-23,26.525
2011-12-27,26.57
2011-12-28,26.255
2011-12-29,26.41
2011-12-30,26.275
2012-01-03,26.265
2012-01-04,26.19
2012-01-05,26.335
2012-01-06,26.035
2012-01-09,26.335
2012-01-10,26.405
2012-01-11,26.39
2012-01-12,26.42
2012-01-13,26.37
2012-01-17,26.495
2012-01-18,27.18
2012-01-19,27.545
2012-01-20,27.385
2012-01-23,27.44
2012-01-24,27.68
2012-01-25,27.925
2012-01-26,27.725
2012-01-27,27.905
2012-01-30,27.85
2012-01-31,27.575
2012-02-01,27.85
2012-02-02,27.89
2012-02-03,28.45
2012-02-06,28.545
2012-02-07,28.665
2012-02-08,28.685
2012-02-09,28.78
2012-02-10,28.64
2012-02-13,28.805
2012-02-14,29.045
2012-02-15,28.75
2012-02-16,29.175
2012-02-17,29.42
2012-02-21,28.98
2012-02-22,28.935
2012-02-23,29.275
2012-02-24,29.185
2012-02-27,29.35
2012-02-28,29.86
2012-02-29,29.44
2012-03-01,29.765
2012-03-02,29.755
2012-03-05,29.83
2012-03-06,29.455
2012-03-07,29.695
2012-03-08,30.055
2012-03-09,30.41
2012-03-12,30.335
2012-03-13,30.725
2012-03-14,30.66
2012-03-15,30.86
2012-03-16,30.5
2012-03-19,30.54
2012-03-20,30.735
2012-03-21,30.805
2012-03-22,30.745
2012-03-23,30.795
2012-03-26,31.42
2012-03-27,31.275
2012-03-28,30.945
2012-03-29,30.88
2012-03-30,30.625
2012-04-02,30.89
2012-04-03,30.935
2012-04-04,30.635
2012-04-05,30.48
2012-04-09,30.21
2012-04-10,29.385
2012-04-11,29.89
2012-04-12,30.275
2012-04-13,29.935
2012-04-16,30.075
2012-04-17,30.675
2012-04-18,30.625
2012-04-19,30.355
2012-04-20,30.47
2012-04-23,30.12
2012-04-24,29.665
2012-04-25,30.27
2012-04-26,30.7
2012-04-27,31.22
2012-04-30,30.87
2012-05-01,30.715
2012-05-02,31.215
2012-05-03,30.86
2012-05-04,30.32
2012-05-07,30.185
2012-05-08,29.84
2012-05-09,29.94
2012-05-10,30.105
2012-05-11,29.96
2012-05-14,29.6
2012-05-15,29.67
2012-05-16,29.525
2012-05-17,28.5
2012-05-18,28.585
2012-05-21,29.17
2012-05-22,29.195
2012-05-23,29.535
2012-05-24,29.55
2012-05-25,29.705
2012-05-29,29.95
2012-05-30,29.37
2012-05-31,29.205
2012-06-01,28.265
2012-06-04,28.335
2012-06-05,28.565
2012-06-06,29.24
2012-06-07,28.78
2012-06-08,29.14
2012-06-11,28.545
2012-06-12,29.02
2012-06-13,28.25
2012-06-14,28.725
2012-06-15,28.985
2012-06-18,29.045
2012-06-19,29.425
2012-06-20,29.46
2012-06-21,28.78
2012-06-22,28.915
2012-06-25,28.43
2012-06-26,28.715
2012-06-27,28.575
2012-06-28,28.56
2012-06-29,29.545
2012-07-02,29.745
2012-07-03,29.945
2012-07-05,30.26
2012-07-06,30.005
2012-07-09,29.86
2012-07-10,29.81
2012-07-11,29.515
2012-07-12,29.16
2012-07-13,29.61
2012-07-16,29.435
2012-07-17,29.495
2012-07-18,29.78
2012-07-19,29.92
2012-07-20,29.525
2012-07-23,29.17
2012-07-24,28.905
2012-07-25,28.73
2012-07-26,29.08
2012-07-27,29.8
2012-07-30,29.745
2012-07-31,29.555
2012-08-01,29.22
2012-08-02,29.015
2012-08-03,29.695
2012-08-06,29.87
2012-08-07,30.27
2012-08-08,30.28
2012-08-09,30.195
2012-08-10,30.05
2012-08-13,29.98
2012-08-14,30.04
2012-08-15,30.17
2012-08-16,30.525
2012-08-17,30.73
2012-08-20,30.545
2012-08-21,30.575
2012-08-22,30.635
2012-08-23,30.24
2012-08-24,30.345
2012-08-27,30.365
2012-08-28,30.51
2012-08-29,30.7
2012-08-30,30.61
2012-08-31,30.61
2012-09-04,30.855
2012-09-05,30.92
2012-09-06,31.685
2012-09-07,31.76
2012-09-10,31.72
2012-09-11,31.6
2012-09-12,31.895
2012-09-13,32.3
2012-09-14,32.565
2012-09-17,32.38
2012-09-18,32.015
2012-09-19,32.33
2012-09-20,32.24
2012-09-21,32.01
2012-09-24,31.78
2012-09-25,31.33
2012-09-26,31.235
2012-09-27,31.52
2012-09-28,31.375
2012-10-01,31.28
2012-10-02,31.105
2012-10-03,31.285
2012-10-04,31.775
2012-10-05,31.84
2012-10-08,32.015
2012-10-09,31.46
2012-10-10,31.335
2012-10-11,31.305
2012-10-12,31.115
2012-10-15,31.285
2012-10-16,31.52
2012-10-17,31.59
2012-10-18,31.655
2012-10-19,31.105
2012-10-22,31.07
2012-10-23,30.91
2012-10-24,30.79
2012-10-25,30.695
2012-10-26,30.81
2012-10-31,31.155
2012-11-01,31.735
2012-11-02,31.4
2012-11-05,31.505
2012-11-06,31.885
2012-11-07,31.3
2012-11-08,30.62
2012-11-09,30.46
2012-11-12,30.355
2012-11-13,30.455
2012-11-14,30.08
2012-11-15,30.1
2012-11-16,30.175
2012-11-19,30.925
2012-11-20,30.925
2012-11-21,31.13
2012-11-23,31.6
2012-11-26,31.295
2012-11-27,31.37
2012-11-28,31.91
2012-11-29,31.68
2012-11-30,31.635
2012-12-03,31.52
2012-12-04,31.395
2012-12-05,31.275
2012-12-06,31.37
2012-12-07,31.385
2012-12-10,31.215
2012-12-11,31.32
2012-12-12,31.16
2012-12-13,31.165
2012-12-14,31.035
2012-12-17,31.545
2012-12-18,31.85
2012-12-19,31.775
2012-12-20,31.715
2012-12-21,31.14
2012-12-24,31.085
2012-12-26,30.545
2012-12-27,30.61
2012-12-28,30.455
2012-12-31,31.19
2013-01-02,31.425
2013-01-03,31.71
2013-01-04,31.96
2013-01-07,31.615
2013-01-08,31.49
2013-01-09,31.51
2013-01-10,31.525
2013-01-11,31.52
2013-01-14,31.61
2013-01-15,32.27
2013-01-16,32.375
2013-01-17,32.59
2013-01-18,32.755
2013-01-22,32.79
2013-01-23,32.815
2013-01-24,33.095
2013-01-25,33.565
2013-01-28,33.495
2013-01-29,33.54
2013-01-30,33.225
2013-01-31,33.525
2013-02-01,33.57
2013-02-04,33.185
2013-02-05,33.785
2013-02-06,33.89
2013-02-07,33.735
2013-02-08,34
2013-02-11,33.89
2013-02-12,33.91
2013-02-13,33.865
2013-02-14,33.865
2013-02-15,33.735
2013-02-19,34.345
2013-02-20,33.78
2013-02-21,33.655
2013-02-22,33.655
2013-02-25,32.96
2013-02-26,33.095
2013-02-27,33.63
2013-02-28,33.545
2013-03-01,33.715
2013-03-04,33.96
2013-03-05,34.34
2013-03-06,34.22
2013-03-07,34.43
2013-03-08,34.755
2013-03-11,34.73
2013-03-12,34.635
2013-03-13,35.095
2013-03-14,35.32
2013-03-15,35.17
2013-03-18,35.025
2013-03-19,34.675
2013-03-20,35.19
2013-03-21,34.87
2013-03-22,35.13
2013-03-25,35.135
2013-03-26,35.145
2013-03-27,35.08
2013-03-28,35.165
2013-04-01,34.815
2013-04-02,34.905
2013-04-03,34.495
2013-04-04,35.085
2013-04-05,35.065
2013-04-08,35.365
2013-04-09,35.15
2013-04-10,35.77
2013-04-11,36.485
2013-04-12,36.51
2013-04-15,35.34
2013-04-16,35.71
2013-04-17,35.185
2013-04-18,34.825
2013-04-19,35.235
2013-04-22,35.36
2013-04-23,35.78
2013-04-24,36.07
2013-04-25,36.655
2013-04-26,36.51
2013-04-29,36.51
2013-04-30,36.735
2013-05-01,36.26
2013-05-02,36.685
2013-05-03,37.27
2013-05-06,37.255
2013-05-07,37.625
2013-05-08,37.695
2013-05-09,37.685
2013-05-10,38.225
2013-05-13,38.085
2013-05-14,38.67
2013-05-15,38.885
2013-05-16,38.465
2013-05-17,38.875
2013-05-20,39.055
2013-05-21,39.34
2013-05-22,38.965
2013-05-23,39.165
2013-05-24,38.795
2013-05-28,38.995
2013-05-29,38.76
2013-05-30,38.895
2013-05-31,38.8
2013-06-03,38.855
2013-06-04,38.71
2013-06-05,38.275
2013-06-06,38.545
2013-06-07,39.16
2013-06-10,39.275
2013-06-11,38.865
2013-06-12,38.405
2013-06-13,39.035
2013-06-14,38.81
2013-06-17,39.03
2013-06-18,39.395
2013-06-19,38.935
2013-06-20,37.945
2013-06-21,37.75
2013-06-24,37.295
2013-06-25,37.64
2013-06-26,37.895
2013-06-27,38.285
2013-06-28,38.305
2013-07-01,38.67
2013-07-02,38.725
2013-07-03,38.795
2013-07-05,39.295
2013-07-08,39.795
2013-07-09,40.115
2013-07-10,40.17
2013-07-11,40.505
2013-07-12,40.405
2013-07-15,40.61
2013-07-16,40.33
2013-07-17,40.32
2013-07-18,40.585
2013-07-19,40.44
2013-07-22,40.495
2013-07-23,40.44
2013-07-24,40.175
2013-07-25,40.63
2013-07-26,40.64
2013-07-29,40.575
2013-07-30,40.72
2013-07-31,40.84
2013-08-01,41.485
2013-08-02,41.55
2013-08-05,41.495
2013-08-06,40.985
2013-08-07,40.39
2013-08-08,40.765
2013-08-09,40.71
2013-08-12,40.895
2013-08-13,41.115
2013-08-14,40.825
2013-08-15,40.015
2013-08-16,39.705
2013-08-19,39.465
2013-08-20,40.07
2013-08-21,39.51
2013-08-22,39.57
2013-08-23,39.445
2013-08-26,39.42
2013-08-27,38.68
2013-08-28,38.895
2013-08-29,39.235
2013-08-30,38.94
2013-09-03,39.045
2013-09-04,39.345
2013-09-05,39.575
2013-09-06,39.375
2013-09-09,40.025
2013-09-10,40.445
2013-09-11,40.545
2013-09-12,40.18
2013-09-13,40.38
2013-09-16,40.445
2013-09-17,40.88
2013-09-18,41.32
2013-09-19,41.41
2013-09-20,41.15
2013-09-23,40.995
2013-09-24,41.125
2013-09-25,40.96
2013-09-26,41.2
2013-09-27,41.19
2013-09-30,41.01
2013-10-01,41.465
2013-10-02,41.465
2013-10-03,41.11
2013-10-04,41.375
2013-10-07,40.66
2013-10-08,39.875
2013-10-09,39.855
2013-10-10,40.635
2013-10-11,40.875
2013-10-14,41.025
2013-10-15,40.67
2013-10-16,41.36
2013-10-17,41.535
2013-10-18,41.925
2013-10-21,41.9
2013-10-22,41.805
2013-10-23,41.705
2013-10-24,41.94
2013-10-25,41.98
2013-10-28,42.015
2013-10-29,42.315
2013-10-30,42.025
2013-10-31,42.085
2013-11-01,42.275
2013-11-04,42.64
2013-11-05,42.695
2013-11-06,42.35
2013-11-07,41.84
2013-11-08,42.435
2013-11-11,42.86
2013-11-12,43.09
2013-11-13,43.655
2013-11-14,43.745
2013-11-15,44.015
2013-11-18,43.745
2013-11-19,43.42
2013-11-20,43.435
2013-11-21,43.775
2013-11-22,43.735
2013-11-25,43.825
2013-11-26,44.045
2013-11-27,44.27
2013-11-29,44.23
2013-12-02,43.935
2013-12-03,43.9
2013-12-04,43.51
2013-12-05,43.375
2013-12-06,43.125
2013-12-09,43.195
2013-12-10,43.01
2013-12-11,42.73
2013-12-12,42.66
2013-12-13,42.72
2013-12-16,42.905
2013-12-17,42.72
2013-12-18,43.45
2013-12-19,43.225
2013-12-20,43.57
2013-12-23,43.77
2013-12-24,43.855
2013-12-26,44.105
2013-12-27,43.785
2013-12-30,44.005
2013-12-31,44.05
2014-01-02,43.72
2014-01-03,43.8
2014-01-06,43.38
2014-01-07,43.45
2014-01-08,43.245
2014-01-09,42.905
2014-01-10,42.92
2014-01-13,41.68
2014-01-14,42.155
2014-01-15,42.01
2014-01-16,41.675
2014-01-17,41.485
2014-01-21,41.405
2014-01-22,41.46
2014-01-23,41.195
2014-01-24,40.475
2014-01-27,40.38
2014-01-28,40.445
2014-01-29,39.775
2014-01-30,40.105
2014-01-31,39.925
2014-02-03,38.735
2014-02-04,38.935
2014-02-05,39.06
2014-02-06,40
2014-02-07,40.37
2014-02-10,40.295
2014-02-11,40.575
2014-02-12,40.52
2014-02-13,40.72
2014-02-14,40.61
2014-02-18,40.865
2014-02-19,41.02
2014-02-20,41.005
2014-02-21,41.14
2014-02-24,41.29
2014-02-25,41.82
2014-02-26,42.605
2014-02-27,42.87
2014-02-28,42.815
2014-03-03,42.66
2014-03-04,43.42
2014-03-05,43.265
2014-03-06,43.195
2014-03-07,43.545
2014-03-10,43.575
2014-03-11,43.31
2014-03-12,43.3
2014-03-13,42.79
2014-03-14,42.86
2014-03-17,43.13
2014-03-18,43.335
2014-03-19,43.06
2014-03-20,43.03
2014-03-21,43.015
2014-03-24,42.59
2014-03-25,42.15
2014-03-26,41.67
2014-03-27,41.555
2014-03-28,41.92
2014-03-31,42.125
2014-04-01,42.75
2014-04-02,43.37
2014-04-03,43.245
2014-04-04,42.45
2014-04-07,41.505
2014-04-08,41.945
2014-04-09,42.31
2014-04-10,41.135
2014-04-11,40.555
2014-04-14,40.755
2014-04-15,40.785
2014-04-16,41
2014-04-17,40.965
2014-04-21,41.085
2014-04-22,41.595
2014-04-23,41.57
2014-04-24,41.65
2014-04-25,41.135
2014-04-28,41.535
2014-04-29,41.71
2014-04-30,41.76
2014-05-01,41.78
2014-05-02,41.99
2014-05-05,41.805
2014-05-06,41.095
2014-05-07,40.665
2014-05-08,40.9
2014-05-09,41.63
2014-05-12,42.44
2014-05-13,42.255
2014-05-14,41.675
2014-05-15,41.185
2014-05-16,41.785
2014-05-19,41.95
2014-05-20,40.915
2014-05-21,40.995
2014-05-22,41.435
2014-05-23,41.615
2014-05-27,41.85
2014-05-28,41.465
2014-05-29,41.72
2014-05-30,41.89
2014-06-02,41.78
2014-06-03,41.9
2014-06-04,42.22
2014-06-05,42.5
2014-06-06,42.75
2014-06-09,42.875
2014-06-10,42.855
2014-06-11,42.78
2014-06-12,42.205
2014-06-13,42.435
2014-06-16,42.77
2014-06-17,43.14
2014-06-18,43.425
2014-06-19,43.225
2014-06-20,43.115
2014-06-23,43.165
2014-06-24,42.865
2014-06-25,43.06
2014-06-26,43.035
2014-06-27,43.275
2014-06-30,43.4
2014-07-01,43.735
2014-07-02,43.75
2014-07-03,44.325
2014-07-07,43.815
2014-07-08,43.365
2014-07-09,43.675
2014-07-10,43.14
2014-07-11,42.905
2014-07-14,42.89
2014-07-15,42.62
2014-07-16,42.465
2014-07-17,41.935
2014-07-18,42.685
2014-07-21,42.38
2014-07-22,42.275
2014-07-23,42.39
2014-07-24,42.665
2014-07-25,42.165
2014-07-28,42.12
2014-07-29,42.12
2014-07-30,42.535
2014-07-31,41.925
2014-08-01,41.82
2014-08-04,42.285
2014-08-05,42.135
2014-08-06,42.305
2014-08-07,41.97
2014-08-08,42.62
2014-08-11,42.875
2014-08-12,42.53
2014-08-13,42.26
2014-08-14,42.68
2014-08-15,42.315
2014-08-18,42.97
2014-08-19,43.525
2014-08-20,43.84
2014-08-21,43.745
2014-08-22,44.04
2014-08-25,44.255
2014-08-26,44.585
2014-08-27,44.735
2014-08-28,44.515
2014-08-29,44.415
2014-09-02,44.53
2014-09-03,44.435
2014-09-04,44.695
2014-09-05,44.6
2014-09-08,44.46
2014-09-09,44.03
2014-09-10,44.19
2014-09-11,44.575
2014-09-12,44.56
2014-09-15,44.13
2014-09-16,44.53
2014-09-17,44.595
2014-09-18,44.68
2014-09-19,44.27
2014-09-22,43.565
2014-09-23,43.09
2014-09-24,43.59
2014-09-25,43.045
2014-09-26,43.195
2014-09-29,43.22
2014-09-30,42.79
2014-10-01,42.165
2014-10-02,42.715
2014-10-03,43.355
2014-10-06,42.91
2014-10-07,42.15
2014-10-08,42.71
2014-10-09,41.845
2014-10-10,41.72
2014-10-13,40.965
2014-10-14,41.46
2014-10-15,41.54
2014-10-16,41.48
2014-10-17,41.37
2014-10-20,42.16
2014-10-21,42.77
2014-10-22,42.295
2014-10-23,43.055
2014-10-24,42.97
2014-10-27,43.065
2014-10-28,43.7
2014-10-29,43.445
2014-10-30,43.83
2014-10-31,44.225
2014-11-03,44.15
2014-11-04,43.995
2014-11-05,44.165
2014-11-06,44.86
2014-11-07,45.025
2014-11-10,44.875
2014-11-11,44.935
2014-11-12,45.77
2014-11-13,45.565
2014-11-14,45.655
2014-11-17,45.14
2014-11-18,45.185
2014-11-19,45.52
2014-11-20,46.28
2014-11-21,46.34
2014-11-24,46.95
2014-11-25,46.875
2014-11-26,46.735
2014-11-28,47.155
2014-12-01,46.125
2014-12-02,46.285
2014-12-03,46.685
2014-12-04,46.365
2014-12-05,46.215
2014-12-08,45.865
2014-12-09,46.025
2014-12-10,45.27
2014-12-11,45.855
2014-12-12,46.14
2014-12-15,46.235
2014-12-16,45.66
2014-12-17,46.765
2014-12-18,47.5
2014-12-19,47.065
2014-12-22,47.335
2014-12-23,47.65
2014-12-24,47.62
2014-12-26,47.775
2014-12-29,48.245
2014-12-30,48.145
2014-12-31,48.005
2015-01-02,47.67
2015-01-05,47.13
2015-01-06,46.63
2015-01-07,47.85
2015-01-08,48.495
2015-01-09,47.625
2015-01-12,47.725
2015-01-13,47.315
2015-01-14,47.14
2015-01-15,46.06
2015-01-16,46.72
2015-01-20,46.115
2015-01-21,46.415
2015-01-22,47.28
2015-01-23,47.59
2015-01-26,47.99
2015-01-27,47.835
2015-01-28,47.065
2015-01-29,47.435
2015-01-30,46.45
2015-02-02,46.7
2015-02-03,47.59
2015-02-04,47.685
2015-02-05,48.005
2015-02-06,47.975
2015-02-09,47.775
2015-02-10,48.21
2015-02-11,48.27
2015-02-12,48.72
2015-02-13,49.01
2015-02-17,48.965
2015-02-18,48.94
2015-02-19,48.955
2015-02-20,49.235
2015-02-23,49.23
2015-02-24,49.145
2015-02-25,49.26
2015-02-26,49.215
2015-02-27,49.35
2015-03-02,49.57
2015-03-03,49.3
2015-03-04,49.125
2015-03-05,49.185
2015-03-06,48.855
2015-03-09,49.085
2015-03-10,48.64
2015-03-11,48.805
2015-03-12,49.655
2015-03-13,49.46
2015-03-16,49.8
2015-03-17,49.895
2015-03-18,50.05
2015-03-19,50.34
2015-03-20,50.48
2015-03-23,50.58
2015-03-24,50.68
2015-03-25,49.86
2015-03-26,49.71
2015-03-27,50.12
2015-03-30,50.79
2015-03-31,50.52
2015-04-01,50.245
2015-04-02,50.61
2015-04-06,50.755
2015-04-07,50.315
2015-04-08,50.755
2015-04-09,50.555
2015-04-10,50.72
2015-04-13,50.76
2015-04-14,50.33
2015-04-15,50.295
2015-04-16,50.33
2015-04-17,49.39
2015-04-20,49.845
2015-04-21,49.95
2015-04-22,50.07
2015-04-23,50.4
2015-04-24,50.49
2015-04-27,49.95
2015-04-28,49.765
2015-04-29,48.8
2015-04-30,48.365
2015-05-01,49.1
2015-05-04,49.275
2015-05-05,48.645
2015-05-06,48.615
2015-05-07,49.17
2015-05-08,49.585
2015-05-11,49.57
2015-05-12,49.295
2015-05-13,49.15
2015-05-14,48.825
2015-05-15,49.32
2015-05-18,49.805
2015-05-19,49.465
2015-05-20,49.5
2015-05-21,49.77
2015-05-22,49.62
2015-05-26,49.075
2015-05-27,49.32
2015-05-28,49.37
2015-05-29,48.895
2015-06-01,48.895
2015-06-02,49.245
2015-06-03,49.97
2015-06-04,49.925
2015-06-05,49.73
2015-06-08,49.355
2015-06-09,49.135
2015-06-10,49.585
2015-06-11,49.73
2015-06-12,49.77
2015-06-15,49.49
2015-06-16,49.735
2015-06-17,49.91
2015-06-18,50.4
2015-06-19,50.175
2015-06-22,50.385
2015-06-23,50.845
2015-06-24,50.485
2015-06-25,50.34
2015-06-26,50.605
2015-06-29,49.225
2015-06-30,49.33
2015-07-01,49.64
2015-07-02,49.385
2015-07-06,49.455
2015-07-07,49.94
2015-07-08,49.345
2015-07-09,49.455
2015-07-10,49.98
2015-07-13,50.6
2015-07-14,50.385
2015-07-15,50.25
2015-07-16,50.905
2015-07-17,50.325
2015-07-20,50.155
2015-07-21,49.825
2015-07-22,50.035
2015-07-23,49.395
2015-07-24,48.57
2015-07-27,48.165
2015-07-28,48.33
2015-07-29,48.63
2015-07-30,48.95
2015-07-31,49.175
2015-08-03,48.61
2015-08-04,48.945
2015-08-05,49.495
2015-08-06,48.52
2015-08-07,48.06
2015-08-10,48.63
2015-08-11,48.43
2015-08-12,48.175
2015-08-13,48.105
2015-08-14,48.45
2015-08-17,48.8
2015-08-18,48.645
2015-08-19,48.24
2015-08-20,47.075
2015-08-21,45.54
2015-08-24,44.2
2015-08-25,44.075
2015-08-26,45.67
2015-08-27,46.59
2015-08-28,46.86
2015-08-31,46.775
2015-09-01,45.795
2015-09-02,46.445
2015-09-03,46.465
2015-09-04,46.1
2015-09-08,47.005
2015-09-09,46.31
2015-09-10,46.255
2015-09-11,46.2
2015-09-14,45.95
2015-09-15,46.3
2015-09-16,47.06
2015-09-17,47.08
2015-09-18,46.1
2015-09-21,46.4
2015-09-22,45.82
2015-09-23,45.67
2015-09-24,45.57
2015-09-25,45.28
2015-09-28,43.85
2015-09-29,43.8
2015-09-30,44.42
2015-10-01,44.16
2015-10-02,44.94
2015-10-05,45.66
2015-10-06,45.15
2015-10-07,45.61
2015-10-08,46.3
2015-10-09,46.23
2015-10-12,46.1
2015-10-13,45.53
2015-10-14,45.09
2015-10-15,45.67
2015-10-16,45.91
2015-10-19,46.21
2015-10-20,46.35
2015-10-21,45.76
2015-10-22,45.62
2015-10-23,44.99
2015-10-26,45.23
2015-10-27,44.7
2015-10-28,45.84
2015-10-29,45.64
2015-10-30,45.89
2015-11-02,46.35
2015-11-03,46.91
2015-11-04,46.41
2015-11-05,46.66
2015-11-06,46.27
2015-11-09,45.3
2015-11-10,45.65
2015-11-11,44.62
2015-11-12,44.05
2015-11-13,42.37
2015-11-16,43.02
2015-11-17,42.86
2015-11-18,43.61
2015-11-19,43.28
2015-11-20,44.16
2015-11-23,44.58
2015-11-24,45
2015-11-25,45.62
2015-11-27,45.56
2015-11-30,44.57
2015-12-01,44.74
2015-12-02,44.69
2015-12-03,43.91
2015-12-04,44.67
2015-12-07,44.27
2015-12-08,44.22
2015-12-09,44.02
2015-12-10,44.27
2015-12-11,43.42
2015-12-14,43.42
2015-12-15,43.65
2015-12-16,44.39
2015-12-17,43.46
2015-12-18,42.74
2015-12-21,42.71
2015-12-22,43.54
2015-12-23,44.02
2015-12-24,43.65
2015-12-28,43.54
2015-12-29,44
2015-12-30,43.69
2015-12-31,43.24
2016-01-04,42.97
2016-01-05,43.32
2016-01-06,42.41
2016-01-07,42.26
2016-01-08,40.98
2016-01-11,41.11
2016-01-12,41.45
2016-01-13,40.08
2016-01-14,40.17
2016-01-15,39.41
2016-01-19,39.09
2016-01-20,39.29
2016-01-21,39.67
2016-01-22,40.37
2016-01-25,39.58
2016-01-26,40.51
2016-01-27,39.94
2016-01-28,39.93
2016-01-29,41.04
2016-02-01,41.25
2016-02-02,40.43
2016-02-03,40.17
2016-02-04,40.17
2016-02-05,39.11
2016-02-08,38.65
2016-02-09,38.53
2016-02-10,38.51
2016-02-11,38.39
2016-02-12,39.32
2016-02-16,40.9
2016-02-17,41.75
2016-02-18,41.67
2016-02-19,41.35
2016-02-22,42.06
2016-02-23,42.15
2016-02-24,42.66
2016-02-25,43.25
2016-02-26,43.35
2016-02-29,43.32
2016-03-01,44.01
2016-03-02,44.21
2016-03-03,44.6
2016-03-04,44.82
2016-03-07,45.05
2016-03-08,44.73
2016-03-09,44.83
2016-03-10,44.92
2016-03-11,45.61
2016-03-14,45.57
2016-03-15,45.68
2016-03-16,45.32
2016-03-17,45.77
2016-03-18,45.98
2016-03-21,45.74
2016-03-22,45.52
2016-03-23,44.96
2016-03-24,45.19
2016-03-28,45.53
2016-03-29,46.14
2016-03-30,46.24
2016-03-31,46.18
2016-04-01,46.12
2016-04-04,45.52
2016-04-05,45.02
2016-04-06,45.36
2016-04-07,44.1
2016-04-08,43.86
2016-04-11,43.49
2016-04-12,44.09
2016-04-13,45.29
2016-04-14,44.99
2016-04-15,45.34
2016-04-18,45.54
2016-04-19,45.37
2016-04-20,45.55
2016-04-21,45.01
2016-04-22,45.23
2016-04-25,44.83
2016-04-26,45.54
2016-04-27,45.79
2016-04-28,44.77
2016-04-29,44.2
2016-05-02,44.6
2016-05-03,43.96
2016-05-04,43.81
2016-05-05,42.91
2016-05-06,43.03
2016-05-09,43.73
2016-05-10,43.66
2016-05-11,41.72
2016-05-12,41.61
2016-05-13,41.04
2016-05-16,41.38
2016-05-17,40.72
2016-05-18,40.16
2016-05-19,40.68
2016-05-20,41.26
2016-05-23,40.87
2016-05-24,41.2
2016-05-25,41.7
2016-05-26,41.81
2016-05-27,42.3
2016-05-31,42.31
2016-06-01,42.46
2016-06-02,42.95
2016-06-03,42.65
2016-06-06,42.65
2016-06-07,42.95
2016-06-08,42.97
2016-06-09,42.32
2016-06-10,41.71
2016-06-13,41.2
2016-06-14,41.08
2016-06-15,41.59
2016-06-16,41.36
2016-06-17,41.44
2016-06-20,41.96
2016-06-21,41.61
2016-06-22,41.42
2016-06-23,42
2016-06-24,41.1
2016-06-27,40.14
2016-06-28,40.68
2016-06-29,41.61
2016-06-30,41.96
2016-07-01,42.34
2016-07-05,41.66
2016-07-06,42.29
2016-07-07,42.29
2016-07-08,43.39
2016-07-11,43.87
2016-07-12,44.21
2016-07-13,43.86
2016-07-14,43.93
2016-07-15,43.74
2016-07-18,44.44
2016-07-19,44.06
2016-07-20,44.46
2016-07-21,44.29
2016-07-22,44.49
2016-07-25,44.94
2016-07-26,45.24
2016-07-27,44.86
2016-07-28,44.87
2016-07-29,45.09
2016-08-01,44.93
2016-08-02,43.8
2016-08-03,44.24
2016-08-04,44.08
2016-08-05,44.83
2016-08-08,44.79
2016-08-09,44.17
2016-08-10,44.19
2016-08-11,45.26
2016-08-12,45.51
2016-08-15,45.96
2016-08-16,45.82
2016-08-17,45.34
2016-08-18,45.75
2016-08-19,45.94
2016-08-22,45.7
2016-08-23,46.16
2016-08-24,45.62
2016-08-25,45.36
2016-08-26,45.02
2016-08-29,45.23
2016-08-30,44.5
2016-08-31,44.47
2016-09-01,44.21
2016-09-02,44.51
2016-09-06,44.44
2016-09-07,44.76
2016-09-08,44.47
2016-09-09,43.52
2016-09-12,44.14
2016-09-13,43.52
2016-09-14,43.54
2016-09-15,44.1
2016-09-16,43.75
2016-09-19,43.68
2016-09-20,43.17
2016-09-21,43.48
2016-09-22,43.81
2016-09-23,43.78
2016-09-26,43.3
2016-09-27,43.59
2016-09-28,43.31
2016-09-29,42.91
2016-09-30,43.55
2016-10-03,43.43
2016-10-04,43.41
2016-10-05,43.99
2016-10-06,43.88
2016-10-07,43.85
2016-10-10,44.02
2016-10-11,43.35
2016-10-12,43.68
2016-10-13,43.21
2016-10-14,43.12
2016-10-17,42.7
2016-10-18,42.75
2016-10-19,43.16
2016-10-20,42.91
2016-10-21,42.95
2016-10-24,43.25
2016-10-25,42.88
2016-10-26,42.73
2016-10-27,41.91
2016-10-28,42.13
2016-10-31,42.23
2016-11-01,41.53
2016-11-02,41.53
2016-11-03,41.04
2016-11-04,41.07
2016-11-07,41.83
2016-11-08,41.71
2016-11-09,42.59
2016-11-10,43.72
2016-11-11,44.41
2016-11-14,45.26
2016-11-15,45.06
2016-11-16,45.28
2016-11-17,45.74
2016-11-18,45.31
2016-11-21,45.54
2016-11-22,46.6
2016-11-23,46.83
2016-11-25,46.64
2016-11-28,46.07
2016-11-29,46.01
2016-11-30,45.71
2016-12-01,45.51
2016-12-02,45.61
2016-12-05,46.24
2016-12-06,46.67
2016-12-07,47.5
2016-12-08,48.16
2016-12-09,47.94
2016-12-12,47.09
2016-12-13,47.09
2016-12-14,46.54
2016-12-15,46.55
2016-12-16,45.91
2016-12-19,46.12
2016-12-20,46.75
2016-12-21,46.36
2016-12-22,44.74
2016-12-23,44.48
2016-12-27,44.91
2016-12-28,44.37
2016-12-29,44.25
2016-12-30,44.07
2017-01-03,44.3
2017-01-04,45.17
2017-01-05,44.02
2017-01-06,43.71
2017-01-09,43.82
2017-01-10,44.33
2017-01-11,44.05
2017-01-12,43.97
2017-01-13,44.01
2017-01-17,44.36
2017-01-18,44.32
2017-01-19,43.52
2017-01-20,43.43
2017-01-23,43.07
2017-01-24,43.64
2017-01-25,43.82
2017-01-26,43.27
2017-01-27,42.69
2017-01-30,42.83
2017-01-31,43.2
2017-02-01,42.78
2017-02-02,42.72
2017-02-03,43.03
2017-02-06,42.57
2017-02-07,42.34
2017-02-08,43
2017-02-09,43.74
2017-02-10,44.04
2017-02-13,43.5
2017-02-14,43.95
2017-02-15,44.35
2017-02-16,43.43
2017-02-17,43.82
2017-02-21,44.31
2017-02-22,44.13
2017-02-23,43.1
2017-02-24,43.72
2017-02-27,44.03
2017-02-28,42.93
2017-03-01,42.89
2017-03-02,43.34
2017-03-03,42.72
2017-03-06,42.34
2017-03-07,41.94
2017-03-08,42.37
2017-03-09,41.83
2017-03-10,42.14
2017-03-13,41.88
2017-03-14,41.91
2017-03-15,42.3
2017-03-16,42.43
2017-03-17,42.44
2017-03-20,41.81
2017-03-21,40.96
2017-03-22,40.9
2017-03-23,41.21
2017-03-24,41.1
2017-03-27,41.28
2017-03-28,41.72
2017-03-29,42.54
2017-03-30,42.59
2017-03-31,42.24
2017-04-03,41.6
2017-04-04,41.22
2017-04-05,40.82
2017-04-06,41.65
2017-04-07,41.51
2017-04-10,42.11
2017-04-11,42.5
2017-04-12,42.04
2017-04-13,41.65
2017-04-17,42.02
2017-04-18,42.18
2017-04-19,42.43
2017-04-20,43.22
2017-04-21,42.89
2017-04-24,43.15
2017-04-25,43.11
2017-04-26,43.53
2017-04-27,43.47
2017-04-28,42.91
2017-05-01,42.88
2017-05-02,43.31
2017-05-03,43.02
2017-05-04,42.77
2017-05-05,43.39
2017-05-08,43.26
2017-05-09,43.79
2017-05-10,44.1
2017-05-11,42.91
2017-05-12,42.13
2017-05-15,42.07
2017-05-16,41.74
2017-05-17,40.88
2017-05-18,40.97
2017-05-19,40.96
2017-05-22,41.31
2017-05-23,40.55
2017-05-24,40.4
2017-05-25,40.81
2017-05-26,40.82
2017-05-30,40.75
2017-05-31,40.74
2017-06-01,41.64
2017-06-02,41.3
2017-06-05,41.29
2017-06-06,40.39
2017-06-07,40.55
2017-06-08,40.46
2017-06-09,41.04
2017-06-12,41.15
2017-06-13,41.26
2017-06-14,41.17
2017-06-15,40.66
2017-06-16,39.97
2017-06-19,40.14
2017-06-20,39.32
2017-06-21,38.8
2017-06-22,39.06
2017-06-23,39.53
2017-06-26,40.25
2017-06-27,40.25
2017-06-28,40.58
2017-06-29,40.48
2017-06-30,40.72
2017-07-03,41.02
2017-07-05,40.33
2017-07-06,39.46
2017-07-07,39.7
2017-07-10,38.75
2017-07-11,38.79
2017-07-12,39.03
2017-07-13,39.93
2017-07-14,39.86
2017-07-17,40.22
2017-07-18,40.12
2017-07-19,40.5
2017-07-20,40.59
2017-07-21,40.36
2017-07-24,39.76
2017-07-25,40.81
2017-07-26,40.81
2017-07-27,41.37
2017-07-28,41.32
2017-07-31,41.16
2017-08-01,41.3
2017-08-02,40.77
2017-08-03,40.69
2017-08-04,41.11
2017-08-07,41.33
2017-08-08,41.11
2017-08-09,40.64
2017-08-10,39.4
2017-08-11,39.65
2017-08-14,39.66
2017-08-15,38.59
2017-08-16,38.96
2017-08-17,38.32
2017-08-18,38.19
2017-08-21,37.93
2017-08-22,38.45
2017-08-23,38.49
2017-08-24,38.84
2017-08-25,39.3
2017-08-28,39.13
2017-08-29,38.9
2017-08-30,38.99
2017-08-31,39.17
2017-09-01,39.7
2017-09-05,39.66
2017-09-06,40.18
2017-09-07,40.37
2017-09-08,40.08
2017-09-11,40.34
2017-09-12,40.95
2017-09-13,41.38
2017-09-14,41.07
2017-09-15,41.2
2017-09-18,41.04
2017-09-19,40.62
2017-09-20,40.51
2017-09-21,40.31
2017-09-22,40.8
2017-09-25,41.2
2017-09-26,41.46
2017-09-27,41.96
2017-09-28,41.73
2017-09-29,41.77
2017-10-02,41.76
2017-10-03,41.9
2017-10-04,41.59
2017-10-05,41.9
2017-10-06,41.65
2017-10-09,40.86
2017-10-10,40.97
2017-10-11,40.41
2017-10-12,39.88
2017-10-13,40
2017-10-16,39.73
2017-10-17,40.02
2017-10-18,40.27
2017-10-19,40.16
2017-10-20,40.65
2017-10-23,40.77
2017-10-24,40.9
2017-10-25,40.59
2017-10-26,40.75
2017-10-27,40.14
2017-10-30,39.48
2017-10-31,39.49
2017-11-01,39.58
2017-11-02,40.04
2017-11-03,39.88
2017-11-06,39.94
2017-11-07,39
2017-11-08,39.07
2017-11-09,39.71
2017-11-10,40.18
2017-11-13,39.7
2017-11-14,39.8
2017-11-15,39.88
2017-11-16,40.61
2017-11-17,41.75
2017-11-20,42.1
2017-11-21,41.58
2017-11-22,41.7
2017-11-24,41.52
2017-11-27,41.6
2017-11-28,42.87
2017-11-29,43.94
2017-11-30,43.73
2017-12-01,43.52
2017-12-04,44.52
2017-12-05,44.07
2017-12-06,44.11
2017-12-07,44.41
2017-12-08,44.93
2017-12-11,44.82
2017-12-12,44.19
2017-12-13,44.65
2017-12-14,43.82
2017-12-15,44.28
2017-12-18,45.46
2017-12-19,45.05
2017-12-20,45.2
2017-12-21,45.39
2017-12-22,45.51
2017-12-26,46.02
2017-12-27,45.47
2017-12-28,45.52
2017-12-29,45.18
2018-01-02,46.01
2018-01-03,45.98
2018-01-04,45.71
2018-01-05,46.11
2018-01-08,46.3
2018-01-09,45.81
2018-01-10,46.14
2018-01-11,47.28
2018-01-12,47.82
2018-01-16,46.8
2018-01-17,47.29
2018-01-18,47.42
2018-01-19,48.3
2018-01-22,48.91
2018-01-23,48.85
2018-01-24,48.51
2018-01-25,48.35
2018-01-26,48.84
2018-01-29,48.76
2018-01-30,47.67
2018-01-31,47.22
2018-02-01,46.73
2018-02-02,45.49
2018-02-05,44.02
2018-02-06,45.3
2018-02-07,45.75
2018-02-08,44.43
2018-02-09,44.74
2018-02-12,44.73
2018-02-13,44.95
2018-02-14,45.77
2018-02-15,46.3
2018-02-16,46.21
2018-02-20,45.3
2018-02-21,45.34
2018-02-22,45.26
2018-02-23,45.96
2018-02-26,46.11
2018-02-27,45.17
2018-02-28,45.28
2018-03-01,44.85
2018-03-02,45.31
2018-03-05,45.53
2018-03-06,46.17
2018-03-07,45.54
2018-03-08,44.77
2018-03-09,45.45
2018-03-12,45.3
2018-03-13,45.19
2018-03-14,44.93
2018-03-15,44.65
2018-03-16,44.74
2018-03-19,44.4
2018-03-20,44.05
2018-03-21,44.06
2018-03-22,43.37
2018-03-23,42.96
2018-03-26,44.32
2018-03-27,43.42
2018-03-28,43.87
2018-03-29,44.3
2018-04-02,43.13
2018-04-03,43.69
2018-04-04,44.9
2018-04-05,45.26
2018-04-06,44.49
2018-04-09,44.23
2018-04-10,45.15
2018-04-11,45.03
2018-04-12,45.09
2018-04-13,44.49
2018-04-16,44.81
2018-04-17,45.1
2018-04-18,45.12
2018-04-19,44.57
2018-04-20,43.98
2018-04-23,44.45
2018-04-24,44.36
2018-04-25,44.61
2018-04-26,45.26
2018-04-27,45.72
2018-04-30,45.18
2018-05-01,45.06
2018-05-02,45.24
2018-05-03,44.71
2018-05-04,44.99
2018-05-07,44.78
2018-05-08,44.75
2018-05-09,45.2
2018-05-10,45.14
2018-05-11,45.55
2018-05-14,46.06
2018-05-15,46.2
2018-05-16,46.95
2018-05-17,47
2018-05-18,46.51
2018-05-21,46.77
2018-05-22,45.95
2018-05-23,46.28
2018-05-24,46.66
2018-05-25,46.66
2018-05-29,46.63
2018-05-30,47.26
2018-05-31,46.37
2018-06-01,46.62
2018-06-04,47.64
2018-06-05,48.49
2018-06-06,48.83
2018-06-07,49.12
2018-06-08,49.55
2018-06-11,50.07
2018-06-12,50.25
2018-06-13,49.63
2018-06-14,49.21
2018-06-15,49.36
2018-06-18,49.83
2018-06-19,50.05
2018-06-20,50.56
2018-06-21,50.61
2018-06-22,50.44
2018-06-25,49.65
2018-06-26,49.85
2018-06-27,49.1
2018-06-28,49.11
2018-06-29,48.56
2018-07-02,48.47
2018-07-03,48.72
2018-07-05,49.28
2018-07-06,49.83
2018-07-09,49.97
2018-07-10,49.61
2018-07-11,49.15
2018-07-12,48.95
2018-07-13,49.22
2018-07-16,49.32
2018-07-17,49.91
2018-07-18,50.08
2018-07-19,50.63
2018-07-20,50.07
2018-07-23,50.02
2018-07-24,49.2
2018-07-25,49.67
2018-07-26,50.13
2018-07-27,49.34
2018-07-30,49.56
2018-07-31,49.63
2018-08-01,49.05
2018-08-02,49.56
2018-08-03,49.99
2018-08-06,50.29
2018-08-07,50.71
2018-08-08,50.74
2018-08-09,50.96
2018-08-10,50.99
2018-08-13,50.71
2018-08-14,51.86
2018-08-15,50.45
2018-08-16,50.62
2018-08-17,51.2
2018-08-20,51.93
2018-08-21,52.34
2018-08-22,52.37
2018-08-23,52.5
2018-08-24,51.92
2018-08-27,51.55
2018-08-28,51.8
2018-08-29,51.75
2018-08-30,51.4
2018-08-31,52.09
2018-09-04,52.33
2018-09-05,51.81
2018-09-06,51.16
2018-09-07,51.29
2018-09-10,51.86
2018-09-11,52.22
2018-09-12,52.03
2018-09-13,51.66
2018-09-14,51.78
2018-09-17,51.25
2018-09-18,51.44
2018-09-19,51.43
2018-09-20,51.6
2018-09-21,51.35
2018-09-24,50.97
2018-09-25,50.91
2018-09-26,51.35
2018-09-27,51.26
2018-09-28,51.02
2018-10-01,50.72
2018-10-02,49.06
2018-10-03,49.15
2018-10-04,48.68
2018-10-05,48.32
2018-10-08,48.36
2018-10-09,48.36
2018-10-10,47.17
2018-10-11,46.62
2018-10-12,47.42
2018-10-15,47.55
2018-10-16,48.38
2018-10-17,47.72
2018-10-18,46.87
2018-10-19,46.23
2018-10-22,46.74
2018-10-23,46.9
2018-10-24,45.99
2018-10-25,46.9
2018-10-26,46.28
2018-10-29,46.49
2018-10-30,47.82
2018-10-31,47.14
2018-11-01,47.91
2018-11-02,48.29
2018-11-05,48.52
2018-11-06,48.59
2018-11-07,49.05
2018-11-08,49.62
2018-11-09,48.65
2018-11-12,48.2
2018-11-13,48.17
2018-11-14,47.43
2018-11-15,47.11
2018-11-16,46.46
2018-11-19,45.51
2018-11-20,44
2018-11-21,44.75
2018-11-23,44.88
2018-11-26,45.76
2018-11-27,45.87
2018-11-28,46.62
2018-11-29,46.35
2018-11-30,46.35
2018-12-03,46.98
2018-12-04,45.25
2018-12-06,44.99
2018-12-07,43.31
2018-12-10,43.49
2018-12-11,43.3
2018-12-12,43.69
2018-12-13,42.52
2018-12-14,42.02
2018-12-17,41.11
2018-12-18,41.26
2018-12-19,40.68
2018-12-20,39.97
2018-12-21,38.6
2018-12-24,38.45
2018-12-26,40.65
2018-12-27,40.55
2018-12-28,40.76
2018-12-31,40.99
2019-01-02,41.57
2019-01-03,40.99
2019-01-04,42.25
2019-01-07,43.56
2019-01-08,43.94
2019-01-09,44.31
2019-01-10,43.6
2019-01-11,43.83
2019-01-14,43.51
2019-01-15,43.65
2019-01-16,43.75
2019-01-17,44.04
2019-01-18,44.86
2019-01-22,43.76
2019-01-23,43.8
2019-01-24,43.96
2019-01-25,44.67
2019-01-28,44.54
2019-01-29,43.91
2019-01-30,44.08
2019-01-31,44.16
2019-02-01,43.84
2019-02-04,44.32
2019-02-05,44.78
2019-02-06,44.49
2019-02-07,44.19
2019-02-08,43.92
2019-02-11,44.16
2019-02-12,44.89
2019-02-13,44.91
2019-02-14,44.82
2019-02-15,45.34
2019-02-19,45.58
2019-02-20,45.65
2019-02-21,44.94
2019-02-22,45.15
2019-02-25,45.29
2019-02-26,45.62
2019-02-27,46.08
2019-02-28,45.88
2019-03-01,46.17
2019-03-04,45.28
2019-03-05,45.65
2019-03-06,45.29
2019-03-07,44.66
2019-03-08,44.3
2019-03-11,45.11
2019-03-12,45.23
2019-03-13,45.36
2019-03-14,44.65
2019-03-15,44.41
2019-03-18,44.71
2019-03-19,44.53
2019-03-20,44.13
2019-03-21,44.58
2019-03-22,43.42
2019-03-25,43.92
2019-03-26,44.24
2019-03-27,44.69
2019-03-28,44.87
2019-03-29,45.01
2019-04-01,45.3
2019-04-02,44.88
2019-04-03,45.13
2019-04-04,45.63
2019-04-05,45.63
2019-04-08,45.5
2019-04-09,44.95
2019-04-10,45.61
2019-04-11,45.32
2019-04-12,45.22
2019-04-15,45.27
2019-04-16,45.49
2019-04-17,45.55
2019-04-18,45.33
2019-04-22,44.4
2019-04-23,45.13
2019-04-24,45.89
2019-04-25,45.47
2019-04-26,45.8
2019-04-29,45.91
2019-04-30,45.68
2019-05-01,45.08
2019-05-02,45.4
2019-05-03,45.84
2019-05-06,45.5
2019-05-07,44.71
2019-05-08,44.81
2019-05-09,44.42
2019-05-10,44.13
2019-05-13,42.47
2019-05-14,43.05
2019-05-15,42.94
2019-05-16,42.96
2019-05-17,42.65
2019-05-20,42.51
2019-05-21,43.06
2019-05-22,42.26
2019-05-23,41.7
2019-05-24,41.69
2019-05-28,41.43
2019-05-29,40.5
2019-05-30,40.59
2019-05-31,40.05
2019-06-03,40.3
2019-06-04,41.49
2019-06-05,40.88
2019-06-06,40.73
2019-06-07,41.18
2019-06-10,41.42
2019-06-11,41.82
2019-06-12,41.69
2019-06-13,42.2
2019-06-14,42.1
2019-06-17,42.16
2019-06-18,42.42
2019-06-19,42.37
2019-06-20,42.55
2019-06-21,42.32
2019-06-24,41.67
2019-06-25,41.41
2019-06-26,41.59
2019-06-27,42.08
2019-06-28,42.37
2019-07-01,42.46
2019-07-02,42.13
2019-07-03,42.46
2019-07-05,42.97
2019-07-08,42.91
2019-07-09,42.64
2019-07-10,42.47
2019-07-11,42.48
2019-07-12,43.16
2019-07-15,43.05
2019-07-16,43.13
2019-07-17,42.66
2019-07-18,42.42
2019-07-19,42.48
2019-07-22,42.13
2019-07-23,42.35
2019-07-24,43.19
2019-07-25,42.73
2019-07-26,42.97
2019-07-29,43.05
2019-07-30,42.64
2019-07-31,42.59
2019-08-01,41.21
2019-08-02,41.01
2019-08-05,40.1
2019-08-06,40.61
2019-08-07,40.52
2019-08-08,41.13
2019-08-09,40.2
2019-08-12,39.47
2019-08-13,40.1
2019-08-14,38.42
2019-08-15,37.81
2019-08-16,38.61
2019-08-19,39.1
2019-08-20,38.73
2019-08-21,39.46
2019-08-22,40.08
2019-08-23,38.56
2019-08-26,39
2019-08-27,38.52
2019-08-28,39.55
2019-08-29,40.15
2019-08-30,39.77
2019-09-03,39.16
2019-09-04,39.59
2019-09-05,41.07
2019-09-06,41.01
2019-09-09,42.43
2019-09-10,43.61
2019-09-11,43.88
2019-09-12,43.53
2019-09-13,43.57
2019-09-16,43.07
2019-09-17,42.76
2019-09-18,42.33
2019-09-19,42.1
2019-09-20,41.78
2019-09-23,42.23
2019-09-24,41.88
2019-09-25,42.27
2019-09-26,42
2019-09-27,42
2019-09-30,42.43
2019-10-01,42.12
2019-10-02,41
2019-10-03,41.12
2019-10-04,41.4
2019-10-07,41.35
2019-10-08,40.75
2019-10-09,41.13
2019-10-10,41.56
2019-10-11,42.47
2019-10-14,42.04
2019-10-15,42.53
2019-10-16,42.78
2019-10-17,43.33
2019-10-18,42.71
2019-10-21,43.22
2019-10-22,43.76
2019-10-23,43.98
2019-10-24,43.92
2019-10-25,44.39
2019-10-28,44.76
2019-10-29,44.02
2019-10-30,43.68
2019-10-31,43.15
2019-11-01,43.68
2019-11-04,44.4
2019-11-05,44.95
2019-11-06,44.76
2019-11-07,44.7
2019-11-08,44.47
2019-11-11,44.44
2019-11-12,44.36
2019-11-13,44.13
2019-11-14,44.42
2019-11-15,44.86
2019-11-18,44.82
2019-11-19,43.95
2019-11-20,43.39
2019-11-21,43.25
2019-11-22,43.84
2019-11-25,44.57
2019-11-26,44.84
2019-11-27,45.02
2019-11-29,44.68
2019-12-02,44.2
2019-12-03,43.6
2019-12-04,43.91
2019-12-05,43.75
2019-12-06,44.76
2019-12-09,44.93
2019-12-10,44.91
2019-12-11,44.6
2019-12-12,45.52
2019-12-13,44.67
2019-12-16,44.64
2019-12-17,45.18
2019-12-18,45.62
2019-12-19,45.82
2019-12-20,45.71
2019-12-23,45.55
2019-12-24,45.72
2019-12-26,46.05
2019-12-27,46.24
2019-12-30,45.93
2019-12-31,46.01
2020-01-02,45.66
2020-01-03,45.31
2020-01-06,45.47
2020-01-07,45.31
2020-01-08,45.4
2020-01-09,45.21
2020-01-10,45.08
2020-01-13,45.34
2020-01-14,45.61
2020-01-15,45.34
2020-01-16,45.93
2020-01-17,45.88
2020-01-21,45.64
2020-01-22,45.47
2020-01-23,45.42
2020-01-24,44.9
2020-01-27,44.47
2020-01-28,44.72
2020-01-29,44.62
2020-01-30,44.37
2020-01-31,43.06
2020-02-03,43.49
2020-02-04,43.83
2020-02-05,44.82
2020-02-06,44.57
2020-02-07,43.91
2020-02-10,44.01
2020-02-11,44.35
2020-02-12,45.1
2020-02-13,44.93
2020-02-14,44.82
2020-02-18,45.01
2020-02-19,45.11
2020-02-20,46.1
2020-02-21,45.8
2020-02-24,44.17
2020-02-25,42.69
2020-02-26,41.71
2020-02-27,40.54
2020-02-28,40.28
2020-03-02,40.92
2020-03-03,39.99
2020-03-04,41.01
2020-03-05,39.57
2020-03-06,39.13
2020-03-09,37.01
2020-03-10,37.67
2020-03-11,34.97
2020-03-12,30.66
2020-03-13,32.74
2020-03-16,28.66
2020-03-17,30.14
2020-03-18,27.75
2020-03-19,29.27
2020-03-20,27.96
2020-03-23,26.99
2020-03-24,29.74
2020-03-25,30.26
2020-03-26,31.2
2020-03-27,30.03
2020-03-30,30.02
2020-03-31,29.78
2020-04-01,28.03
2020-04-02,27.64
2020-04-03,27.19
2020-04-06,30.21
2020-04-07,31
2020-04-08,32.38
2020-04-09,33.55
2020-04-13,33.28
2020-04-14,34.4
2020-04-15,33.07
2020-04-16,32.98
2020-04-17,34.37
2020-04-20,33.98
2020-04-21,33.08
2020-04-22,33.3
2020-04-23,33.58
2020-04-24,34.54
2020-04-27,36.36
2020-04-28,36.82
2020-04-29,37.92
2020-04-30,36.68
2020-05-01,35.66
2020-05-04,35.85
2020-05-05,36.21
2020-05-06,36.31
2020-05-07,36.53
2020-05-08,38.03
2020-05-11,37.98
2020-05-12,37
2020-05-13,36.04
2020-05-14,36.22
2020-05-15,36.95
2020-05-18,38.52
2020-05-19,38.04
2020-05-20,38.24
2020-05-21,39.02
2020-05-22,39.18
2020-05-26,40.26
2020-05-27,41.64
2020-05-28,40.74
2020-05-29,40.8
2020-06-01,41.1
2020-06-02,42.06
2020-06-03,43.18
2020-06-04,43.32
2020-06-05,44.35
2020-06-08,45.35
2020-06-09,44.23
2020-06-10,43.2
2020-06-11,40.84
2020-06-12,41.29
2020-06-15,41.83
2020-06-16,43.06
2020-06-17,42.75
2020-06-18,42.67
2020-06-19,42.2
2020-06-22,43.05
2020-06-23,43.1
2020-06-24,41.58
2020-06-25,41.79
2020-06-26,41.24
2020-06-29,42.71
2020-06-30,42.88
2020-07-01,43.06
2020-07-02,43.44
2020-07-06,44.21
2020-07-07,43.78
2020-07-08,44.32
2020-07-09,43.49
2020-07-10,44.08
2020-07-13,43.1
2020-07-14,43.96
2020-07-15,45.39
2020-07-16,45.7
2020-07-17,45.28
2020-07-20,44.99
2020-07-21,46.14
2020-07-22,46.85
2020-07-23,46.65
2020-07-24,46.16
2020-07-27,46.67
2020-07-28,46.52
2020-07-29,47.84
2020-07-30,47.65
2020-07-31,47.33
2020-08-03,48.25
2020-08-04,49.01
2020-08-05,50.2
2020-08-06,49.67
2020-08-07,50.72
2020-08-10,50.99
2020-08-11,50.66
2020-08-12,51.06
2020-08-13,51.23
2020-08-14,51.55
2020-08-17,52.71
2020-08-18,52.3
2020-08-19,52.38
2020-08-20,51.77
2020-08-21,51.96
2020-08-24,52.88
2020-08-25,52.65
2020-08-26,52.88
2020-08-27,52.5
2020-08-28,52.56
2020-08-31,51.79
2020-09-01,52.97
2020-09-02,53.27
2020-09-03,51.4
2020-09-04,50.92
2020-09-08,50.18
2020-09-09,51.05
2020-09-10,50.44
2020-09-11,49.77
2020-09-14,50.94
2020-09-15,50.81
2020-09-16,51.05
2020-09-17,50.56
2020-09-18,50.41
2020-09-21,49.29
2020-09-22,50.62
2020-09-23,49.28
2020-09-24,48.53
2020-09-25,48.88
2020-09-28,50.08
2020-09-29,49.31
2020-09-30,49.66
2020-10-01,51.01
2020-10-02,51.29
2020-10-05,52.77
2020-10-06,51.76
2020-10-07,53.18
2020-10-08,54.01
2020-10-09,54.04
2020-10-12,54.05
2020-10-13,54.52
2020-10-14,54.07
2020-10-15,54.88
2020-10-16,54.28
2020-10-19,53.68
2020-10-20,53.79
2020-10-21,53.44
2020-10-22,53.95
2020-10-23,54.44
2020-10-26,53.05
2020-10-27,52.84
2020-10-28,51.56
2020-10-29,51.22
2020-10-30,49.84
2020-11-02,50.67
2020-11-03,52.46
2020-11-04,52.33
2020-11-05,53.97
2020-11-06,53.7
2020-11-09,54.36
2020-11-10,54.67
2020-11-11,54.7
2020-11-12,53.5
2020-11-13,54.59
2020-11-16,56.05
2020-11-17,56.28
2020-11-18,56.34
2020-11-19,57.63
2020-11-20,57.57
2020-11-23,59.72
2020-11-24,60.79
2020-11-25,60.69
2020-11-27,61.21
2020-11-30,60.08
2020-12-01,60.81
2020-12-02,60.86
2020-12-03,61.47
2020-12-04,62.21
2020-12-07,61.9
2020-12-08,62.32
2020-12-09,62
2020-12-10,61.94
2020-12-11,61.26
2020-12-14,60.62
2020-12-15,62.22
2020-12-16,62.4
2020-12-17,63.57
2020-12-18,63.35
2020-12-21,63.35
2020-12-22,64.31
2020-12-23,64.77
2020-12-24,64.76
2020-12-28,65.09
2020-12-29,64.27
2020-12-30,64.91
2020-12-31,64.32
2021-01-04,63.54
2021-01-05,64.96
2021-01-06,67.63
2021-01-07,68.11
2021-01-08,68.16
2021-01-11,69.61
2021-01-12,71.81
2021-01-13,71.51
2021-01-14,73.72
2021-01-15,71.98
2021-01-19,72.33
2021-01-20,72.59
2021-01-21,73.17
2021-01-22,74.87
2021-01-25,76.18
2021-01-26,81.43
2021-01-27,91.23
2021-01-28,82.97
2021-01-29,88.01
2021-02-01,82.95
2021-02-02,76.14
2021-02-03,77.42
2021-02-04,77.16
2021-02-05,78.86
2021-02-08,80.07
2021-02-09,79.64
2021-02-10,79.58
2021-02-11,80.01
2021-02-12,80.01
2021-02-16,79.67
2021-02-17,79.05
2021-02-18,77.99
2021-02-19,79.15
2021-02-22,79.22
2021-02-23,78
2021-02-24,82.13
2021-02-25,79.61
2021-02-26,79.26
2021-03-01,83.31
2021-03-02,81.88
2021-03-03,81.58
2021-03-04,80.01
2021-03-05,81.68
2021-03-08,86.66
2021-03-09,90.14
2021-03-10,91.9
2021-03-11,92.81
2021-03-12,94.39
2021-03-15,93.43
2021-03-16,91.55
2021-03-17,92.32
2021-03-18,89.87
2021-03-19,90.96
2021-03-22,90.04
2021-03-23,87.21
2021-03-24,84.19
2021-03-25,86.77
2021-03-26,88.75
2021-03-29,87.04
2021-03-30,88.79
2021-03-31,89.21
2021-04-01,89.51
2021-04-05,90.47
2021-04-06,90.8
2021-04-07,90.06
2021-04-08,90.79
2021-04-09,92.21
2021-04-12,92.67
2021-04-13,91.97
2021-04-14,92.2
2021-04-15,92.5
2021-04-16,92.74
2021-04-19,91.61
2021-04-20,89.55
2021-04-21,91.11
2021-04-22,91.08
2021-04-23,93.28
2021-04-26,92.6
2021-04-27,93.8
2021-04-28,94.19
2021-04-29,94.06
2021-04-30,92.82
2021-05-03,94.78
2021-05-04,93.9
2021-05-05,93.92
2021-05-06,94.16
2021-05-07,95.19
2021-05-10,93.6
2021-05-11,92.74
2021-05-12,88.15
2021-05-13,89.56
2021-05-14,93.42
2021-05-17,94.49
2021-05-18,93.52
2021-05-19,91.33
2021-05-20,90.94
2021-05-21,91.03
2021-05-24,91.4
2021-05-25,91.03
2021-05-26,93.66
2021-05-27,94.55
2021-05-28,93.36
2021-06-01,94.88
2021-06-02,95.83
2021-06-03,94.21
2021-06-04,93.92
2021-06-07,94.97
2021-06-08,96.63
2021-06-09,95.89
2021-06-10,94.86
2021-06-11,96.5
2021-06-14,95.83
2021-06-15,94.37
2021-06-16,94.58
2021-06-17,93.5
2021-06-18,91.8
2021-06-21,93.6
2021-06-22,95.38
2021-06-23,96.3
2021-06-24,97.07
2021-06-25,97.54
2021-06-28,96.9
2021-06-29,96.52
2021-06-30,97.23
2021-07-01,98.18
2021-07-02,97.66
2021-07-06,95.99
2021-07-07,94.74
2021-07-08,94.29
2021-07-09,97.86
2021-07-12,98.07
2021-07-13,96.47
2021-07-14,95.25
2021-07-15,93.75
2021-07-16,92.35
2021-07-19,91.46
2021-07-20,94.59
2021-07-21,96.33
2021-07-22,95.27
2021-07-23,96.11
2021-07-26,96.49
2021-07-27,95.21
2021-07-28,95.27
2021-07-29,96.08
2021-07-30,95.27
2021-08-02,95.25
2021-08-03,96.17
2021-08-04,93.52
2021-08-05,94.65
2021-08-06,94.99
2021-08-09,94.91
2021-08-10,97.14
2021-08-11,97.52
2021-08-12,96.75
2021-08-13,95.66
2021-08-16,95.71
2021-08-17,92.97
2021-08-18,92.56
2021-08-19,92.77
2021-08-20,94.29
2021-08-23,95.25
2021-08-24,97.27
2021-08-25,97.16
2021-08-26,95.42
2021-08-27,96.19
2021-08-30,96.36
2021-08-31,95.97
2021-09-01,96.68
2021-09-02,95.97
2021-09-03,95.64
2021-09-07,94.4
2021-09-08,93.34
2021-09-09,94.25
2021-09-10,92.85
2021-09-13,92.5
2021-09-14,91.65
2021-09-15,92.94
2021-09-16,94.25
2021-09-17,94.38
2021-09-20,92.55
2021-09-21,92.35
2021-09-22,94.21
2021-09-23,95.3
2021-09-24,94.96
2021-09-27,96.62
2021-09-28,94.76
2021-09-29,94.82
2021-09-30,90.32
2021-10-01,91.18
2021-10-04,90.37
2021-10-05,90.26
2021-10-06,89.63
2021-10-07,91.59
2021-10-08,90.84
2021-10-11,89.03
2021-10-12,89.8
2021-10-13,90.36
2021-10-14,91.75
2021-10-15,91.67
2021-10-18,93.43
2021-10-19,92.98
2021-10-20,93.35
2021-10-21,94.98
2021-10-22,94.48
2021-10-25,95.98
2021-10-26,94.07
2021-10-27,91.91
2021-10-28,93.54
2021-10-29,94.29
2021-11-01,96.39
2021-11-02,97.03
2021-11-03,100.75
2021-11-04,100.65
2021-11-05,101.69
2021-11-08,101.54
2021-11-09,102.47
2021-11-10,100.43
2021-11-11,101.64
2021-11-12,102.46
2021-11-15,103.07
2021-11-16,104.16
2021-11-17,101.77
2021-11-18,103.67
2021-11-19,101.05
2021-11-22,102.5
2021-11-23,100.97
2021-11-24,99.58
2021-11-26,97.18
2021-11-29,96.62
2021-11-30,93.93
2021-12-01,90.8
2021-12-02,92.56
2021-12-03,90.96
2021-12-06,92.63
2021-12-07,94.66
2021-12-08,94.05
2021-12-09,92.43
2021-12-10,92.43
2021-12-13,89.44
2021-12-14,89.37
2021-12-15,90.08
2021-12-16,87.54
2021-12-17,87.99
2021-12-20,85.15
2021-12-21,87.77
2021-12-22,87.92
2021-12-23,88.78
2021-12-27,89.76
2021-12-28,89.33
2021-12-29,89.85
2021-12-30,90.86
2021-12-31,90.29
2022-01-03,91.58
2022-01-04,90.79
2022-01-05,87.73
2022-01-06,88.29
2022-01-07,87.18
2022-01-10,85.74
2022-01-11,87.18
2022-01-12,86.17
2022-01-13,85.42
2022-01-14,83.63
2022-01-18,81.86
2022-01-19,81.26
2022-01-20,78.54
2022-01-21,77.38
2022-01-24,82.03
2022-01-25,80.68
2022-01-26,78.53
2022-01-27,77.84
2022-01-28,78.58
2022-01-31,81.73
2022-02-01,82.72
2022-02-02,80.43
2022-02-03,78.32
2022-02-04,78.49
2022-02-07,78.89
2022-02-08,81.14
2022-02-09,82.81
2022-02-10,81.02
2022-02-11,79.44
2022-02-14,78.99
2022-02-15,81.66
2022-02-16,80.65
2022-02-17,78.53
2022-02-18,77.92
2022-02-22,74.85
2022-02-23,73.06
2022-02-24,75.93
2022-02-25,77.26
2022-02-28,77.24
2022-03-01,75.27
2022-03-02,77.98
2022-03-03,77
2022-03-04,75.48
2022-03-07,72.15
2022-03-08,73.76
2022-03-09,75.21
2022-03-10,75.24
2022-03-11,73.23
2022-03-14,72.4
2022-03-15,74.53
2022-03-16,77.42
2022-03-17,78.57
2022-03-18,79.6
2022-03-21,77.68
2022-03-22,79.44
2022-03-23,77.72
2022-03-24,78.53
2022-03-25,77.5
2022-03-28,78.22
2022-03-29,81.49
2022-03-30,77.88
2022-03-31,75.54
2022-04-01,75.35
2022-04-04,77.32
2022-04-05,75.84
2022-04-06,74.59
2022-04-07,74.99
2022-04-08,75.88
2022-04-11,76.09
2022-04-12,75.49
2022-04-13,77.16
2022-04-14,76.48
2022-04-18,75.82
2022-04-19,78.66
2022-04-20,77.61
2022-04-21,76.03
2022-04-22,73.04
2022-04-25,74.14
2022-04-26,71.71
2022-04-27,71.46
2022-04-28,72.85
2022-04-29,70.27
2022-05-02,72.39
2022-05-03,72.73
2022-05-04,74.64
2022-05-05,71.18
2022-05-06,69.45
2022-05-09,67.1
2022-05-10,65.99
2022-05-11,63.41
2022-05-12,65.54
2022-05-13,67.72
2022-05-16,66.92
2022-05-17,68.4
2022-05-18,62.73
2022-05-19,62.69
2022-05-20,61.33
2022-05-23,61.18
2022-05-24,59.17
2022-05-25,63.24
2022-05-26,66.26
2022-05-27,67.51
2022-05-31,66.16
2022-06-01,64.92
2022-06-02,66.96
2022-06-03,65.83
2022-06-06,66.26
2022-06-07,66.68
2022-06-08,66.62
2022-06-09,65.85
2022-06-10,63.57
2022-06-13,60.87
2022-06-14,61.35
2022-06-15,62.58
2022-06-16,59.36
2022-06-17,60.49
2022-06-21,61.01
2022-06-22,60.72
2022-06-23,62.26
2022-06-24,64.57
2022-06-27,63.51
2022-06-28,61.19
2022-06-29,59.78
2022-06-30,58.16
2022-07-01,58.73
2022-07-05,60.9
2022-07-06,59.47
2022-07-07,61.67
2022-07-08,61.23
2022-07-11,59.85
2022-07-12,59.84
2022-07-13,59.83
2022-07-14,59.07
2022-07-15,60.49
2022-07-18,61.51
2022-07-19,63.57
2022-07-20,64.76
2022-07-21,64.87
2022-07-22,63.76
2022-07-25,62.94
2022-07-26,60.32
2022-07-27,61.88
2022-07-28,63.11
2022-07-29,63.61
2022-08-01,65.09
2022-08-02,64.46
2022-08-03,66.31
2022-08-04,66.21
2022-08-05,66.91
2022-08-08,69.32
2022-08-09,66.66
2022-08-10,68.89
2022-08-11,70.23
2022-08-12,71.42
2022-08-15,71.48
2022-08-16,74.35
2022-08-17,72.23
2022-08-18,71.72
2022-08-19,69.42
2022-08-22,67.23
2022-08-23,67.35
2022-08-24,66.63
2022-08-25,67.91
2022-08-26,65.55
2022-08-29,65.28
2022-08-30,64.57
2022-08-31,63.42
2022-09-01,63.27
2022-09-02,62.7
2022-09-06,62.37
2022-09-07,64.39
2022-09-08,64.25
2022-09-09,66.01
2022-09-12,67.15
2022-09-13,63.27
2022-09-14,63.17
2022-09-15,63.41
2022-09-16,62.49
2022-09-19,62.93
2022-09-20,61.29
2022-09-21,60.62
2022-09-22,59.07
2022-09-23,58.38
2022-09-26,57.47
2022-09-27,58.1
2022-09-28,60.1
2022-09-29,57.32
2022-09-30,56.44
2022-10-03,57.81
2022-10-04,60.47
2022-10-05,60.01
2022-10-06,59.62
2022-10-07,58.26
2022-10-10,57.99
2022-10-11,58.63
2022-10-12,58.48
2022-10-13,59.23
2022-10-14,57.33
2022-10-17,58.96
2022-10-18,59.84
2022-10-19,58.18
2022-10-20,57.43
2022-10-21,58.84
2022-10-24,59.58
2022-10-25,61.96
2022-10-26,61.84
2022-10-27,62.24
2022-10-28,63.17
2022-10-31,62.75
2022-11-01,63.02
2022-11-02,60.38
2022-11-03,60.93
2022-11-04,60.82
2022-11-07,61.4
2022-11-08,61.58
2022-11-09,59.41
2022-11-10,64.06
2022-11-11,65.56
2022-11-14,64.76
2022-11-15,66.43
2022-11-16,63.96
2022-11-17,64.33
2022-11-18,64.95
2022-11-21,64.67
2022-11-22,66.42
2022-11-23,66.64
2022-11-25,66.6
2022-11-28,65.98
2022-11-29,66
2022-11-30,67.28
2022-12-01,66.37
2022-12-02,67.02
2022-12-05,65.4
2022-12-06,64.93
2022-12-07,64.87
2022-12-08,65.47
2022-12-09,64.21
2022-12-12,64.55
2022-12-13,64.18
2022-12-14,64.19
2022-12-15,62.32
2022-12-16,61.55
2022-12-19,59.88
2022-12-20,59.09
2022-12-21,60.38
2022-12-22,59.29
2022-12-23,60.39
2022-12-27,59.7
2022-12-28,58.82
2022-12-29,60.28
2022-12-30,60.45
2023-01-03,60.03
2023-01-04,61.62
2023-01-05,61.15
2023-01-06,62.75
2023-01-09,62.46
2023-01-10,63.92
2023-01-11,65.43
2023-01-12,66.01
2023-01-13,65.99
2023-01-17,65.73
2023-01-18,64.74
2023-01-19,63.53
2023-01-20,65.17
2023-01-23,67.15
2023-01-24,66.34
2023-01-25,66.91
2023-01-26,67.57
2023-01-27,68.78
2023-01-30,68.25
2023-01-31,70.19
2023-02-01,72.29
2023-02-02,74.47
2023-02-03,73.56
2023-02-06,72.12
2023-02-07,71.79
2023-02-08,70.81
2023-02-09,69.51
2023-02-10,68.86
2023-02-13,70.46
2023-02-14,70.32
2023-02-15,72.1
2023-02-16,70.97
2023-02-17,71.23
2023-02-21,67.72
2023-02-22,68.23
2023-02-23,67.74
2023-02-24,66.45
2023-02-27,66.51
2023-02-28,66.45
2023-03-01,65.32
2023-03-02,66.03
2023-03-03,67
2023-03-06,65.55
2023-03-07,65.65
2023-03-08,65.6
2023-03-09,64.4
2023-03-10,62.93
2023-03-13,61.47
2023-03-14,61.56
2023-03-15,61.32
2023-03-16,61.98
2023-03-17,60.6
2023-03-20,60.61
2023-03-21,61.74
2023-03-22,60.66
2023-03-23,59.94
2023-03-24,60.21
2023-03-27,60.41
2023-03-28,60.94
2023-03-29,61.21
2023-03-30,61.79
2023-03-31,63.42
2023-04-03,63.8
2023-04-04,62.96
2023-04-05,61.62
2023-04-06,61.51
2023-04-10,62.62
2023-04-11,63.66
2023-04-12,62.01
2023-04-13,62.19
2023-04-14,62.23
2023-04-17,62.5
2023-04-18,62.52
2023-04-19,62.44
2023-04-20,62.19
2023-04-21,62.25
2023-04-24,62.62
2023-04-25,60.57
2023-04-26,60.7
2023-04-27,61.38
2023-04-28,61.43
2023-05-01,61.08
2023-05-02,60.77
2023-05-03,60.33
2023-05-04,59.42
2023-05-05,61.17
2023-05-08,61.53
2023-05-09,61.36
2023-05-10,61.34
2023-05-11,61.15
2023-05-12,60.75
2023-05-15,61.29
2023-05-16,59.85
2023-05-17,61.53
2023-05-18,61.69
2023-05-19,59.48
2023-05-22,59.65
2023-05-23,59.38
2023-05-24,59.25
2023-05-25,58.07
2023-05-26,58.55
2023-05-30,58.57
2023-05-31,56.84
2023-06-01,56.99
2023-06-02,59.48
2023-06-05,58.6
2023-06-06,60.43
2023-06-07,61.65
2023-06-08,62.43
2023-06-09,61.36
2023-06-12,62.28
2023-06-13,63.55
2023-06-14,62.65
2023-06-15,63.71
2023-06-16,62.66
2023-06-20,62.07
2023-06-21,62.23
2023-06-22,62.3
2023-06-23,61.83
2023-06-26,61.96
2023-06-27,63.02
2023-06-28,63.08
2023-06-29,63.44
2023-06-30,63.75
2023-07-03,64.32
2023-07-05,64.07
2023-07-06,63.26
2023-07-07,63.87
2023-07-10,65.05
2023-07-11,66.39
2023-07-12,66.31
2023-07-13,65.82
2023-07-14,65.21
2023-07-17,65.58
2023-07-18,66.28
2023-07-19,67.62
2023-07-20,66.69
2023-07-21,66.04
2023-07-24,66.45
2023-07-25,66.16
2023-07-26,67.16
2023-07-27,66.42
2023-07-28,67.2
2023-07-31,67.78
2023-08-01,67.44
2023-08-02,66.81
2023-08-03,66.95
2023-08-04,66.73
2023-08-07,66.78
2023-08-08,66.24
2023-08-09,65.99
2023-08-10,65.93
2023-08-11,65.96
2023-08-14,66.12
2023-08-15,65.42
2023-08-16,64.83
2023-08-17,64
2023-08-18,64.83
2023-08-21,64.35
2023-08-22,62.56
2023-08-23,63.07
2023-08-24,61.75
2023-08-25,62
2023-08-28,62.77
2023-08-29,63.76
2023-08-30,64.18
2023-08-31,64.27
2023-09-01,64.61
2023-09-05,63.2
2023-09-06,62.71
2023-09-07,62.31
2023-09-08,61.98
2023-09-11,62
2023-09-12,61.91
2023-09-13,61.6
2023-09-14,63.04
2023-09-15,62.23
2023-09-18,61.07
2023-09-19,60.91
2023-09-20,60.62
2023-09-21,59.87
2023-09-22,59.59
2023-09-25,59.88
2023-09-26,58.99
2023-09-27,59.34
2023-09-28,60.44
2023-09-29,60.86
2023-10-02,60.35
2023-10-03,59.22
2023-10-04,59.42
2023-10-05,58.5
2023-10-06,58.82
2023-10-09,59.19
2023-10-10,60.26
2023-10-11,60.01
2023-10-12,58.96
2023-10-13,58.63
2023-10-16,60.22
2023-10-17,61.26
2023-10-18,60.54
2023-10-19,59.55
2023-10-20,59.24
2023-10-23,58.48
2023-10-24,58.55
2023-10-25,58.39
2023-10-26,58.6
2023-10-27,57.91
2023-10-30,58.25
2023-10-31,58.69
2023-11-01,58.53
2023-11-02,60.33
2023-11-03,62.08
2023-11-06,61.55
2023-11-07,61.52
2023-11-08,60.41
2023-11-09,59.35
2023-11-10,59.84
2023-11-13,59.42
2023-11-14,62.36
2023-11-15,63.72
2023-11-16,61.54
2023-11-17,63.25
2023-11-20,63.64
2023-11-21,63.46
2023-11-22,63.43
2023-11-24,63.89
2023-11-27,63.51
2023-11-28,64.11
2023-11-29,64.54
2023-11-30,64.6
2023-12-01,67.05
2023-12-04,67.79
2023-12-05,65.98
2023-12-06,66.35
2023-12-07,67.07
2023-12-08,67.08
2023-12-11,68.19
2023-12-12,67.53
2023-12-13,69.75
2023-12-14,71.43
2023-12-15,70.85
2023-12-18,70.76
2023-12-19,72.2
2023-12-20,70.84
2023-12-21,72.24
2023-12-22,72.04
2023-12-26,72.71
2023-12-27,73.12
2023-12-28,73.11
2023-12-29,72.32
2024-01-02,72.26
2024-01-03,69.65
2024-01-04,69.52
2024-01-05,69.4
2024-01-08,70.62
2024-01-09,70.02
2024-01-10,70.23
2024-01-11,69.68
2024-01-12,68.82
2024-01-16,68.63
2024-01-17,68.22
2024-01-18,68.39
2024-01-19,68.68
2024-01-22,69.96
2024-01-23,69.36
2024-01-24,68.69
2024-01-25,69.59
2024-01-26,69.94
2024-01-29,70.52
2024-01-30,70.26
2024-01-31,68.6
2024-02-01,70.4
2024-02-02,70.74
2024-02-05,69.7
2024-02-06,70.58
2024-02-07,70.67
2024-02-08,71.73
2024-02-09,72.7
2024-02-12,74.16
2024-02-13,72
2024-02-14,72.97
2024-02-15,73.98
2024-02-16,73.57
2024-02-20,73.04
2024-02-21,72.7
2024-02-22,73.32
2024-02-23,74.63
2024-02-26,74.79
2024-02-27,76.64
2024-02-28,75.96
2024-02-29,76.49
2024-03-01,77.02
2024-03-04,76.72
2024-03-05,76.7
2024-03-06,75.48
2024-03-07,75.69
2024-03-08,75.62
2024-03-11,75.26
2024-03-12,75.41
2024-03-13,75.92
2024-03-14,75.26
2024-03-15,75.61
2024-03-18,75.42
2024-03-19,75.99
2024-03-20,77.33
2024-03-21,78.14
2024-03-22,77.23
2024-03-25,76.54
2024-03-26,76.84
2024-03-27,78.36
2024-03-28,78.99
2024-04-01,78.46
2024-04-02,76.25
2024-04-03,75.47
2024-04-04,74.44
2024-04-05,74.67
2024-04-08,74.82
2024-04-09,74.87
2024-04-10,73.36
2024-04-11,73.57
2024-04-12,71.88
2024-04-15,70.93
2024-04-16,70.97
2024-04-17,70.66
2024-04-18,70.69
2024-04-19,71.17
2024-04-22,71.47
2024-04-23,73.04
2024-04-24,72.52
2024-04-25,72.21
2024-04-26,73.22
2024-04-29,73.2
2024-04-30,71.79
2024-05-01,71.28
2024-05-02,72.49
2024-05-03,73.42
2024-05-06,74.28
2024-05-07,74.16
2024-05-08,73.46
2024-05-09,74.76
2024-05-10,74.38
2024-05-13,76.3
2024-05-14,78.47
2024-05-15,77.48
2024-05-16,76.53
2024-05-17,75.93
2024-05-20,75.62
2024-05-21,75.3
2024-05-22,74.39
2024-05-23,73.79
2024-05-24,74.95
2024-05-28,75.1
2024-05-29,74.91
2024-05-30,75.82
2024-05-31,77.52
2024-06-03,78.56
2024-06-04,76.93
2024-06-05,77.59
2024-06-06,78.05
2024-06-07,76.05
2024-06-10,75.73
2024-06-11,76.09
2024-06-12,76.57
2024-06-13,75.85
2024-06-14,74.79
2024-06-17,76.04
2024-06-18,76.1
2024-06-20,75.78
2024-06-21,75.76
2024-06-24,76.03
2024-06-25,75.44
2024-06-26,75.19
2024-06-27,74.89
2024-06-28,74.98
2024-07-01,73.6
2024-07-02,73.69
2024-07-03,73.49
2024-07-05,73.45
2024-07-08,73.68
2024-07-09,73.22
2024-07-10,73.85
2024-07-11,76.53
2024-07-12,77.11
2024-07-15,76.42
2024-07-16,79.13
2024-07-17,78.27
2024-07-18,76.5
2024-07-19,75.59
2024-07-22,76.19
2024-07-23,76.01
2024-07-24,74.81
2024-07-25,75.68
2024-07-26,77.17
2024-07-29,77.04
2024-07-30,77.65
2024-07-31,78.51
2024-08-01,76.58
2024-08-02,74.08
2024-08-05,72.38
2024-08-06,72.89
2024-08-07,71.49
2024-08-08,73.42
2024-08-09,73.39
2024-08-12,72.73
2024-08-13,73.98
2024-08-14,73.4
2024-08-15,76.5
2024-08-16,77.09
2024-08-19,77.12
2024-08-20,76.52
2024-08-21,77.49
2024-08-22,76.18
2024-08-23,78.04
2024-08-26,77.98
2024-08-27,77.7
2024-08-28,76.56
2024-08-29,76.18
2024-08-30,76.32
2024-09-03,75.04
2024-09-04,74.13
2024-09-05,73.77
2024-09-06,72.52
2024-09-09,72.55
2024-09-10,72.35
2024-09-11,72.28
2024-09-12,73.4
2024-09-13,75.52
2024-09-16,75.64
2024-09-17,76.26
2024-09-18,76.31
2024-09-19,77.21
2024-09-20,76.57
2024-09-23,76.52
2024-09-24,77.13
2024-09-25,76.42
2024-09-26,77.4
2024-09-27,77.85
2024-09-30,77.69
2024-10-01,76.28
2024-10-02,75.29
2024-10-03,74.98
2024-10-04,76.82
2024-10-07,75.32
2024-10-08,75.69
2024-10-09,75.48
2024-10-10,74.89
2024-10-11,76.03
2024-10-14,76.16
2024-10-15,77.24
2024-10-16,78.45
2024-10-17,78.23
2024-10-18,78.12
2024-10-21,77.08
2024-10-22,76.2
2024-10-23,75.73
2024-10-24,75.74
2024-10-25,75.5
2024-10-28,76.44
2024-10-29,75.7
2024-10-30,75.42
2024-10-31,74.93
2024-11-01,75.43
2024-11-04,76.15
2024-11-05,77.27
2024-11-06,78.84
2024-11-07,79.62
2024-11-08,79.16
2024-11-11,80.24
2024-11-12,79.58
2024-11-13,79.61
2024-11-14,79.44
2024-11-15,78.59
2024-11-18,78.68
2024-11-19,78.31
2024-11-20,77.62
2024-11-21,78.92
2024-11-22,81.05
2024-11-25,84.01
2024-11-26,82.72
2024-11-27,82.91
2024-11-29,82.82
2024-12-02,83.51
2024-12-03,83.25
2024-12-04,83.93
2024-12-05,82.55
2024-12-06,83.62
2024-12-09,83.54
2024-12-10,83.94
2024-12-11,84.31
2024-12-12,83.42
2024-12-13,83.27
2024-12-16,83.55
2024-12-17,82.83
2024-12-18,80.38
2024-12-19,80.25
2024-12-20,81.2
2024-12-23,80.14
2024-12-24,80.72
2024-12-26,81.83
2024-12-27,80.82
2024-12-30,79.56
2024-12-31,79.59
2025-01-02,79.36
2025-01-03,79.68
2025-01-06,79.98
2025-01-07,79.41
2025-01-08,79.27
2025-01-10,79.05
2025-01-13,78.28
2025-01-14,77.61
2025-01-15,78.37
2025-01-16,78.26
2025-01-17,78.43
2025-01-21,79.84
2025-01-22,79.15
2025-01-23,80.14
2025-01-24,80.33
2025-01-27,80.53
2025-01-28,80.95
2025-01-29,80.52
2025-01-30,81.69
2025-01-31,80.25
2025-02-03,78.84
2025-02-04,79.75
2025-02-05,80.27
2025-02-06,80.03
2025-02-07,78.27
2025-02-10,79.01
2025-02-11,78.87
2025-02-12,78.58
2025-02-13,79.53
2025-02-14,79.36
2025-02-18,79.31
2025-02-19,78.74
2025-02-20,77.73
2025-02-21,75.29
2025-02-24,75.53
2025-02-25,75.83
2025-02-26,74.93
2025-02-27,73.43
2025-02-28,74.14
2025-03-03,71.98
2025-03-04,70.82
2025-03-05,71.4
2025-03-06,70.95
2025-03-07,71.74
2025-03-10,70.48
2025-03-11,69.02
2025-03-12,68.14
2025-03-13,66.62
2025-03-14,67.53
2025-03-17,69.07
2025-03-18,68.11
2025-03-19,69.29
2025-03-20,68.81
2025-03-21,69.04
2025-03-24,71.19
2025-03-25,70.55
2025-03-26,70.32
2025-03-27,70.17
2025-03-28,68.54
2025-03-31,69.09
2025-04-01,69.89
2025-04-02,71.43
2025-04-03,65.67
2025-04-04,64.89
2025-04-07,64.53
2025-04-08,62.11
2025-04-09,67.94
2025-04-10,66.07
2025-04-11,66.31
2025-04-14,66.74
2025-04-15,65.69
2025-04-16,64.93
2025-04-17,66.5
2025-04-21,65.62
2025-04-22,67.19
2025-04-23,67.35
2025-04-24,68.46
2025-04-25,68.48
2025-04-28,68.67
2025-04-29,69
2025-04-30,68.7
2025-05-01,69.08
2025-05-02,70.58
2025-05-05,70.23
2025-05-06,69.62
2025-05-07,70.12
2025-05-08,71.21
2025-05-09,70.38
2025-05-12,74.55
2025-05-13,74.51
2025-05-14,74.33
2025-05-15,75.48
2025-05-16,76.47
2025-05-19,76.27
2025-05-20,76.55
2025-05-21,74.2
2025-05-22,75.53
2025-05-23,74.68
2025-05-27,76.42
2025-05-28,76.37
2025-05-29,75.94
2025-05-30,75.93
2025-06-02,76.19
2025-06-03,77.54
2025-06-04,77
2025-06-05,77.55
2025-06-06,78.33
2025-06-09,78.79
2025-06-10,78.98
2025-06-11,77.95
2025-06-12,77.17
2025-06-13,75.35
2025-06-16,77.06
2025-06-17,76.24
2025-06-18,76.3
2025-06-20,77.01
2025-06-23,77.17
2025-06-24,77.22
2025-06-25,76.47
2025-06-26,76.63
2025-06-27,77.35
2025-06-30,77.06
2025-07-01,79.38
2025-07-02,80.17
2025-07-03,80.63
2025-07-07,79.94
2025-07-08,79.8
2025-07-09,80.19
2025-07-10,80.94
2025-07-11,80.26
2025-07-14,80.8
2025-07-15,79.06
2025-07-16,79.09
2025-07-17,79.48
2025-07-18,79.67
2025-07-21,80.39
2025-07-22,82.67
2025-07-23,82.9
2025-07-24,81.53
2025-07-25,81.77
2025-07-28,81.61
2025-07-29,80.23
2025-07-30,79.39
2025-07-31,78.46
2025-08-01,77.85
2025-08-04,79.49
2025-08-05,79.58
2025-08-06,81.39
2025-08-07,81.22
2025-08-08,80.77
2025-08-11,81.03
2025-08-12,83.23
2025-08-13,85.03
2025-08-14,83.75
2025-08-15,83.57
2025-08-18,84.32
2025-08-19,84.25
2025-08-20,83.78
2025-08-21,83.19
2025-08-22,85.28
2025-08-25,84.6
2025-08-26,84.56
2025-08-27,86.09
2025-08-28,85.31
2025-08-29,84.19
2025-09-02,84.34
2025-09-03,84.77
2025-09-04,86.97
2025-09-05,87.35
2025-09-08,87.44
2025-09-09,86.71
2025-09-10,86.44
2025-09-11,88.16
2025-09-12,86.34
2025-09-15,87.56
2025-09-16,87.48
2025-09-17,87.66
2025-09-18,88.49
2025-09-19,87.29
2025-09-22,86.68
2025-09-23,86.94
2025-09-24,87.15
2025-09-25,85.67
2025-09-26,86.56
2025-09-29,86.81
2025-09-30,86.18
2025-10-01,86.34
2025-10-02,86.78
2025-10-03,86.99
2025-10-06,85.35
2025-10-07,84.12
2025-10-08,84.51
2025-10-09,83.54
2025-10-10,80.93
2025-10-13,83.63
2025-10-14,84.95
2025-10-15,85.19
2025-10-16,83.96
2025-10-17,84.02
2025-10-20,84.82
2025-10-21,85.3
2025-10-22,84.93
2025-10-23,85.12
2025-10-24,84.79
2025-10-27,85.52
2025-10-28,85.43
2025-10-29,83.51
2025-10-30,81.18
2025-10-31,81.03
2025-11-03,81.06
2025-11-04,79.87
2025-11-05,81.2
2025-11-06,78.81
2025-11-07,79.9
2025-11-10,80.24
2025-11-11,81
2025-11-12,81.49
2025-11-13,80.5
2025-11-14,80.03
2025-11-17,78.7
2025-11-18,78.68
2025-11-19,78.33
2025-11-20,77.28
2025-11-21,79.94
2025-11-24,79.56
2025-11-25,83.18
2025-11-26,84.42
2025-11-28,84.35
2025-12-01,84.64
2025-12-02,84.27
2025-12-03,85.47
2025-12-04,85.17
2025-12-05,86.23
2025-12-08,85.84
2025-12-09,86.73
2025-12-10,87.93
2025-12-11,88.76
2025-12-12,87.89
2025-12-15,87.71
2025-12-16,87.32
2025-12-17,87.24
2025-12-18,87.29
2025-12-19,87.51
2025-12-22,87.15
2025-12-23,86.38
2025-12-24,87.27
2025-12-26,87.23
2025-12-29,86.56
2025-12-30,85.97
2025-12-31,85.29
2026-01-02,85.9
2026-01-05,86.94
2026-01-06,89.06
2026-01-07,88.25
2026-01-08,89.84
2026-01-09,90.09
2026-01-12,89.88
2026-01-13,90.39
2026-01-14,89.78
2026-01-15,90.88
2026-01-16,90.42
2026-01-20,88.82
2026-01-21,90.39
2026-01-22,89.68
2026-01-23,88.86
2026-01-26,88.79
2026-01-27,88.42
2026-01-28,87.35
2026-01-29,86.35
2026-01-30,86.33
2026-02-02,87.95
2026-02-03,88.11
2026-02-04,89.38
2026-02-05,87.26
2026-02-06,89.73
2026-02-09,89.04
2026-02-10,87.47
2026-02-11,87.27
2026-02-12,86.43
2026-02-13,87.84
2026-02-17,87.4
2026-02-18,88.06
2026-02-19,88.02
2026-02-20,88.66
2026-02-23,86.81
2026-02-24,87.38
2026-02-25,86.69
2026-02-26,87.67
2026-02-27,86.98
2026-03-02,86.16
2026-03-03,85.65
2026-03-04,85.94
2026-03-05,84.63
2026-03-06,83.07
2026-03-09,82.86
2026-03-10,82.63
2026-03-11,81.74
2026-03-12,80.26
2026-03-13,80.02
2026-03-16,80.17
2026-03-17,80.36
2026-03-18,78.99
2026-03-19,79.9
2026-03-20,78.65
2026-03-23,79.86
2026-03-24,79.34
2026-03-25,80.06
2026-03-26,79.96
2026-03-27,78.58
2026-03-30,78.37
2026-03-31,80.47
2026-04-01,80.6
2026-04-02,80.45
2026-04-06,81.83
2026-04-07,81.22
2026-04-08,83.09
2026-04-09,83.86
2026-04-10,82.73
2026-04-13,83.24
2026-04-14,83.63
2026-04-15,83.88
2026-04-16,84.5
2026-04-17,86.95
2026-04-20,87.97
2026-04-21,87.2
2026-04-22,87.11
2026-04-23,85.9
2026-04-24,85.79
2026-04-27,85.25
2026-04-28,84.5
2026-04-29,83.81
2026-04-30,85.78
2026-05-01,85.58
2026-05-04,83.61
2026-05-05,84.39
2026-05-06,85.14
2026-05-07,84.35
2026-05-08,84.72
2026-05-11,81.66
2026-05-12,80.7
2026-05-13,79.75
2026-05-14,80.38
2026-05-15,79.09
2026-05-18,79.59
2026-05-19,79.13
2026-05-20,80.96
2026-05-21,81.79
2026-05-22,82.54
2026-05-26,82.96
2026-05-27,83.96
2026-05-28,85.61
2026-05-29,83.99
2026-06-01,83.32
2026-06-02,83.7
2026-06-03,83.37
2026-06-04,83.53
2026-06-05,82.63
2026-06-08,83.75
2026-06-09,84.83
2026-06-10,84.99
2026-06-11,87.67
2026-06-12,87.73
2026-06-15,87.44
2026-06-16,87.08
2026-06-17,84.55
2026-06-18,86.39
2026-06-22,85.51
2026-06-23,85.78
2026-06-24,88.22
2026-06-25,87.56
2026-06-26,88.72
2026-06-29,87.94
2026-06-30,87.74
2026-07-01,87.84
2026-07-02,88.06
2026-07-06,87.62
2026-07-07,87.17
2026-07-08,86
2026-07-09,86.92
2026-07-10,88.08
2026-07-13,87.47
2026-07-14,87.78
2026-07-15,89.1
2026-07-16,90.48
2026-07-17,89.42
2026-07-20,88.94
2026-07-21,88.46
2026-07-22,88.74
2026-07-23,86.38
2026-07-24,87.01
2026-07-27,89.54
2026-07-28,91.52
2026-07-29,91.4
2026-07-30,90.58
2026-07-31,89.78
2026-08-03,91.46
2026-08-04,92.35
2026-08-05,91.42
2026-08-06,89.85
2026-08-07,90.82
2026-08-10,90.59
2026-08-11,89.63
2026-08-12,88.78
2026-08-13,89.29
