date,gt_recession,gt_inflation,gt_credit,gt_liquidity,rec_pressure,rec_transmission,rec_damage,inf_level,inf_direction,inf_transmission,cre_pressure,cre_transmission,cre_damage,le_pressure,le_transmission,le_damage,liq_pressure,liq_transmission,liq_damage,stag_divergence,stag_constraint,stag_risk,val_pressure,val_transmission,val_damage
2006-01-30,0,0,0,0,0,-1,0,0,1,2,0,0,1,2,1,2,1,2,-1,0,0,0,-1,2,-1
2006-02-27,0,0,0,0,0,-1,1,0,1,2,0,0,1,2,1,2,1,2,-1,0,0,0,-1,2,-1
2006-03-30,0,0,0,0,0,2,1,0,1,1,0,0,1,2,2,2,1,2,-1,0,0,0,-1,2,-1
2006-04-29,0,0,0,0,1,1,0,1,1,1,0,0,1,2,2,2,1,2,-1,1,0,0,-1,2,-1
2006-05-30,0,0,0,0,1,2,1,1,1,1,0,0,1,2,2,2,1,2,-1,1,0,0,-1,2,-1
2006-06-29,0,0,0,0,1,1,1,1,1,1,0,0,1,2,2,2,1,2,-1,1,0,0,-1,2,-1
2006-07-30,0,0,0,0,0,1,0,1,1,1,0,0,1,2,2,2,1,2,-1,0,0,0,-1,2,-1
2006-08-30,0,0,0,0,0,1,0,1,1,1,0,0,1,2,2,2,1,2,-1,0,0,0,-1,2,-1
2006-09-29,0,0,0,0,1,0,0,1,0,0,0,0,1,1,2,2,1,2,-1,0,0,0,-1,2,-1
2006-10-30,0,0,0,0,1,0,0,1,0,0,0,0,1,1,2,2,1,2,-1,0,0,0,-1,2,-1
2006-11-29,0,0,0,0,0,0,1,1,0,0,0,0,1,1,2,2,1,2,-1,0,0,0,-1,2,-1
2006-12-30,0,0,0,0,0,0,0,1,0,0,0,0,1,2,2,2,1,2,-1,0,0,0,-1,2,-1
2007-01-30,0,0,0,0,1,0,1,1,0,0,0,0,1,2,2,2,1,2,-1,0,0,0,-1,2,-1
2007-02-27,0,0,0,0,1,0,1,1,1,0,0,0,1,1,1,2,1,2,-1,1,0,0,-1,2,-1
2007-03-30,0,0,0,0,1,0,0,1,1,0,0,0,1,1,2,2,1,2,-1,0,0,0,-1,2,-1
2007-04-29,0,0,0,0,1,0,1,1,0,0,1,0,2,2,2,2,1,2,-1,0,0,0,-1,2,-1
2007-05-30,0,0,0,0,1,0,1,1,0,1,1,0,2,2,2,2,1,2,-1,0,0,0,-1,2,-1
2007-06-29,0,0,0,0,1,0,1,1,0,1,1,0,2,2,2,2,1,2,-1,0,0,0,-1,2,-1
2007-07-30,0,0,0,0,1,0,1,1,0,0,2,0,2,2,2,2,1,2,-1,0,0,0,-1,2,-1
2007-08-30,0,0,0,0,1,0,0,1,0,0,2,0,2,2,2,2,1,2,-1,0,0,0,-1,2,-1
2007-09-29,0,0,0,0,1,0,1,1,1,1,2,0,2,2,2,2,1,2,-1,1,0,0,-1,2,-1
2007-10-30,0,0,0,0,1,0,0,1,1,0,2,0,2,2,1,2,1,2,-1,1,0,0,-1,2,-1
2007-11-29,0,0,0,0,1,0,0,1,1,0,2,0,2,1,1,2,1,2,-1,1,0,0,-1,1,-1
2007-12-30,1,0,0,0,1,0,1,1,1,0,2,1,2,2,1,2,1,2,-1,1,0,0,-1,1,-1
2008-01-30,1,0,0,0,1,0,1,1,1,1,2,0,2,2,0,2,1,2,-1,1,0,0,-1,0,-1
2008-02-28,1,0,0,0,1,0,1,0,1,1,2,1,2,2,0,2,1,2,-1,1,0,0,-1,0,-1
2008-03-30,1,0,0,0,2,0,1,0,1,0,2,1,2,2,0,2,1,2,-1,1,0,0,-1,0,-1
2008-04-29,1,0,0,0,1,0,2,0,0,0,1,1,2,2,1,2,1,2,-1,1,0,0,-1,1,-1
2008-05-30,1,0,0,0,1,0,2,0,1,1,1,1,2,2,1,2,1,2,-1,1,0,0,-1,1,-1
2008-06-29,1,0,0,0,2,1,2,1,1,1,1,1,2,2,0,2,1,2,-1,1,0,1,-1,0,-1
2008-07-30,1,0,0,0,2,1,2,1,1,0,1,1,2,2,1,2,1,2,-1,1,0,1,-1,1,-1
2008-08-30,1,0,0,0,2,1,2,1,0,0,1,1,2,2,1,2,1,2,-1,1,0,0,-1,1,-1
2008-09-29,1,0,1,0,2,1,2,0,1,0,1,1,2,2,1,2,1,2,-1,1,0,0,-1,2,-1
2008-10-30,1,0,1,0,2,1,2,0,0,0,2,1,2,2,2,2,1,2,-1,1,0,0,-1,2,-1
2008-11-29,1,0,1,0,2,2,2,0,0,1,2,1,2,2,2,2,1,2,-1,1,0,0,-1,2,-1
2008-12-30,1,0,1,0,2,2,2,0,0,0,2,1,2,1,1,2,1,2,-1,1,0,0,-1,2,-1
2009-01-30,1,0,1,0,2,2,2,0,0,0,2,1,2,2,1,2,1,2,-1,1,0,0,-1,1,-1
2009-02-27,1,0,1,0,2,2,2,0,0,0,2,1,2,2,1,2,1,2,-1,1,0,0,-1,2,-1
2009-03-30,1,0,1,0,2,2,2,0,0,0,2,1,2,1,0,2,1,2,-1,1,0,0,-1,0,-1
2009-04-29,1,0,1,0,2,2,2,0,0,0,2,1,2,2,1,1,1,2,-1,1,0,0,-1,1,-1
2009-05-30,1,0,1,0,2,2,2,0,0,0,2,2,2,2,1,1,1,2,-1,1,0,0,-1,1,-1
2009-06-29,0,0,0,0,2,2,2,0,0,0,2,2,2,2,1,1,1,2,-1,1,0,0,-1,1,-1
2009-07-30,0,0,0,0,2,2,2,0,0,0,2,1,2,2,1,1,1,2,-1,1,0,0,-1,1,-1
2009-08-30,0,0,0,0,2,2,1,0,0,0,2,1,2,2,1,1,1,2,-1,1,0,0,-1,1,-1
2009-09-29,0,0,0,0,2,2,2,0,0,0,2,1,2,2,1,1,1,2,-1,1,0,0,-1,1,-1
2009-10-30,0,0,0,0,2,2,2,0,0,0,2,2,2,2,0,1,1,2,-1,1,0,0,-1,0,-1
2009-11-29,0,0,0,0,2,2,2,0,1,0,2,1,2,2,0,1,1,2,-1,1,0,0,-1,0,-1
2009-12-30,0,0,0,0,2,2,2,0,1,1,2,1,2,2,0,1,1,2,-1,1,0,0,-1,0,-1
2010-01-30,0,0,0,0,1,2,2,0,1,1,1,1,2,2,0,1,1,2,-1,1,0,0,-1,0,-1
2010-02-27,0,0,0,0,1,2,1,0,1,0,1,1,2,2,0,1,1,2,-1,1,0,0,-1,0,-1
2010-03-30,0,0,0,0,1,2,1,0,0,1,1,1,2,2,1,1,1,2,-1,0,0,0,-1,1,-1
2010-04-29,0,0,0,0,1,1,1,0,0,1,0,0,2,2,0,2,1,2,-1,0,0,0,-1,0,-1
2010-05-30,0,0,0,0,1,1,1,0,0,0,0,0,2,2,0,2,1,2,-1,1,0,0,-1,0,-1
2010-06-29,0,0,0,0,1,1,1,0,0,0,0,0,2,2,0,2,1,2,-1,0,0,0,-1,0,-1
2010-07-30,0,0,0,0,1,0,1,0,0,0,0,0,2,1,0,2,1,2,-1,0,0,0,-1,0,-1
2010-08-30,0,0,0,0,1,0,0,0,1,0,0,0,2,1,0,2,1,2,-1,0,0,0,-1,0,-1
2010-09-29,0,0,0,0,1,0,0,0,0,0,0,0,2,1,0,2,1,2,-1,0,0,0,-1,0,-1
2010-10-30,0,0,0,0,1,0,0,0,0,1,0,0,2,1,0,2,1,2,-1,0,0,0,-1,0,-1
2010-11-29,0,0,0,0,1,0,1,0,0,1,0,0,2,1,0,2,1,2,-1,0,0,0,-1,0,-1
2010-12-30,0,0,0,0,1,0,1,0,0,1,0,0,2,2,0,2,1,2,-1,0,0,0,-1,0,-1
2011-01-30,0,0,0,0,1,0,1,0,0,1,0,0,2,2,0,2,1,2,-1,0,0,0,-1,0,-1
2011-02-27,0,0,0,0,0,0,0,0,1,1,0,0,2,2,0,2,1,2,-1,0,0,0,-1,0,-1
2011-03-30,0,0,0,0,1,0,0,0,1,1,0,0,2,2,0,2,1,2,-1,0,0,0,-1,0,-1
2011-04-29,0,0,0,0,1,0,1,0,1,1,0,1,2,2,0,2,1,2,-1,0,0,0,-1,0,-1
2011-05-30,0,0,0,0,1,0,1,0,1,1,0,1,2,2,0,2,1,2,-1,1,0,0,-1,0,-1
2011-06-29,0,0,0,0,1,0,1,0,1,1,0,0,2,2,0,2,1,2,-1,1,0,0,-1,0,-1
2011-07-30,0,0,0,0,1,0,0,0,1,1,0,0,2,1,0,2,1,2,-1,1,0,0,-1,0,-1
2011-08-30,0,0,0,0,1,0,1,0,1,0,0,0,2,0,0,2,1,2,-1,1,0,0,-1,0,-1
2011-09-29,0,0,0,0,1,0,0,0,1,0,0,0,2,0,0,2,1,2,-1,1,0,0,-1,0,-1
2011-10-30,0,0,0,0,1,0,0,0,1,0,1,0,2,0,0,2,1,2,-1,1,0,0,-1,0,-1
2011-11-29,0,0,0,0,1,0,1,0,1,0,1,0,2,0,0,2,1,2,-1,1,0,0,-1,0,-1
2011-12-30,0,0,0,0,1,0,1,0,1,0,1,0,2,0,0,2,1,2,-1,0,0,0,-1,0,-1
2012-01-30,0,0,0,0,1,0,0,0,1,0,1,0,2,0,0,2,1,2,-1,1,0,0,-1,0,-1
2012-02-28,0,0,0,0,0,0,0,0,1,1,1,0,2,0,0,2,1,2,-1,0,0,0,-1,0,-1
2012-03-30,0,0,0,0,0,0,1,0,1,1,1,0,2,0,0,2,1,2,-1,0,0,0,-1,0,-1
2012-04-29,0,0,0,0,1,0,1,0,1,0,0,0,1,0,0,2,1,2,-1,0,0,0,-1,0,-1
2012-05-30,0,0,0,0,1,0,1,0,0,0,0,0,1,0,0,2,1,2,-1,0,0,0,-1,0,-1
2012-06-29,0,0,0,0,1,0,1,0,0,1,0,0,1,0,0,2,1,2,-1,0,0,0,-1,0,-1
2012-07-30,0,0,0,0,1,0,1,0,0,1,0,0,1,0,0,2,1,2,-1,0,0,0,-1,0,-1
2012-08-30,0,0,0,0,1,0,1,0,0,1,0,0,1,0,0,2,1,2,-1,0,0,0,-1,0,-1
2012-09-29,0,0,0,0,1,0,1,0,0,1,0,0,1,0,0,2,1,2,-1,0,0,0,-1,0,-1
2012-10-30,0,0,0,0,1,0,1,0,0,1,0,0,1,0,0,2,1,2,-1,0,0,0,-1,0,-1
2012-11-29,0,0,0,0,1,0,1,0,0,1,0,0,1,0,0,2,1,2,-1,0,0,0,-1,0,-1
2012-12-30,0,0,0,0,1,0,1,0,0,1,0,0,1,0,0,2,1,2,-1,0,0,0,-1,0,-1
2013-01-30,0,0,0,0,1,0,0,0,0,1,0,0,1,0,0,1,1,2,-1,0,0,0,-1,0,-1
2013-02-27,0,0,0,0,1,0,0,0,0,1,0,0,1,0,0,1,1,2,-1,0,0,0,-1,0,-1
2013-03-30,0,0,0,0,1,0,0,0,0,1,0,0,1,0,0,1,1,2,-1,0,0,0,-1,0,-1
2013-04-29,0,0,0,0,1,0,1,0,0,1,0,0,1,0,0,1,1,2,-1,0,0,0,-1,0,-1
2013-05-30,0,0,0,0,1,0,1,0,0,1,0,0,1,0,0,1,1,2,-1,0,0,0,-1,0,-1
2013-06-29,0,0,0,0,1,0,1,0,0,0,0,0,1,1,0,1,1,2,-1,0,0,0,-1,0,-1
2013-07-30,0,0,0,0,1,0,0,0,0,1,0,0,1,1,0,1,1,2,-1,0,0,0,-1,0,-1
2013-08-30,0,0,0,0,0,0,1,0,0,0,0,0,1,1,0,1,1,2,-1,0,0,0,-1,0,-1
2013-09-29,0,0,0,0,1,0,1,0,0,1,0,0,1,1,0,1,1,2,-1,0,0,0,-1,0,-1
2013-10-30,0,0,0,0,1,0,0,0,0,1,0,0,1,1,0,1,1,2,-1,0,0,0,-1,0,-1
2013-11-29,0,0,0,0,1,0,0,0,0,1,0,0,1,1,0,1,1,2,-1,0,0,0,-1,0,-1
2013-12-30,0,0,0,0,1,0,0,0,0,1,0,0,1,1,0,1,1,2,-1,0,0,0,-1,0,-1
2014-01-30,0,0,0,0,1,0,1,0,0,1,0,0,1,1,0,2,1,2,-1,0,0,0,-1,0,-1
2014-02-27,0,0,0,0,1,0,1,0,0,1,0,0,1,1,0,2,1,2,-1,0,0,0,-1,0,-1
2014-03-30,0,0,0,0,0,0,1,0,0,1,0,0,1,1,0,2,1,2,-1,0,0,0,-1,0,-1
2014-04-29,0,0,0,0,1,0,0,0,0,0,0,0,1,1,0,2,1,2,-1,0,0,0,-1,0,-1
2014-05-30,0,0,0,0,1,0,0,0,0,1,0,0,1,1,0,2,1,2,-1,0,0,0,-1,0,-1
2014-06-29,0,0,0,0,1,0,0,0,0,1,0,0,1,1,0,2,1,2,-1,0,0,0,-1,0,-1
2014-07-30,0,0,0,0,1,0,0,0,0,1,0,0,1,1,0,1,1,1,-1,0,0,0,-1,0,-1
2014-08-30,0,0,0,0,0,0,0,0,0,0,0,0,1,1,0,1,1,2,-1,0,0,0,-1,0,-1
2014-09-29,0,0,0,0,0,0,1,0,0,0,0,0,1,1,0,1,1,2,-1,0,0,0,-1,0,-1
2014-10-30,0,0,0,0,1,0,0,0,0,0,0,0,1,1,0,1,1,2,-1,0,0,0,-1,0,-1
2014-11-29,0,0,0,0,1,0,0,0,0,0,0,0,1,0,0,1,1,2,-1,0,0,0,-1,0,-1
2014-12-30,0,0,0,0,1,0,0,0,0,0,0,0,1,0,0,1,1,2,-1,0,0,0,-1,0,-1
2015-01-30,0,0,0,0,1,0,1,0,0,0,0,0,1,0,0,1,1,2,-1,0,0,0,-1,0,-1
2015-02-27,0,0,0,0,1,0,1,0,0,0,0,0,1,0,0,1,1,2,-1,0,0,0,-1,0,-1
2015-03-30,0,0,0,0,1,0,1,0,0,0,0,0,1,0,0,1,1,2,-1,0,0,0,-1,0,-1
2015-04-29,0,0,0,0,1,0,1,0,0,0,0,0,1,0,0,1,1,2,-1,0,0,0,-1,0,-1
2015-05-30,0,0,0,0,1,0,1,0,0,0,0,0,1,0,0,1,1,2,-1,0,0,0,-1,0,-1
2015-06-29,0,0,0,0,1,0,1,0,0,0,0,0,1,1,0,1,1,2,-1,0,0,0,-1,0,-1
2015-07-30,0,0,0,0,1,0,1,0,0,0,0,0,1,0,0,1,1,2,-1,0,0,0,-1,0,-1
2015-08-30,0,0,0,0,1,0,2,0,0,0,0,0,1,0,0,1,1,2,-1,0,0,0,-1,0,-1
2015-09-29,0,0,0,0,1,0,2,0,0,0,0,0,1,0,0,1,1,2,-1,0,0,0,-1,0,-1
2015-10-30,0,0,0,0,1,0,2,0,0,0,1,0,1,0,0,1,0,2,-1,0,0,0,-1,0,-1
2015-11-29,0,0,0,0,1,0,2,0,0,0,1,0,1,0,0,1,1,2,-1,0,0,0,-1,0,-1
2015-12-30,0,0,0,0,1,0,2,0,0,0,1,0,1,0,0,1,0,2,-1,0,0,0,-1,0,-1
2016-01-30,0,0,0,0,1,0,2,0,0,0,1,0,1,0,0,1,1,2,-1,0,0,0,-1,0,-1
2016-02-28,0,0,0,0,1,0,2,0,0,0,1,0,1,0,0,1,1,2,-1,0,0,0,-1,0,-1
2016-03-30,0,0,0,0,1,0,2,0,0,0,1,0,1,0,0,1,1,2,-1,0,0,0,-1,0,-1
2016-04-29,0,0,0,0,1,0,1,0,0,0,2,0,1,0,0,1,1,2,-1,0,0,0,-1,0,-1
2016-05-30,0,0,0,0,1,0,1,0,0,0,2,0,1,0,0,1,1,2,-1,0,0,0,-1,0,-1
2016-06-29,0,0,0,0,1,0,1,0,0,0,2,0,1,0,0,1,1,2,-1,0,0,0,-1,0,-1
2016-07-30,0,0,0,0,1,0,1,0,0,0,1,0,1,0,0,1,1,2,-1,0,0,0,-1,0,-1
2016-08-30,0,0,0,0,1,0,1,0,0,0,1,0,1,0,0,1,1,2,-1,0,0,0,-1,0,-1
2016-09-29,0,0,0,0,1,0,1,0,0,0,1,0,1,0,0,1,0,2,-1,0,0,0,-1,0,-1
2016-10-30,0,0,0,0,1,0,1,0,0,0,1,0,1,0,0,1,1,2,-1,0,0,0,-1,0,-1
2016-11-29,0,0,0,0,1,0,1,0,0,0,1,0,1,0,0,1,1,2,-1,0,0,0,-1,0,-1
2016-12-30,0,0,0,0,1,0,0,0,0,0,1,0,1,1,0,1,0,2,-1,0,0,0,-1,0,-1
2017-01-30,0,0,0,0,1,0,1,1,1,0,0,0,1,1,0,1,1,2,-1,0,0,0,-1,0,-1
2017-02-27,0,0,0,0,1,0,1,1,1,0,0,0,1,0,0,1,1,2,-1,0,0,0,-1,0,-1
2017-03-30,0,0,0,0,1,0,1,1,0,0,0,0,1,0,0,1,0,2,-1,0,0,0,-1,0,-1
2017-04-29,0,0,0,0,1,0,1,0,0,0,0,0,1,0,0,1,1,2,-1,0,0,0,-1,0,-1
2017-05-30,0,0,0,0,0,0,0,0,0,0,0,0,1,0,0,1,1,2,-1,0,0,0,-1,0,-1
2017-06-29,0,0,0,0,1,0,0,0,0,0,0,0,1,0,0,1,0,2,-1,0,0,0,-1,0,-1
2017-07-30,0,0,0,0,1,0,0,0,0,0,0,0,1,0,0,1,1,2,-1,0,0,0,-1,0,-1
2017-08-30,0,0,0,0,1,0,1,0,0,0,0,0,1,0,0,1,1,2,-1,0,0,0,-1,0,-1
2017-09-29,0,0,0,0,1,0,0,0,0,0,0,0,1,0,0,1,0,2,-1,0,0,0,-1,0,-1
2017-10-30,0,0,0,0,0,0,0,0,0,0,0,0,1,0,0,1,1,2,-1,0,0,0,-1,0,-1
2017-11-29,0,0,0,0,0,0,0,0,0,0,0,0,1,0,0,1,1,2,-1,0,0,0,-1,0,-1
2017-12-30,0,0,0,0,0,0,0,0,1,0,0,0,1,0,0,1,0,2,-1,0,0,0,-1,0,-1
2018-01-30,0,0,0,0,1,0,1,0,1,0,0,0,1,0,0,1,1,2,-1,0,0,0,-1,0,-1
2018-02-27,0,0,0,0,0,0,1,0,1,0,0,0,1,1,0,1,1,2,-1,0,0,0,-1,0,-1
2018-03-30,0,0,0,0,0,0,1,0,1,0,0,0,1,0,0,1,1,2,-1,0,0,0,-1,0,-1
2018-04-29,0,0,0,0,0,0,0,0,1,0,0,0,1,1,0,2,1,2,-1,0,0,0,-1,0,-1
2018-05-30,0,0,0,0,0,0,0,0,1,0,0,0,1,0,0,2,1,2,-1,0,0,0,-1,0,-1
2018-06-29,0,0,0,0,0,0,0,1,1,0,0,0,1,0,0,2,1,2,-1,0,0,0,-1,0,-1
2018-07-30,0,0,0,0,0,0,0,1,1,0,0,0,1,1,0,2,1,2,-1,0,0,0,-1,0,-1
2018-08-30,0,0,0,0,0,0,0,0,1,0,0,0,1,0,0,2,1,2,-1,0,0,0,-1,0,-1
2018-09-29,0,0,0,0,1,0,0,1,0,0,0,0,1,1,0,2,1,2,-1,0,0,0,-1,0,-1
2018-10-30,0,0,0,0,0,0,1,1,1,0,0,0,1,0,0,2,1,2,-1,0,0,0,-1,0,-1
2018-11-29,0,0,0,0,1,0,0,1,0,0,0,0,1,0,0,2,1,2,-1,0,0,0,-1,0,-1
2018-12-30,0,0,0,0,0,0,1,1,0,0,0,0,1,0,0,2,1,2,-1,0,0,0,-1,0,-1
2019-01-30,0,0,0,0,0,0,0,1,0,0,1,0,1,0,0,2,1,2,-1,0,0,0,-1,0,-1
2019-02-27,0,0,0,0,1,0,0,1,0,1,1,0,1,0,0,2,1,2,-1,0,0,0,-1,0,-1
2019-03-30,0,0,0,0,0,0,0,1,0,0,1,0,1,0,0,2,1,2,-1,0,0,0,-1,0,-1
2019-04-29,0,0,0,0,0,0,2,1,0,0,1,0,1,0,0,2,1,2,-1,0,0,0,-1,0,-1
2019-05-30,0,0,0,0,1,0,1,0,0,0,1,0,1,0,0,2,1,2,-1,0,0,0,-1,0,-1
2019-06-29,0,0,0,0,1,0,1,0,0,0,1,0,1,0,0,2,1,2,-1,0,0,0,-1,0,-1
2019-07-30,0,0,0,0,1,0,1,1,0,0,0,0,1,0,0,2,1,2,-1,0,0,0,-1,0,-1
2019-08-30,0,0,0,0,1,0,1,1,0,0,0,0,1,0,0,2,1,2,-1,0,0,0,-1,0,-1
2019-09-29,0,0,0,1,1,0,1,1,0,0,0,0,1,0,0,2,1,2,-1,0,0,0,-1,0,-1
2019-10-30,0,0,0,0,1,0,1,1,0,0,2,0,1,0,0,2,1,2,-1,0,0,0,-1,0,-1
2019-11-29,0,0,0,0,1,0,1,1,0,0,2,0,1,0,0,2,1,2,-1,0,0,0,-1,0,-1
2019-12-30,0,0,0,0,1,0,1,1,0,0,2,0,1,0,0,2,1,2,-1,0,0,0,-1,0,-1
2020-01-30,0,0,0,0,1,0,1,1,0,0,0,0,1,0,0,2,1,2,-1,0,0,0,-1,0,-1
2020-02-28,1,0,0,0,1,0,2,1,0,0,0,0,1,0,0,2,1,2,-1,0,0,0,-1,0,-1
2020-03-30,1,0,1,0,1,0,2,1,0,0,0,0,1,0,0,2,0,2,-1,0,0,0,-1,0,-1
2020-04-29,0,0,1,0,2,2,2,0,0,1,1,1,1,0,0,2,1,1,-1,1,0,0,-1,0,-1
2020-05-30,0,0,0,0,2,2,2,0,0,1,1,0,1,0,0,2,1,0,-1,0,0,0,-1,0,-1
2020-06-29,0,0,0,0,1,2,2,0,0,1,1,0,1,0,0,2,1,1,-1,0,0,0,-1,0,-1
2020-07-30,0,0,0,0,1,2,1,0,0,1,2,0,1,0,0,1,1,2,-1,0,0,0,-1,0,-1
2020-08-30,0,0,0,0,1,2,1,0,0,1,2,0,1,0,0,1,1,1,-1,0,0,0,-1,0,-1
2020-09-29,0,0,0,0,1,2,1,0,0,1,2,0,1,0,0,1,1,1,-1,0,0,0,-1,0,-1
2020-10-30,0,0,0,0,1,2,1,0,0,1,2,0,1,0,0,1,1,1,-1,0,0,0,-1,0,-1
2020-11-29,0,0,0,0,1,2,1,0,0,1,2,0,1,0,0,1,1,1,-1,0,0,0,-1,0,-1
2020-12-30,0,0,0,0,1,2,1,0,0,1,2,0,1,0,0,1,1,1,-1,0,0,0,-1,0,-1
2021-01-30,0,0,0,0,0,2,1,0,1,2,2,0,1,0,0,1,1,1,-1,0,0,0,-1,0,-1
2021-02-27,0,0,0,0,0,2,2,0,1,1,2,0,1,0,0,1,1,0,-1,0,0,0,-1,0,-1
2021-03-30,0,0,0,0,0,1,1,0,2,2,2,1,1,0,0,1,1,0,-1,1,1,0,-1,0,-1
2021-04-29,0,1,0,0,0,0,0,1,2,0,0,1,1,0,0,1,1,0,-1,1,1,0,-1,0,-1
2021-05-30,0,1,0,0,0,0,1,1,2,0,0,1,1,0,0,1,0,0,-1,1,1,0,-1,0,-1
2021-06-29,0,1,0,0,0,0,0,1,2,1,0,0,1,0,0,1,0,0,-1,1,1,0,-1,0,-1
2021-07-30,0,1,0,0,0,0,1,1,2,1,0,0,1,0,0,1,0,0,-1,1,1,0,-1,0,-1
2021-08-30,0,1,0,0,0,0,1,1,2,1,0,0,1,0,0,1,0,0,-1,1,1,0,-1,0,-1
2021-09-29,0,1,0,0,0,0,1,2,2,2,0,0,1,0,0,1,0,0,-1,1,1,0,-1,0,-1
2021-10-30,0,1,0,0,0,0,0,2,2,2,0,0,1,0,0,1,0,0,-1,1,1,0,-1,0,-1
2021-11-29,0,1,0,0,0,0,0,2,2,2,0,0,1,0,0,1,0,0,-1,1,1,0,-1,0,-1
2021-12-30,0,1,0,0,0,0,0,2,2,2,0,0,1,0,0,1,0,0,-1,1,1,0,-1,0,-1
2022-01-30,0,1,0,0,0,0,1,2,2,2,0,0,1,0,0,2,0,0,-1,1,1,0,-1,0,-1
2022-02-27,0,1,0,0,1,0,1,2,2,2,0,0,1,0,0,2,0,0,-1,1,1,0,-1,0,-1
2022-03-30,0,1,0,0,1,0,0,2,2,2,0,0,1,1,0,2,0,0,-1,1,1,0,-1,0,-1
2022-04-29,0,1,0,0,0,0,1,2,2,2,0,0,1,1,0,2,0,0,-1,1,1,0,-1,0,-1
2022-05-30,0,1,0,0,1,0,1,2,2,2,0,0,1,1,0,2,0,0,-1,1,1,1,-1,0,-1
2022-06-29,0,1,0,0,1,0,1,2,2,2,0,0,1,1,0,2,0,0,-1,1,1,1,-1,0,-1
2022-07-30,0,1,0,0,1,0,1,2,2,2,1,0,1,0,0,2,0,0,-1,1,1,0,-1,0,-1
2022-08-30,0,1,0,0,1,0,0,2,2,2,1,0,1,0,0,2,0,0,-1,1,1,0,-1,0,-1
2022-09-29,0,1,0,0,1,0,0,2,2,2,1,0,1,1,1,2,0,0,-1,1,1,0,-1,1,-1
2022-10-30,0,1,0,0,1,0,0,2,2,2,2,0,1,1,1,2,0,0,-1,1,1,0,-1,1,-1
2022-11-29,0,1,0,0,1,0,1,2,2,2,2,0,1,0,1,2,0,0,-1,1,1,0,-1,1,-1
2022-12-30,0,1,0,0,1,0,1,2,2,2,2,0,1,0,1,2,0,0,-1,1,1,0,-1,1,-1
2023-01-30,0,1,0,0,1,0,1,2,2,1,2,0,1,0,0,2,0,0,-1,1,1,1,-1,0,-1
2023-02-27,0,1,0,0,1,0,1,2,1,2,2,0,1,0,1,2,0,0,-1,1,2,1,-1,1,-1
2023-03-30,0,1,0,1,2,0,1,2,1,2,2,0,1,0,0,2,0,0,-1,1,2,1,-1,0,-1
2023-04-29,0,1,0,0,1,0,1,2,1,2,2,0,1,0,0,2,0,0,-1,1,1,1,-1,0,-1
2023-05-30,0,1,0,0,1,0,1,2,1,1,2,0,1,0,0,2,0,0,-1,1,1,1,-1,0,-1
2023-06-29,0,1,0,0,1,0,1,2,1,2,2,0,1,0,1,2,0,0,-1,1,1,1,-1,1,-1
2023-07-30,0,1,0,0,1,0,0,2,1,2,2,0,1,0,1,2,0,0,-1,1,1,0,-1,1,-1
2023-08-30,0,1,0,0,1,0,0,2,1,1,2,0,1,0,1,2,0,0,-1,1,1,0,-1,1,-1
2023-09-29,0,1,0,0,1,0,1,2,0,1,2,0,1,1,2,2,0,0,-1,1,1,0,-1,2,-1
2023-10-30,0,1,0,0,1,0,1,2,0,1,2,0,1,2,2,2,0,0,-1,1,1,1,-1,2,-1
2023-11-29,0,1,0,0,2,0,1,2,0,1,2,1,1,1,1,2,0,0,-1,1,1,1,-1,2,-1
2023-12-30,0,1,0,0,1,0,1,2,0,1,2,0,1,0,1,2,0,0,-1,0,1,0,-1,0,-1
2024-01-30,0,1,0,0,1,0,1,2,1,1,2,0,1,0,1,2,0,0,-1,1,1,1,-1,0,-1
2024-02-28,0,1,0,0,1,0,0,2,1,1,2,0,1,1,1,2,0,0,-1,1,1,0,-1,0,-1
2024-03-30,0,1,0,0,1,0,1,2,1,1,2,0,1,0,1,2,0,0,-1,1,1,0,-1,0,-1
2024-04-29,0,1,0,0,1,0,1,2,1,1,2,0,1,1,2,2,0,0,-1,1,1,0,-1,1,-1
2024-05-30,0,1,0,0,1,0,0,2,1,1,2,0,1,1,1,2,0,0,-1,1,1,0,-1,1,-1
2024-06-29,0,1,0,0,1,0,1,2,1,1,2,0,1,1,1,2,0,0,-1,1,1,0,-1,1,-1
2024-07-30,0,1,0,0,1,0,0,2,1,1,1,0,1,0,1,2,0,0,-1,1,1,0,-1,0,-1
2024-08-30,0,1,0,0,1,0,1,2,1,1,1,0,1,0,1,2,0,0,-1,1,1,1,-1,0,-1
2024-09-29,0,1,0,0,1,0,1,2,1,1,1,0,1,0,1,2,0,0,-1,1,1,0,-1,0,-1
2024-10-30,0,1,0,0,2,0,1,2,1,1,2,0,1,1,1,2,0,0,-1,1,1,0,-1,0,-1
2024-11-29,0,1,0,0,1,0,1,2,1,1,2,0,1,1,1,2,1,0,-1,1,2,1,-1,0,-1
2024-12-30,0,1,0,0,1,0,1,2,1,1,2,0,1,2,2,2,0,0,-1,1,1,0,-1,1,-1
2025-01-30,0,1,0,0,1,0,2,1,1,1,1,1,1,2,1,2,1,0,-1,1,2,0,-1,1,-1
2025-02-27,0,1,0,0,2,0,1,2,1,1,1,1,1,1,1,2,1,0,-1,2,2,2,-1,0,-1
2025-03-30,0,1,0,0,2,0,1,1,1,1,1,1,1,1,1,2,0,0,-1,1,0,0,-1,1,-1
2025-04-29,0,1,0,0,2,0,1,1,1,1,2,1,1,1,1,2,1,0,-1,1,0,0,-1,1,-1
2025-05-30,0,1,0,0,1,0,0,1,0,1,2,1,1,1,1,2,0,0,-1,1,1,0,-1,1,-1
2025-06-29,0,1,0,0,1,0,1,2,1,1,2,1,1,1,1,2,0,0,-1,1,1,0,-1,0,-1
2025-07-30,0,1,0,0,1,0,0,2,1,1,2,1,1,1,1,2,1,0,-1,1,1,0,-1,0,-1
2025-08-30,0,1,0,0,1,0,0,2,1,1,2,1,1,1,1,2,1,0,-1,1,1,0,-1,0,-1
2025-09-29,0,1,0,0,1,0,0,2,1,1,2,1,1,1,1,2,1,0,-1,1,1,0,-1,0,-1
2025-10-30,0,1,0,0,1,0,0,1,1,1,1,1,1,1,1,2,1,2,-1,1,0,0,-1,0,-1
2025-11-29,0,1,0,0,1,0,1,1,1,1,1,1,1,1,1,2,1,2,-1,1,1,0,-1,0,-1
2025-12-30,0,1,0,0,1,0,1,1,1,1,1,1,1,1,1,2,1,1,-1,1,1,0,-1,0,-1
2026-01-30,0,1,0,0,1,0,2,1,2,1,1,0,1,2,1,2,1,0,-1,1,2,1,-1,0,-1
2026-02-27,0,1,0,0,1,0,1,1,2,1,1,0,1,1,1,2,1,0,-1,1,1,0,-1,0,-1
2026-03-30,0,1,0,0,1,0,1,1,2,0,1,0,1,2,1,2,1,0,-1,1,1,0,-1,2,-1
2026-04-29,0,1,0,0,1,0,1,1,2,1,1,0,1,2,1,2,1,0,-1,2,1,1,-1,0,-1
2026-05-30,0,1,0,0,1,0,0,1,2,0,1,0,1,2,1,2,1,0,-1,2,1,1,-1,1,-1
2026-06-29,0,1,0,0,1,0,0,1,1,1,1,0,1,2,1,2,1,0,-1,1,1,0,-1,1,-1