date,adj_close,split_adj_close
2018-06-19,46.2041015625,49.959999084472656
2018-06-20,46.777503967285156,50.58000183105469
2018-06-21,46.49079513549805,50.27000045776367
2018-06-22,46.69426345825195,50.4900016784668
2018-06-25,45.73244857788086,49.45000076293945
2018-06-26,45.80828094482422,49.53200149536133
2018-06-27,45.408756256103516,49.099998474121094
2018-06-28,45.8619270324707,49.59000015258789
2018-06-29,45.80643081665039,49.529998779296875
2018-07-02,46.09312438964844,49.84000015258789
2018-07-03,45.52899169921875,49.22999954223633
2018-07-05,46.22261047363281,49.97999954223633
2018-07-06,46.95322036743164,50.77000045776367
2018-07-09,47.22141647338867,51.060001373291016
2018-07-10,47.201995849609375,51.03900146484375
2018-07-11,47.138187408447266,50.970001220703125
2018-07-12,47.878047943115234,51.77000045776367
2018-07-13,47.804039001464844,51.689998626708984
2018-07-16,47.66532516479492,51.540000915527344
2018-07-17,47.674560546875,51.54999923706055
2018-07-18,47.53585433959961,51.400001525878906
2018-07-19,47.20291519165039,51.040000915527344
2018-07-20,47.04569625854492,50.869998931884766
2018-07-23,47.23991394042969,51.08000183105469
2018-07-24,47.57284164428711,51.439998626708984
2018-07-25,47.915035247802734,51.810001373291016
2018-07-26,46.1079216003418,49.85599899291992
2018-07-27,45.23304748535156,48.90999984741211
2018-07-30,44.52092742919922,48.13999938964844
2018-07-31,44.816871643066406,48.459999084472656
2018-08-01,44.63189697265625,48.2599983215332
2018-08-02,44.9278564453125,48.58000183105469
2018-08-03,45.23304748535156,48.90999984741211
2018-08-06,45.686222076416016,49.400001525878906
2018-08-07,45.741695404052734,49.459999084472656
2018-08-08,45.704708099365234,49.41999816894531
2018-08-09,45.95441436767578,49.689998626708984
2018-08-10,45.565975189208984,49.27000045776367
2018-08-13,45.50126266479492,49.20000076293945
2018-08-14,45.82493591308594,49.54999923706055
2018-08-15,45.18680953979492,48.86000061035156
2018-08-16,45.16830825805664,48.84000015258789
2018-08-17,44.955596923828125,48.61000061035156
2018-08-20,45.02957534790039,48.689998626708984
2018-08-21,45.30702590942383,48.9900016784668
2018-08-22,45.25154495239258,48.93000030517578
2018-08-23,45.06657409667969,48.72999954223633
2018-08-24,45.72319793701172,49.439998626708984
2018-08-27,46.1671142578125,49.91999816894531
2018-08-28,45.96366882324219,49.70000076293945
2018-08-29,46.22261047363281,49.97999954223633
2018-08-30,45.9359130859375,49.66999816894531
2018-08-31,45.48273468017578,49.18000030517578
2018-09-04,44.91859817504883,48.56999969482422
2018-09-05,44.33596420288086,47.939998626708984
2018-09-06,44.003028869628906,47.58000183105469
2018-09-07,44.095523834228516,47.68000030517578
2018-09-10,44.187992095947266,47.779998779296875
2018-09-11,44.63189697265625,48.2599983215332
2018-09-12,44.50244140625,48.119998931884766
2018-09-13,44.816871643066406,48.459999084472656
2018-09-14,44.73363494873047,48.369998931884766
2018-09-17,44.29898452758789,47.900001525878906
2018-09-18,44.61341094970703,48.2400016784668
2018-09-19,44.73363494873047,48.369998931884766
2018-09-20,45.22380065917969,48.900001525878906
2018-09-21,45.02163314819336,48.54999923706055
2018-09-24,45.02163314819336,48.54999923706055
2018-09-25,45.040191650390625,48.56999969482422
2018-09-26,45.216373443603516,48.7599983215332
2018-09-27,45.60584259033203,49.18000030517578
2018-09-28,45.43893814086914,49.0
2018-10-01,45.25347137451172,48.79999923706055
2018-10-02,45.216373443603516,48.7599983215332
2018-10-03,45.420379638671875,48.97999954223633
2018-10-04,44.77125549316406,48.279998779296875
2018-10-05,44.344703674316406,47.81999969482422
2018-10-08,44.196327209472656,47.65999984741211
2018-10-09,44.168495178222656,47.630001068115234
2018-10-10,42.42512512207031,45.75
2018-10-11,42.063472747802734,45.36000061035156
2018-10-12,43.00007247924805,46.369998931884766
2018-10-15,42.833152770996094,46.189998626708984
2018-10-16,43.96449279785156,47.40999984741211
2018-10-17,44.14067840576172,47.599998474121094
2018-10-18,43.33390426635742,46.72999954223633
2018-10-19,43.32463073730469,46.720001220703125
2018-10-22,43.296817779541016,46.689998626708984
2018-10-23,43.204078674316406,46.59000015258789
2018-10-24,41.145416259765625,44.369998931884766
2018-10-25,42.50858688354492,45.84000015258789
2018-10-26,41.35870361328125,44.599998474121094
2018-10-29,40.7188606262207,43.90999984741211
2018-10-30,41.83163833618164,45.11000061035156
2018-10-31,42.694053649902344,46.040000915527344
2018-11-01,42.944435119628906,46.310001373291016
2018-11-02,42.50858688354492,45.84000015258789
2018-11-05,42.3323974609375,45.650001525878906
2018-11-06,42.582767486572266,45.91999816894531
2018-11-07,43.361732482910156,46.7599983215332
2018-11-08,42.95370101928711,46.31999969482422
2018-11-09,42.07274627685547,45.369998931884766
2018-11-12,41.442169189453125,44.689998626708984
2018-11-13,41.31233596801758,44.54999923706055
2018-11-14,41.516353607177734,44.77000045776367
2018-11-15,41.82237243652344,45.099998474121094
2018-11-16,41.61836624145508,44.880001068115234
2018-11-19,40.357208251953125,43.52000045776367
2018-11-20,39.828609466552734,42.95000076293945
2018-11-21,40.30155563354492,43.459999084472656
2018-11-23,39.772987365722656,42.88999938964844
2018-11-26,40.6817512512207,43.869998931884766
2018-11-27,40.811580657958984,44.0099983215332
2018-11-28,41.66471862792969,44.93000030517578
2018-11-29,41.8038215637207,45.08000183105469
2018-11-30,41.738895416259766,45.0099983215332
2018-12-03,41.8038215637207,45.08000183105469
2018-12-04,40.57048034667969,43.75
2018-12-06,41.02487564086914,44.2400016784668
2018-12-07,40.24592590332031,43.400001525878906
2018-12-10,40.551937103271484,43.72999954223633
2018-12-11,40.58902359008789,43.77000045776367
2018-12-12,41.02487564086914,44.2400016784668
2018-12-13,40.83939743041992,44.040000915527344
2018-12-14,40.44065856933594,43.61000061035156
2018-12-17,39.65242004394531,42.7599983215332
2018-12-18,39.828609466552734,42.95000076293945
2018-12-19,38.9754753112793,42.029998779296875
2018-12-20,38.28926467895508,41.290000915527344
2018-12-21,37.037017822265625,39.810001373291016
2018-12-24,36.255523681640625,38.970001220703125
2018-12-26,38.29297637939453,41.15999984741211
2018-12-27,38.46974182128906,41.349998474121094
2018-12-28,38.348793029785156,41.220001220703125
2018-12-31,38.40461349487305,41.279998779296875
2019-01-02,38.91630935668945,41.83000183105469
2019-01-03,38.265071868896484,41.130001068115234
2019-01-04,39.911773681640625,42.900001525878906
2019-01-07,40.367645263671875,43.38999938964844
2019-01-08,41.046791076660156,44.119998931884766
2019-01-09,41.102622985839844,44.18000030517578
2019-01-10,41.18635177612305,44.27000045776367
2019-01-11,40.981666564941406,44.04999923706055
2019-01-14,40.83281326293945,43.88999938964844
2019-01-15,41.51197052001953,44.619998931884766
2019-01-16,41.335208892822266,44.43000030517578
2019-01-17,41.50266647338867,44.61000061035156
2019-01-18,41.837589263916016,44.970001220703125
2019-01-22,40.97237777709961,44.040000915527344
2019-01-23,40.78630447387695,43.84000015258789
2019-01-24,40.97237777709961,44.040000915527344
2019-01-25,41.49336624145508,44.599998474121094
2019-01-28,41.130531311035156,44.209999084472656
2019-01-29,40.64675521850586,43.689998626708984
2019-01-30,41.23286819458008,44.31999969482422
2019-01-31,42.91678237915039,46.130001068115234
2019-02-01,42.7679443359375,45.970001220703125
2019-02-04,43.16798782348633,46.400001525878906
2019-02-05,43.642459869384766,46.90999984741211
2019-02-06,42.66559600830078,45.86000061035156
2019-02-07,42.25624084472656,45.41999816894531
2019-02-08,42.54465103149414,45.72999954223633
2019-02-11,42.107391357421875,45.2599983215332
2019-02-12,42.59117126464844,45.779998779296875
2019-02-13,42.61907958984375,45.810001373291016
2019-02-14,42.77724838256836,45.97999954223633
2019-02-15,42.963321685791016,46.18000030517578
2019-02-19,43.00982666015625,46.22999954223633
2019-02-20,42.8609733581543,46.06999969482422
2019-02-21,42.46092987060547,45.63999938964844
2019-02-22,42.8609733581543,46.06999969482422
2019-02-25,42.90748977661133,46.119998931884766
2019-02-26,42.90748977661133,46.119998931884766
2019-02-27,42.69351577758789,45.88999938964844
2019-02-28,42.721412658691406,45.91999816894531
2019-03-01,43.05634689331055,46.279998779296875
2019-03-04,43.11216735839844,46.34000015258789
2019-03-05,43.381961822509766,46.630001068115234
2019-03-06,43.363365173339844,46.61000061035156
2019-03-07,42.98190689086914,46.20000076293945
2019-03-08,42.95401382446289,46.16999816894531
2019-03-11,43.7261962890625,47.0
2019-03-12,43.92155838012695,47.209999084472656
2019-03-13,44.05180358886719,47.349998474121094
2019-03-14,43.85643768310547,47.13999938964844
2019-03-15,43.821964263916016,47.02000045776367
2019-03-18,43.44916534423828,46.619998931884766
2019-03-19,43.52372360229492,46.70000076293945
2019-03-20,43.9151611328125,47.119998931884766
2019-03-21,44.49299621582031,47.7400016784668
2019-03-22,43.775367736816406,46.970001220703125
2019-03-25,43.700801849365234,46.88999938964844
2019-03-26,43.9151611328125,47.119998931884766
2019-03-27,43.598289489746094,46.779998779296875
2019-03-28,43.49575424194336,46.66999816894531
2019-03-29,43.58895492553711,46.77000045776367
2019-04-01,44.25067138671875,47.47999954223633
2019-04-02,44.483673095703125,47.72999954223633
2019-04-03,44.65142059326172,47.90999984741211
2019-04-04,44.90306091308594,48.18000030517578
2019-04-05,45.033538818359375,48.31999969482422
2019-04-08,44.94965362548828,48.22999954223633
2019-04-09,45.0708122253418,48.36000061035156
2019-04-10,45.266536712646484,48.56999969482422
2019-04-11,45.29448699951172,48.599998474121094
2019-04-12,45.68593978881836,49.02000045776367
2019-04-15,45.64863204956055,48.97999954223633
2019-04-16,45.69524383544922,49.029998779296875
2019-04-17,45.77912521362305,49.119998931884766
2019-04-18,45.80709457397461,49.150001525878906
2019-04-22,46.01211929321289,49.369998931884766
2019-04-23,46.62722396850586,50.029998779296875
2019-04-24,46.412872314453125,49.79999923706055
2019-04-25,46.934791564941406,50.36000061035156
2019-04-26,47.30757141113281,50.7599983215332
2019-04-29,47.736289978027344,51.220001220703125
2019-04-30,46.664520263671875,50.06999969482422
2019-05-01,46.422203063964844,49.810001373291016
2019-05-02,46.23581314086914,49.61000061035156
2019-05-03,46.68314743041992,50.09000015258789
2019-05-06,46.60859680175781,50.0099983215332
2019-05-07,45.85369110107422,49.20000076293945
2019-05-08,45.77912521362305,49.119998931884766
2019-05-09,45.63933181762695,48.970001220703125
2019-05-10,45.76980209350586,49.11000061035156
2019-05-13,44.35317611694336,47.59000015258789
2019-05-14,44.60481643676758,47.86000061035156
2019-05-15,45.60205078125,48.93000030517578
2019-05-16,46.0028076171875,49.36000061035156
2019-05-17,45.66728973388672,49.0
2019-05-20,44.912376403808594,48.189998626708984
2019-05-21,45.40632629394531,48.720001220703125
2019-05-22,45.35973358154297,48.66999816894531
2019-05-23,44.725982666015625,47.9900016784668
2019-05-24,44.71665954589844,47.97999954223633
2019-05-28,44.912376403808594,48.189998626708984
2019-05-29,44.47433853149414,47.720001220703125
2019-05-30,44.576866149902344,47.83000183105469
2019-05-31,43.88718795776367,47.09000015258789
2019-06-03,42.50786590576172,45.61000061035156
2019-06-04,43.42119598388672,46.59000015258789
2019-06-05,43.439849853515625,46.61000061035156
2019-06-06,43.62623596191406,46.810001373291016
2019-06-07,44.33454132080078,47.56999969482422
2019-06-10,44.297271728515625,47.529998779296875
2019-06-11,44.483673095703125,47.72999954223633
2019-06-12,44.26932144165039,47.5
2019-06-13,44.763267517089844,48.029998779296875
2019-06-14,44.847145080566406,48.119998931884766
2019-06-17,45.35973358154297,48.66999816894531
2019-06-18,45.611366271972656,48.939998626708984
2019-06-19,45.66728973388672,49.0
2019-06-20,45.95621109008789,49.310001373291016
2019-06-21,46.1505241394043,49.400001525878906
2019-06-24,46.26264190673828,49.52000045776367
2019-06-25,45.40313720703125,48.599998474121094
2019-06-26,45.22565460205078,48.40999984741211
2019-06-27,45.54328536987305,48.75
2019-06-28,45.982364654541016,49.220001220703125
2019-07-01,46.356048583984375,49.619998931884766
2019-07-02,46.78579330444336,50.08000183105469
2019-07-03,47.028690338134766,50.34000015258789
2019-07-05,47.094085693359375,50.40999984741211
2019-07-08,46.673675537109375,49.959999084472656
2019-07-09,46.96328353881836,50.27000045776367
2019-07-10,47.49580383300781,50.84000015258789
2019-07-11,47.52382278442383,50.869998931884766
2019-07-12,47.869503021240234,51.2400016784668
2019-07-15,47.87882995605469,51.25
2019-07-16,47.766727447509766,51.130001068115234
2019-07-17,47.318302154541016,50.650001525878906
2019-07-18,46.93526077270508,50.2400016784668
2019-07-19,46.32802200317383,49.59000015258789
2019-07-22,46.50551986694336,49.779998779296875
2019-07-23,46.683021545410156,49.970001220703125
2019-07-24,47.094085693359375,50.40999984741211
2019-07-25,46.97263717651367,50.279998779296875
2019-07-26,48.31791305541992,51.720001220703125
2019-07-29,48.047000885009766,51.43000030517578
2019-07-30,47.82277297973633,51.189998626708984
2019-07-31,47.43975067138672,50.779998779296875
2019-08-01,47.21553039550781,50.540000915527344
2019-08-02,46.75777053833008,50.04999923706055
2019-08-05,45.244327545166016,48.43000030517578
2019-08-06,45.898284912109375,49.130001068115234
2019-08-07,45.95433807373047,49.189998626708984
2019-08-08,46.879215240478516,50.18000030517578
2019-08-09,46.356048583984375,49.619998931884766
2019-08-12,45.86091613769531,49.09000015258789
2019-08-13,46.5335578918457,49.810001373291016
2019-08-14,44.87998580932617,48.040000915527344
2019-08-15,44.954715728759766,48.119998931884766
2019-08-16,45.53394317626953,48.7400016784668
2019-08-19,46.24393844604492,49.5
2019-08-20,45.93564987182617,49.16999816894531
2019-08-21,46.11315155029297,49.36000061035156
2019-08-22,46.01038360595703,49.25
2019-08-23,44.74919128417969,47.900001525878906
2019-08-26,45.42183303833008,48.619998931884766
2019-08-27,45.50591278076172,48.709999084472656
2019-08-28,45.61801528930664,48.83000183105469
2019-08-29,46.32802200317383,49.59000015258789
2019-08-30,46.2719612121582,49.529998779296875
2019-09-03,45.8141975402832,49.040000915527344
2019-09-04,46.701717376708984,49.9900016784668
2019-09-05,47.49580383300781,50.84000015258789
2019-09-06,47.39304733276367,50.72999954223633
2019-09-09,47.54251480102539,50.88999938964844
2019-09-10,47.607913970947266,50.959999084472656
2019-09-11,47.86014938354492,51.22999954223633
2019-09-12,48.000274658203125,51.380001068115234
2019-09-13,47.91619873046875,51.290000915527344
2019-09-16,47.738704681396484,51.099998474121094
2019-09-17,47.785404205322266,51.150001525878906
2019-09-18,47.729347229003906,51.09000015258789
2019-09-19,47.77605438232422,51.13999938964844
2019-09-20,47.46611404418945,50.689998626708984
2019-09-23,47.29757308959961,50.5099983215332
2019-09-24,46.585899353027344,49.75
2019-09-25,47.119659423828125,50.31999969482422
2019-09-26,46.66080856323242,49.83000183105469
2019-09-27,46.13642883300781,49.27000045776367
2019-09-30,46.37054443359375,49.52000045776367
2019-10-01,45.90234375,49.02000045776367
2019-10-02,45.20939254760742,48.279998779296875
2019-10-03,45.64950942993164,48.75
2019-10-04,46.26752471923828,49.40999984741211
2019-10-07,46.26752471923828,49.40999984741211
2019-10-08,45.518409729003906,48.61000061035156
2019-10-09,45.78995895385742,48.900001525878906
2019-10-10,46.052146911621094,49.18000030517578
2019-10-11,46.59526062011719,49.7599983215332
2019-10-14,46.49226379394531,49.650001525878906
2019-10-15,47.2881965637207,50.5
2019-10-16,47.37247085571289,50.59000015258789
2019-10-17,47.653404235839844,50.88999938964844
2019-10-18,47.10092544555664,50.29999923706055
2019-10-21,47.381839752197266,50.599998474121094
2019-10-22,46.92300796508789,50.11000061035156
2019-10-23,47.2881965637207,50.5
2019-10-24,46.75445556640625,49.93000030517578
2019-10-25,47.119659423828125,50.31999969482422
2019-10-28,47.55976104736328,50.790000915527344
2019-10-29,47.12902069091797,50.33000183105469
2019-10-30,47.26011276245117,50.470001220703125
2019-10-31,47.400569915771484,50.619998931884766
2019-11-01,47.70957946777344,50.95000076293945
2019-11-04,47.971778869628906,51.22999954223633
2019-11-05,47.990509033203125,51.25
2019-11-06,47.82195281982422,51.06999969482422
2019-11-07,48.12159729003906,51.38999938964844
2019-11-08,48.252681732177734,51.529998779296875
2019-11-11,48.02796173095703,51.290000915527344
2019-11-12,48.084129333496094,51.349998474121094
2019-11-13,48.06541442871094,51.33000183105469
2019-11-14,48.28078842163086,51.560001373291016
2019-11-15,48.68343734741211,51.9900016784668
2019-11-18,48.85199737548828,52.16999816894531
2019-11-19,48.88008117675781,52.20000076293945
2019-11-20,48.58042907714844,51.880001068115234
2019-11-21,48.7115364074707,52.02000045776367
2019-11-22,48.730262756347656,52.040000915527344
2019-11-25,48.88008117675781,52.20000076293945
2019-11-26,49.03927230834961,52.369998931884766
2019-11-27,49.38573455810547,52.7400016784668
2019-11-29,49.217193603515625,52.560001373291016
2019-12-02,48.74898910522461,52.060001373291016
2019-12-03,48.65534591674805,51.959999084472656
2019-12-04,48.908172607421875,52.22999954223633
2019-12-05,49.11418151855469,52.45000076293945
2019-12-06,49.40446853637695,52.7599983215332
2019-12-09,49.217193603515625,52.560001373291016
2019-12-10,49.04863357543945,52.380001068115234
2019-12-11,49.27336502075195,52.619998931884766
2019-12-12,49.32955551147461,52.68000030517578
2019-12-13,49.217193603515625,52.560001373291016
2019-12-16,49.704124450683594,53.08000183105469
2019-12-17,49.65729904174805,53.029998779296875
2019-12-18,49.99440002441406,53.38999938964844
2019-12-19,50.45323944091797,53.880001068115234
2019-12-20,50.60995101928711,53.93000030517578
2019-12-23,50.47857666015625,53.790000915527344
2019-12-24,50.46918869018555,53.779998779296875
2019-12-26,50.85395431518555,54.189998626708984
2019-12-27,50.760108947753906,54.09000015258789
2019-12-30,50.23457336425781,53.529998779296875
2019-12-31,50.32843017578125,53.630001068115234
2020-01-02,50.91964340209961,54.2599983215332
2020-01-03,50.5911865234375,53.90999984741211
2020-01-06,51.26686096191406,54.630001068115234
2020-01-07,51.332550048828125,54.70000076293945
2020-01-08,51.698551177978516,55.09000015258789
2020-01-09,51.9706916809082,55.380001068115234
2020-01-10,51.764225006103516,55.15999984741211
2020-01-13,52.252227783203125,55.68000030517578
2020-01-14,52.12084197998047,55.540000915527344
2020-01-15,52.37421798706055,55.810001373291016
2020-01-16,52.77775192260742,56.2400016784668
2020-01-17,53.190650939941406,56.68000030517578
2020-01-21,53.14373779296875,56.630001068115234
2020-01-22,53.11558151245117,56.599998474121094
2020-01-23,52.899749755859375,56.369998931884766
2020-01-24,52.2615966796875,55.689998626708984
2020-01-27,51.445167541503906,54.81999969482422
2020-01-28,52.03636932373047,55.45000076293945
2020-01-29,51.95192337036133,55.36000061035156
2020-01-30,51.4263916015625,54.79999923706055
2020-01-31,50.5911865234375,53.90999984741211
2020-02-03,51.1917839050293,54.54999923706055
2020-02-04,51.7266960144043,55.119998931884766
2020-02-05,51.811161041259766,55.209999084472656
2020-02-06,52.458683013916016,55.900001525878906
2020-02-07,52.42113494873047,55.86000061035156
2020-02-10,52.73081970214844,56.189998626708984
2020-02-11,52.67451858520508,56.130001068115234
2020-02-12,53.35957336425781,56.86000061035156
2020-02-13,53.368961334228516,56.869998931884766
2020-02-14,53.434654235839844,56.939998626708984
2020-02-18,53.791255950927734,57.31999969482422
2020-02-19,54.03526306152344,57.58000183105469
2020-02-20,53.4815788269043,56.9900016784668
2020-02-21,52.665122985839844,56.119998931884766
2020-02-24,50.90087127685547,54.2400016784668
2020-02-25,49.540138244628906,52.790000915527344
2020-02-26,49.446292877197266,52.689998626708984
2020-02-27,47.49434280395508,50.61000061035156
2020-02-28,47.635101318359375,50.7599983215332
2020-03-02,49.286766052246094,52.52000045776367
2020-03-03,47.66325759887695,50.790000915527344
2020-03-04,49.38059616088867,52.619998931884766
2020-03-05,47.57879638671875,50.70000076293945
2020-03-06,46.752986907958984,49.81999969482422
2020-03-09,43.63736343383789,46.5
2020-03-10,45.86145782470703,48.869998931884766
2020-03-11,43.89073181152344,46.77000045776367
2020-03-12,39.770999908447266,42.380001068115234
2020-03-13,43.3464469909668,46.189998626708984
2020-03-16,38.45718765258789,40.97999954223633
2020-03-17,40.12761306762695,42.7599983215332
2020-03-18,38.79502868652344,41.34000015258789
2020-03-19,39.489471435546875,42.08000183105469
2020-03-20,37.74398422241211,40.220001220703125
2020-03-23,37.944419860839844,40.31999969482422
2020-03-24,40.27830505371094,42.79999923706055
2020-03-25,39.65719223022461,42.13999938964844
2020-03-26,41.915794372558594,44.540000915527344
2020-03-27,40.24066925048828,42.7599983215332
2020-03-30,41.70875549316406,44.31999969482422
2020-03-31,41.63346481323242,44.2400016784668
2020-04-01,39.9771728515625,42.47999954223633
2020-04-02,40.48534393310547,43.02000045776367
2020-04-03,39.66659927368164,42.150001525878906
2020-04-06,42.2828254699707,44.93000030517578
2020-04-07,42.59336471557617,45.2599983215332
2020-04-08,43.50621795654297,46.22999954223633
2020-04-09,43.82619094848633,46.56999969482422
2020-04-13,43.892059326171875,46.63999938964844
2020-04-14,45.19075012207031,48.02000045776367
2020-04-15,44.76725769042969,47.56999969482422
2020-04-16,44.94607162475586,47.7599983215332
2020-04-17,45.55777359008789,48.40999984741211
2020-04-20,45.14369583129883,47.970001220703125
2020-04-21,43.72266387939453,46.459999084472656
2020-04-22,44.899017333984375,47.709999084472656
2020-04-23,45.21897888183594,48.04999923706055
2020-04-24,45.79303741455078,48.65999984741211
2020-04-27,46.16948318481445,49.060001373291016
2020-04-28,45.331912994384766,48.16999816894531
2020-04-29,47.52463912963867,50.5
2020-04-30,47.31759262084961,50.279998779296875
2020-05-01,46.658836364746094,49.58000183105469
2020-05-04,46.9317512512207,49.869998931884766
2020-05-05,47.17643356323242,50.130001068115234
2020-05-06,47.04469299316406,49.9900016784668
2020-05-07,47.92930221557617,50.93000030517578
2020-05-08,48.804508209228516,51.86000061035156
2020-05-11,48.83274841308594,51.88999938964844
2020-05-12,47.88225555419922,50.880001068115234
2020-05-13,47.06349182128906,50.0099983215332
2020-05-14,47.57168197631836,50.54999923706055
2020-05-15,48.230445861816406,51.25
2020-05-18,49.24681854248047,52.33000183105469
2020-05-19,49.23740005493164,52.31999969482422
2020-05-20,50.60197448730469,53.77000045776367
2020-05-21,50.24435806274414,53.38999938964844
2020-05-22,50.545509338378906,53.709999084472656
2020-05-26,50.686668395996094,53.86000061035156
2020-05-27,51.044281005859375,54.2400016784668
2020-05-28,50.56433868408203,53.72999954223633
2020-05-29,50.83724594116211,54.02000045776367
2020-06-01,51.420719146728516,54.63999938964844
2020-06-02,51.627750396728516,54.86000061035156
2020-06-03,51.78773880004883,55.029998779296875
2020-06-04,51.40188980102539,54.619998931884766
2020-06-05,52.23945999145508,55.5099983215332
2020-06-08,53.21816635131836,56.54999923706055
2020-06-09,53.086429595947266,56.40999984741211
2020-06-10,52.92644500732422,56.2400016784668
2020-06-11,50.489036560058594,53.650001525878906
2020-06-12,50.93134689331055,54.119998931884766
2020-06-15,51.75009536743164,54.9900016784668
2020-06-16,52.173583984375,55.439998626708984
2020-06-17,52.23945999145508,55.5099983215332
2020-06-18,52.408843994140625,55.689998626708984
2020-06-19,52.26768493652344,55.540000915527344
2020-06-22,52.382728576660156,55.54999923706055
2020-06-23,52.722198486328125,55.90999984741211
2020-06-24,51.53404998779297,54.650001525878906
2020-06-25,51.76036071777344,54.88999938964844
2020-06-26,49.47834777832031,52.470001220703125
2020-06-29,50.393035888671875,53.439998626708984
2020-06-30,50.95882797241211,54.040000915527344
2020-07-01,52.222415924072266,55.380001068115234
2020-07-02,52.05268859863281,55.20000076293945
2020-07-06,53.09939193725586,56.310001373291016
2020-07-07,52.94853210449219,56.150001525878906
2020-07-08,53.42001724243164,56.650001525878906
2020-07-09,53.48603057861328,56.720001220703125
2020-07-10,54.410152435302734,57.70000076293945
2020-07-13,53.3162841796875,56.540000915527344
2020-07-14,53.844356536865234,57.099998474121094
2020-07-15,54.16495895385742,57.439998626708984
2020-07-16,54.25926971435547,57.540000915527344
2020-07-17,54.136680603027344,57.40999984741211
2020-07-20,54.78733444213867,58.099998474121094
2020-07-21,54.52330017089844,57.81999969482422
2020-07-22,54.57988739013672,57.880001068115234
2020-07-23,53.693477630615234,56.939998626708984
2020-07-24,53.60861587524414,56.849998474121094
2020-07-27,53.97637939453125,57.2400016784668
2020-07-28,53.42001724243164,56.650001525878906
2020-07-29,53.91035842895508,57.16999816894531
2020-07-30,54.061248779296875,57.33000183105469
2020-07-31,54.81563186645508,58.130001068115234
2020-08-03,54.86277770996094,58.18000030517578
2020-08-04,55.21168518066406,58.54999923706055
2020-08-05,55.12681579589844,58.459999084472656
2020-08-06,56.579010009765625,60.0
2020-08-07,56.512996673583984,59.93000030517578
2020-08-10,56.32440948486328,59.72999954223633
2020-08-11,55.485145568847656,58.84000015258789
2020-08-12,56.145233154296875,59.540000915527344
2020-08-13,56.42811965942383,59.84000015258789
2020-08-14,56.418697357177734,59.83000183105469
2020-08-17,56.48470687866211,59.900001525878906
2020-08-18,56.99391174316406,60.439998626708984
2020-08-19,56.83361053466797,60.27000045776367
2020-08-20,57.54084777832031,61.02000045776367
2020-08-21,57.2862548828125,60.75
2020-08-24,57.98405075073242,61.4900016784668
2020-08-25,58.53097915649414,62.06999969482422
2020-08-26,60.53011703491211,64.19000244140625
2020-08-27,59.79458236694336,63.40999984741211
2020-08-28,59.9360237121582,63.560001373291016
2020-08-31,59.65312957763672,63.2599983215332
2020-09-01,60.14348220825195,63.779998779296875
2020-09-02,61.42594528198242,65.13999938964844
2020-09-03,59.34194564819336,62.93000030517578
2020-09-04,58.25750732421875,61.779998779296875
2020-09-08,56.720458984375,60.150001525878906
2020-09-09,57.3994026184082,60.869998931884766
2020-09-10,56.55072021484375,59.970001220703125
2020-09-11,56.37154006958008,59.779998779296875
2020-09-14,56.588436126708984,60.0099983215332
2020-09-15,57.5974235534668,61.08000183105469
2020-09-16,56.97505569458008,60.41999816894531
2020-09-17,55.928348541259766,59.310001373291016
2020-09-18,55.39085006713867,58.7400016784668
2020-09-21,54.74258804321289,57.93000030517578
2020-09-22,55.80097198486328,59.04999923706055
2020-09-23,54.46855926513672,57.63999938964844
2020-09-24,54.57250213623047,57.75
2020-09-25,55.30012893676758,58.52000045776367
2020-09-28,56.0372200012207,59.29999923706055
2020-09-29,56.09391784667969,59.36000061035156
2020-09-30,56.131717681884766,59.400001525878906
2020-10-01,56.9349479675293,60.25
2020-10-02,55.810428619384766,59.060001373291016
2020-10-05,56.727046966552734,60.029998779296875
2020-10-06,55.536376953125,58.77000045776367
2020-10-07,55.942718505859375,59.20000076293945
2020-10-08,56.670352935791016,59.970001220703125
2020-10-09,57.010536193847656,60.33000183105469
2020-10-12,58.513057708740234,61.91999816894531
2020-10-13,58.56975173950195,61.97999954223633
2020-10-14,57.8704719543457,61.2400016784668
2020-10-15,57.426334381103516,60.77000045776367
2020-10-16,57.43578338623047,60.779998779296875
2020-10-19,56.4057502746582,59.689998626708984
2020-10-20,56.812095642089844,60.119998931884766
2020-10-21,57.766517639160156,61.130001068115234
2020-10-22,58.14451599121094,61.529998779296875
2020-10-23,58.6926155090332,62.11000061035156
2020-10-26,57.40744400024414,60.75
2020-10-27,57.77597427368164,61.13999938964844
2020-10-28,55.508026123046875,58.7400016784668
2020-10-29,56.90659713745117,60.220001220703125
2020-10-30,55.942718505859375,59.20000076293945
2020-11-02,55.91435623168945,59.16999816894531
2020-11-03,56.745948791503906,60.04999923706055
2020-11-04,59.19343948364258,62.63999938964844
2020-11-05,60.33686065673828,63.849998474121094
2020-11-06,60.195125579833984,63.70000076293945
2020-11-09,59.68483352661133,63.15999984741211
2020-11-10,59.49583053588867,62.959999084472656
2020-11-11,60.03446960449219,63.529998779296875
2020-11-12,59.69428253173828,63.16999816894531
2020-11-13,60.582550048828125,64.11000061035156
2020-11-16,60.969993591308594,64.5199966430664
2020-11-17,60.75265121459961,64.29000091552734
2020-11-18,60.13841247558594,63.63999938964844
2020-11-19,60.50696563720703,64.02999877929688
2020-11-20,60.36521911621094,63.880001068115234
2020-11-23,60.393558502197266,63.90999984741211
2020-11-24,61.63148880004883,65.22000122070312
2020-11-25,61.622039794921875,65.20999908447266
2020-11-27,62.0189094543457,65.62999725341797
2020-11-30,61.80159378051758,65.4000015258789
2020-12-01,62.935550689697266,66.5999984741211
2020-12-02,63.521446228027344,67.22000122070312
2020-12-03,63.23794937133789,66.91999816894531
2020-12-04,63.29464340209961,66.9800033569336
2020-12-07,63.6915283203125,67.4000015258789
2020-12-08,63.5970344543457,67.30000305175781
2020-12-09,62.841068267822266,66.5
2020-12-10,62.87886047363281,66.54000091552734
2020-12-11,63.2568473815918,66.94000244140625
2020-12-14,63.058414459228516,66.7300033569336
2020-12-15,63.57814407348633,67.27999877929688
2020-12-16,63.521446228027344,67.22000122070312
2020-12-17,63.360809326171875,67.05000305175781
2020-12-18,63.41749954223633,67.11000061035156
2020-12-21,62.87514877319336,66.43000030517578
2020-12-22,62.2883415222168,65.80999755859375
2020-12-23,62.64801788330078,66.19000244140625
2020-12-24,62.71426010131836,66.26000213623047
2020-12-28,63.840576171875,67.44999694824219
2020-12-29,63.783790588378906,67.38999938964844
2020-12-30,63.35786819458008,66.94000244140625
2020-12-31,63.86898422241211,67.4800033569336
2021-01-04,62.92249298095703,66.4800033569336
2021-01-05,63.14964294433594,66.72000122070312
2021-01-06,62.846778869628906,66.4000015258789
2021-01-07,63.6796760559082,67.27999877929688
2021-01-08,63.8784294128418,67.48999786376953
2021-01-11,62.74264907836914,66.29000091552734
2021-01-12,61.72991180419922,65.22000122070312
2021-01-13,61.94758987426758,65.44999694824219
2021-01-14,61.59740447998047,65.08000183105469
2021-01-15,61.79616928100586,65.29000091552734
2021-01-19,62.91302490234375,66.47000122070312
2021-01-20,64.89118194580078,68.55999755859375
2021-01-21,65.12779998779297,68.80999755859375
2021-01-22,65.15617370605469,68.83999633789062
2021-01-25,65.5348129272461,69.23999786376953
2021-01-26,66.42446899414062,70.18000030517578
2021-01-27,64.27597045898438,67.91000366210938
2021-01-28,64.50312805175781,68.1500015258789
2021-01-29,63.30105972290039,66.87999725341797
2021-02-01,64.48417663574219,68.12999725341797
2021-02-02,65.46855163574219,69.16999816894531
2021-02-03,66.34877014160156,70.0999984741211
2021-02-04,66.74629211425781,70.5199966430664
2021-02-05,67.58866882324219,71.41000366210938
2021-02-08,67.8536605834961,71.69000244140625
2021-02-09,68.08084106445312,71.93000030517578
2021-02-10,68.7244644165039,72.61000061035156
2021-02-11,68.80017852783203,72.69000244140625
2021-02-12,69.09357452392578,73.0
2021-02-16,69.42485046386719,73.3499984741211
2021-02-17,69.62361145019531,73.55999755859375
2021-02-18,69.28286743164062,73.19999694824219
2021-02-19,68.60140228271484,72.4800033569336
2021-02-22,68.32691955566406,72.19000244140625
2021-02-23,68.85694885253906,72.75
2021-02-24,68.98001098632812,72.87999725341797
2021-02-25,67.47509765625,71.29000091552734
2021-02-26,67.74010467529297,71.56999969482422
2021-03-01,69.4721908569336,73.4000015258789
2021-03-02,68.96107482910156,72.86000061035156
2021-03-03,67.97673797607422,71.81999969482422
2021-03-04,67.8536605834961,71.69000244140625
2021-03-05,69.44378662109375,73.37000274658203
2021-03-08,68.51619720458984,72.38999938964844
2021-03-09,69.28286743164062,73.19999694824219
2021-03-10,69.5762939453125,73.51000213623047
2021-03-11,70.89191436767578,74.9000015258789
2021-03-12,70.6931381225586,74.69000244140625
2021-03-15,71.1948013305664,75.22000122070312
2021-03-16,71.94252014160156,76.01000213623047
2021-03-17,71.95197296142578,76.0199966430664
2021-03-18,70.75941467285156,74.76000213623047
2021-03-19,71.3746109008789,75.41000366210938
2021-03-22,71.97480010986328,75.91000366210938
2021-03-23,71.4438247680664,75.3499984741211
2021-03-24,69.64232635498047,73.44999694824219
2021-03-25,69.30097961425781,73.08999633789062
2021-03-26,68.54246520996094,72.29000091552734
2021-03-29,69.24410247802734,73.02999877929688
2021-03-30,69.24410247802734,73.02999877929688
2021-03-31,69.51907348632812,73.31999969482422
2021-04-01,70.71375274658203,74.58000183105469
2021-04-05,72.2023696899414,76.1500015258789
2021-04-06,72.38250732421875,76.33999633789062
2021-04-07,72.94192504882812,76.93000030517578
2021-04-08,72.951416015625,76.94000244140625
2021-04-09,72.93243408203125,76.91999816894531
2021-04-12,72.63851165771484,76.61000061035156
2021-04-13,72.73334503173828,76.70999908447266
2021-04-14,71.98426818847656,75.91999816894531
2021-04-15,72.90401458740234,76.88999938964844
2021-04-16,72.85658264160156,76.83999633789062
2021-04-19,72.44890594482422,76.41000366210938
2021-04-20,72.06011962890625,76.0
2021-04-21,72.18339538574219,76.12999725341797
2021-04-22,71.65242767333984,75.56999969482422
2021-04-23,72.48680114746094,76.44999694824219
2021-04-26,72.63851165771484,76.61000061035156
2021-04-27,72.34459686279297,76.30000305175781
2021-04-28,73.0082778930664,77.0
2021-04-29,75.02787780761719,79.12999725341797
2021-04-30,74.00386810302734,78.05000305175781
2021-05-03,73.61512756347656,77.63999938964844
2021-05-04,72.951416015625,76.94000244140625
2021-05-05,72.8091812133789,76.79000091552734
2021-05-06,73.66253662109375,77.69000244140625
2021-05-07,74.22191619873047,78.27999877929688
2021-05-10,72.79969787597656,76.77999877929688
2021-05-11,72.59110260009766,76.55999755859375
2021-05-12,71.16885375976562,75.05999755859375
2021-05-13,71.6808853149414,75.5999984741211
2021-05-14,73.09363555908203,77.08999633789062
2021-05-17,72.5152587890625,76.4800033569336
2021-05-18,71.77567291259766,75.69999694824219
2021-05-19,71.88947296142578,75.81999969482422
2021-05-20,73.12206268310547,77.12000274658203
2021-05-21,72.87556457519531,76.86000061035156
2021-05-24,74.20297241210938,78.26000213623047
2021-05-25,74.18402862548828,78.23999786376953
2021-05-26,74.66755676269531,78.75
2021-05-27,74.9520263671875,79.05000305175781
2021-05-28,74.70550537109375,78.79000091552734
2021-06-01,74.7529067993164,78.83999633789062
2021-06-02,74.52535247802734,78.5999984741211
2021-06-03,74.02284240722656,78.06999969482422
2021-06-04,75.08476257324219,79.19000244140625
2021-06-07,75.47350311279297,79.5999984741211
2021-06-08,75.25545501708984,79.37000274658203
2021-06-09,75.17959594726562,79.29000091552734
2021-06-10,75.58728790283203,79.72000122070312
2021-06-11,75.67264556884766,79.80999755859375
2021-06-14,76.17514038085938,80.33999633789062
2021-06-15,75.739013671875,79.87999725341797
2021-06-16,75.07527923583984,79.18000030517578
2021-06-17,75.38819885253906,79.51000213623047
2021-06-18,74.50639343261719,78.58000183105469
2021-06-21,75.22924041748047,79.19999694824219
2021-06-22,75.8751449584961,79.87999725341797
2021-06-23,75.79915618896484,79.80000305175781
2021-06-24,76.51153564453125,80.55000305175781
2021-06-25,76.6065444946289,80.6500015258789
2021-06-28,77.47091674804688,81.55999755859375
2021-06-29,77.05298614501953,81.12000274658203
2021-06-30,76.91051483154297,80.97000122070312
2021-07-01,77.48040008544922,81.56999969482422
2021-07-02,78.02182006835938,82.13999938964844
2021-07-06,77.83187103271484,81.94000244140625
2021-07-07,77.7178726196289,81.81999969482422
2021-07-08,76.86299896240234,80.91999816894531
2021-07-09,77.54690551757812,81.63999938964844
2021-07-12,78.09783172607422,82.22000122070312
2021-07-13,77.89833068847656,82.01000213623047
2021-07-14,77.84134674072266,81.94999694824219
2021-07-15,77.29045104980469,81.37000274658203
2021-07-16,76.80599975585938,80.86000061035156
2021-07-19,75.63765716552734,79.62999725341797
2021-07-20,76.4925537109375,80.52999877929688
2021-07-21,77.12894439697266,81.19999694824219
2021-07-22,77.39494323730469,81.4800033569336
2021-07-23,79.31364440917969,83.5
2021-07-26,79.72209167480469,83.93000030517578
2021-07-27,78.772216796875,82.93000030517578
2021-07-28,79.3896484375,83.58000183105469
2021-07-29,78.53475952148438,82.68000030517578
2021-07-30,78.26880645751953,82.4000015258789
2021-08-02,78.08833312988281,82.20999908447266
2021-08-03,77.73687744140625,81.83999633789062
2021-08-04,77.95533752441406,82.06999969482422
2021-08-05,78.66773986816406,82.81999969482422
2021-08-06,78.66773986816406,82.81999969482422
2021-08-09,78.5252685546875,82.66999816894531
2021-08-10,78.67725372314453,82.83000183105469
2021-08-11,78.8292236328125,82.98999786376953
2021-08-12,78.9717025756836,83.13999938964844
2021-08-13,79.01920318603516,83.19000244140625
2021-08-16,79.15216827392578,83.33000183105469
2021-08-17,78.49677276611328,82.63999938964844
2021-08-18,77.89833068847656,82.01000213623047
2021-08-19,77.90785217285156,82.0199966430664
2021-08-20,78.58224487304688,82.7300033569336
2021-08-23,79.53211975097656,83.7300033569336
2021-08-24,79.78857421875,84.0
2021-08-25,79.91206359863281,84.12999725341797
2021-08-26,79.21866607666016,83.4000015258789
2021-08-27,80.47248077392578,84.72000122070312
2021-08-30,81.02340698242188,85.30000305175781
2021-08-31,81.3273696899414,85.62000274658203
2021-09-01,81.73580169677734,86.05000305175781
2021-09-02,81.18487548828125,85.47000122070312
2021-09-03,81.18487548828125,85.47000122070312
2021-09-07,81.3748550415039,85.66999816894531
2021-09-08,80.95692443847656,85.2300033569336
2021-09-09,80.55796813964844,84.80999755859375
2021-09-10,80.03553771972656,84.26000213623047
2021-09-13,80.23502349853516,84.47000122070312
2021-09-14,79.54161834716797,83.73999786376953
2021-09-15,79.93107604980469,84.1500015258789
2021-09-16,79.85507202148438,84.06999969482422
2021-09-17,78.9717025756836,83.13999938964844
2021-09-20,77.3846206665039,81.33000183105469
2021-09-21,77.06110382080078,80.98999786376953
2021-09-22,77.02305603027344,80.94999694824219
2021-09-23,77.81278991699219,81.77999877929688
2021-09-24,78.45027923583984,82.44999694824219
2021-09-27,78.4407730102539,82.44000244140625
2021-09-28,76.52828216552734,80.43000030517578
2021-09-29,76.46167755126953,80.36000061035156
2021-09-30,76.22381591796875,80.11000061035156
2021-10-01,77.50830841064453,81.45999908447266
2021-10-04,75.83368682861328,79.69999694824219
2021-10-05,76.96598052978516,80.88999938964844
2021-10-06,77.09917449951172,81.02999877929688
2021-10-07,77.43219757080078,81.37999725341797
2021-10-08,77.05158996582031,80.9800033569336
2021-10-11,75.89078521728516,79.76000213623047
2021-10-12,75.18666076660156,79.0199966430664
2021-10-13,75.53871154785156,79.38999938964844
2021-10-14,76.60438537597656,80.51000213623047
2021-10-15,76.4236068725586,80.31999969482422
2021-10-18,77.01354217529297,80.94000244140625
2021-10-19,77.75569915771484,81.72000122070312
2021-10-20,77.9079360961914,81.87999725341797
2021-10-21,78.13629913330078,82.12000274658203
2021-10-22,76.48069763183594,80.37999725341797
2021-10-25,76.81373596191406,80.7300033569336
2021-10-26,76.12864685058594,80.01000213623047
2021-10-27,75.91931915283203,79.79000091552734
2021-10-28,76.16670227050781,80.05000305175781
2021-10-29,76.40458679199219,80.30000305175781
2021-11-01,76.52828216552734,80.43000030517578
2021-11-02,76.53779602050781,80.44000244140625
2021-11-03,76.81373596191406,80.7300033569336
2021-11-04,77.11820220947266,81.05000305175781
2021-11-05,77.73668670654297,81.69999694824219
2021-11-08,77.39411926269531,81.33999633789062
2021-11-09,77.20384979248047,81.13999938964844
2021-11-10,76.32845306396484,80.22000122070312
2021-11-11,76.17620849609375,80.05999755859375
2021-11-12,77.28946685791016,81.2300033569336
2021-11-15,77.50830841064453,81.45999908447266
2021-11-16,76.92790985107422,80.8499984741211
2021-11-17,76.63294219970703,80.54000091552734
2021-11-18,76.08106994628906,79.95999908447266
2021-11-19,75.82416534423828,79.69000244140625
2021-11-22,74.9012222290039,78.72000122070312
2021-11-23,74.701416015625,78.51000213623047
2021-11-24,74.80609130859375,78.62000274658203
2021-11-26,73.43594360351562,77.18000030517578
2021-11-29,74.06392669677734,77.83999633789062
2021-11-30,71.71372985839844,75.37000274658203
2021-12-01,70.05814361572266,73.62999725341797
2021-12-02,71.23799896240234,74.87000274658203
2021-12-03,71.07624816894531,74.69999694824219
2021-12-06,72.2465591430664,75.93000030517578
2021-12-07,72.9887466430664,76.70999908447266
2021-12-08,73.52157592773438,77.2699966430664
2021-12-09,72.941162109375,76.66000366210938
2021-12-10,72.97920989990234,76.69999694824219
2021-12-13,72.5986099243164,76.30000305175781
2021-12-14,72.40834045410156,76.0999984741211
2021-12-15,73.16950988769531,76.9000015258789
2021-12-16,73.06485748291016,76.79000091552734
2021-12-17,72.76991271972656,76.4800033569336
2021-12-20,72.26171875,75.79000091552734
2021-12-21,73.63467407226562,77.2300033569336
2021-12-22,73.8158187866211,77.41999816894531
2021-12-23,74.47369384765625,78.11000061035156
2021-12-27,75.19832611083984,78.87000274658203
2021-12-28,75.16020202636719,78.83000183105469
2021-12-29,74.7883529663086,78.44000244140625
2021-12-30,75.10297393798828,78.7699966430664
2021-12-31,74.06372833251953,77.68000030517578
2022-01-03,74.57859802246094,78.22000122070312
2022-01-04,74.41650390625,78.05000305175781
2022-01-05,72.54774475097656,76.08999633789062
2022-01-06,72.87189483642578,76.43000030517578
2022-01-07,72.88145446777344,76.44000244140625
2022-01-10,72.42379760742188,75.95999908447266
2022-01-11,73.32957458496094,76.91000366210938
2022-01-12,73.42491912841797,77.01000213623047
2022-01-13,72.66214752197266,76.20999908447266
2022-01-14,72.995849609375,76.55999755859375
2022-01-18,72.10914611816406,75.62999725341797
2022-01-19,71.98519897460938,75.5
2022-01-20,71.2701187133789,74.75
2022-01-21,68.85791015625,72.22000122070312
2022-01-24,69.36322784423828,72.75
2022-01-25,67.9426040649414,71.26000213623047
2022-01-26,66.95100402832031,70.22000122070312
2022-01-27,67.02729034423828,70.30000305175781
2022-01-28,68.9437255859375,72.30999755859375
2022-01-31,70.50735473632812,73.94999694824219
2022-02-01,71.11759185791016,74.58999633789062
2022-02-02,72.53820037841797,76.08000183105469
2022-02-03,67.68515014648438,70.98999786376953
2022-02-04,67.85676574707031,71.16999816894531
2022-02-07,66.67449951171875,69.93000030517578
2022-02-08,66.64592742919922,69.9000015258789
2022-02-09,68.52421569824219,71.87000274658203
2022-02-10,67.54214477539062,70.83999633789062
2022-02-11,66.08336639404297,69.30999755859375
2022-02-14,66.09290313720703,69.31999969482422
2022-02-15,67.01776885986328,70.29000091552734
2022-02-16,66.55057525634766,69.80000305175781
2022-02-17,64.77714538574219,67.94000244140625
2022-02-18,64.2718276977539,67.41000366210938
2022-02-22,63.61395263671875,66.72000122070312
2022-02-23,62.54609298706055,65.5999984741211
2022-02-24,64.30043029785156,67.44000244140625
2022-02-25,65.33969116210938,68.52999877929688
2022-02-28,65.2634048461914,68.44999694824219
2022-03-01,64.44346618652344,67.58999633789062
2022-03-02,64.99645233154297,68.16999816894531
2022-03-03,64.31950378417969,67.45999908447266
2022-03-04,63.3946533203125,66.48999786376953
2022-03-07,61.287532806396484,64.27999877929688
2022-03-08,61.13498306274414,64.12000274658203
2022-03-09,62.96559143066406,66.04000091552734
2022-03-10,62.498409271240234,65.55000305175781
2022-03-11,61.37335968017578,64.37000274658203
2022-03-14,60.658260345458984,63.619998931884766
2022-03-15,61.82146453857422,64.83999633789062
2022-03-16,63.52814483642578,66.62999725341797
2022-03-17,64.21460723876953,67.3499984741211
2022-03-18,65.05365753173828,68.2300033569336
2022-03-21,64.44474792480469,67.41999816894531
2022-03-22,65.64915466308594,68.68000030517578
2022-03-23,64.75064086914062,67.73999786376953
2022-03-24,65.8116683959961,68.8499984741211
2022-03-25,66.12708282470703,69.18000030517578
2022-03-28,66.33740234375,69.4000015258789
2022-03-29,67.49398803710938,70.61000061035156
2022-03-30,67.01606750488281,70.11000061035156
2022-03-31,65.74473571777344,68.77999877929688
2022-04-01,66.23222351074219,69.29000091552734
2022-04-04,68.05795288085938,71.19999694824219
2022-04-05,67.1881103515625,70.29000091552734
2022-04-06,65.9359359741211,68.9800033569336
2022-04-07,65.36238861083984,68.37999725341797
2022-04-08,65.07562255859375,68.08000183105469
2022-04-11,64.23446655273438,67.19999694824219
2022-04-12,63.708736419677734,66.6500015258789
2022-04-13,64.64550018310547,67.62999725341797
2022-04-14,63.54624557495117,66.4800033569336
2022-04-18,63.33595275878906,66.26000213623047
2022-04-19,64.59770202636719,67.58000183105469
2022-04-20,61.79701232910156,64.6500015258789
2022-04-21,60.0382080078125,62.810001373291016
2022-04-22,58.61395263671875,61.31999969482422
2022-04-25,59.4168815612793,62.15999984741211
2022-04-26,57.4669075012207,60.119998931884766
2022-04-27,56.186038970947266,58.779998779296875
2022-04-28,58.43233871459961,61.130001068115234
2022-04-29,56.45368957519531,59.060001373291016
2022-05-02,58.01176071166992,60.689998626708984
2022-05-03,58.16469955444336,60.849998474121094
2022-05-04,60.16246032714844,62.939998626708984
2022-05-05,57.944847106933594,60.619998931884766
2022-05-06,56.75001525878906,59.369998931884766
2022-05-09,55.27796936035156,57.83000183105469
2022-05-10,55.526493072509766,58.09000015258789
2022-05-11,54.5228385925293,57.040000915527344
2022-05-12,55.11546325683594,57.65999984741211
2022-05-13,56.4058952331543,59.0099983215332
2022-05-16,56.04266357421875,58.630001068115234
2022-05-17,57.266178131103516,59.90999984741211
2022-05-18,55.39268112182617,57.95000076293945
2022-05-19,55.31620407104492,57.869998931884766
2022-05-20,55.4595832824707,58.02000045776367
2022-05-23,56.291194915771484,58.88999938964844
2022-05-24,54.293426513671875,56.79999923706055
2022-05-25,55.01988220214844,57.560001373291016
2022-05-26,56.35810470581055,58.959999084472656
2022-05-27,57.5624885559082,60.220001220703125
2022-05-31,57.524261474609375,60.18000030517578
2022-06-01,56.864715576171875,59.4900016784668
2022-06-02,58.25072479248047,60.939998626708984
2022-06-03,56.98896789550781,59.619998931884766
2022-06-06,57.2757453918457,59.91999816894531
2022-06-07,57.68675231933594,60.349998474121094
2022-06-08,57.53382110595703,60.189998626708984
2022-06-09,55.76546096801758,58.34000015258789
2022-06-10,54.207393646240234,56.709999084472656
2022-06-13,51.64565658569336,54.029998779296875
2022-06-14,51.50227737426758,53.880001068115234
2022-06-15,52.658878326416016,55.09000015258789
2022-06-16,50.73758316040039,53.08000183105469
2022-06-17,51.46404266357422,53.84000015258789
2022-06-21,51.82815933227539,54.09000015258789
2022-06-22,51.91439437866211,54.18000030517578
2022-06-23,52.556365966796875,54.849998474121094
2022-06-24,54.5589714050293,56.939998626708984
2022-06-27,54.041561126708984,56.400001525878906
2022-06-28,52.47014236450195,54.7599983215332
2022-06-29,52.633033752441406,54.93000030517578
2022-06-30,52.00062561035156,54.27000045776367
2022-07-01,52.52762985229492,54.81999969482422
2022-07-05,53.74452209472656,56.09000015258789
2022-07-06,53.754112243652344,56.099998474121094
2022-07-07,54.59730911254883,56.97999954223633
2022-07-08,54.338592529296875,56.709999084472656
2022-07-11,52.690528869628906,54.9900016784668
2022-07-12,52.661773681640625,54.959999084472656
2022-07-13,52.42222595214844,54.709999084472656
2022-07-14,51.761077880859375,54.02000045776367
2022-07-15,53.092960357666016,55.40999984741211
2022-07-18,52.82467269897461,55.130001068115234
2022-07-19,54.70270919799805,57.09000015258789
2022-07-20,55.60340118408203,58.029998779296875
2022-07-21,55.57465744018555,58.0
2022-07-22,53.648704528808594,55.9900016784668
2022-07-25,53.466644287109375,55.79999923706055
2022-07-26,52.39348602294922,54.68000030517578
2022-07-27,54.60689163208008,56.9900016784668
2022-07-28,53.984066009521484,56.34000015258789
2022-07-29,54.012821197509766,56.369998931884766
2022-08-01,53.9361572265625,56.290000915527344
2022-08-02,53.84992218017578,56.20000076293945
2022-08-03,55.14347457885742,57.54999923706055
2022-08-04,55.383018493652344,57.79999923706055
2022-08-05,54.70270919799805,57.09000015258789
2022-08-08,55.0189094543457,57.41999816894531
2022-08-09,54.48232650756836,56.86000061035156
2022-08-10,56.01541519165039,58.459999084472656
2022-08-11,56.07291030883789,58.52000045776367
2022-08-12,57.069419860839844,59.560001373291016
2022-08-15,57.2706298828125,59.77000045776367
2022-08-16,57.385623931884766,59.88999938964844
2022-08-17,56.27412796020508,58.72999954223633
2022-08-18,56.187889099121094,58.63999938964844
2022-08-19,55.27761459350586,57.689998626708984
2022-08-22,53.696617126464844,56.040000915527344
2022-08-23,53.23668670654297,55.560001373291016
2022-08-24,53.55288314819336,55.88999938964844
2022-08-25,54.59730911254883,56.97999954223633
2022-08-26,52.85340881347656,55.15999984741211
2022-08-29,52.44138717651367,54.72999954223633
2022-08-30,51.981468200683594,54.25
2022-08-31,52.10603332519531,54.380001068115234
2022-09-01,52.58512878417969,54.880001068115234
2022-09-02,51.5886116027832,53.84000015258789
2022-09-06,50.94662094116211,53.16999816894531
2022-09-07,51.971885681152344,54.2400016784668
2022-09-08,51.84731674194336,54.11000061035156
2022-09-09,53.29417419433594,55.619998931884766
2022-09-12,53.57204818725586,55.90999984741211
2022-09-13,50.63042449951172,52.84000015258789
2022-09-14,50.7166633605957,52.93000030517578
2022-09-15,50.49628448486328,52.70000076293945
2022-09-16,49.95969772338867,52.13999938964844
2022-09-19,50.24776077270508,52.33000183105469
2022-09-20,49.46998977661133,51.52000045776367
2022-09-21,48.2601203918457,50.2599983215332
2022-09-22,48.0872917175293,50.08000183105469
2022-09-23,47.155887603759766,49.11000061035156
2022-09-26,46.38772201538086,48.310001373291016
2022-09-27,46.138065338134766,48.04999923706055
2022-09-28,47.71280288696289,49.689998626708984
2022-09-29,46.55094909667969,48.47999954223633
2022-09-30,45.98442840576172,47.88999938964844
2022-10-03,47.2711067199707,49.22999954223633
2022-10-04,48.72102737426758,50.7400016784668
2022-10-05,48.34653854370117,50.349998474121094
2022-10-06,48.0872917175293,50.08000183105469
2022-10-07,46.79100799560547,48.72999954223633
2022-10-10,46.66617965698242,48.599998474121094
2022-10-11,45.79238510131836,47.689998626708984
2022-10-12,45.734779357910156,47.630001068115234
2022-10-13,46.83900833129883,48.779998779296875
2022-10-14,46.07085037231445,47.97999954223633
2022-10-17,47.33833312988281,49.29999923706055
2022-10-18,47.693599700927734,49.66999816894531
2022-10-19,47.73200988769531,49.709999084472656
2022-10-20,47.84724426269531,49.83000183105469
2022-10-21,48.15451431274414,50.150001525878906
2022-10-24,48.490577697753906,50.5
2022-10-25,49.77726364135742,51.84000015258789
2022-10-26,48.20252227783203,50.20000076293945
2022-10-27,45.91722106933594,47.81999969482422
2022-10-28,47.079071044921875,49.029998779296875
2022-10-31,46.29169845581055,48.209999084472656
2022-11-01,45.99403381347656,47.900001525878906
2022-11-02,44.69774627685547,46.54999923706055
2022-11-03,43.603111267089844,45.40999984741211
2022-11-04,43.90077209472656,45.720001220703125
2022-11-07,44.68815231323242,46.540000915527344
2022-11-08,44.73616027832031,46.59000015258789
2022-11-09,44.1312255859375,45.959999084472656
2022-11-10,46.80060958862305,48.7400016784668
2022-11-11,48.02968215942383,50.02000045776367
2022-11-14,47.837642669677734,49.81999969482422
2022-11-15,48.54818344116211,50.560001373291016
2022-11-16,48.068084716796875,50.060001373291016
2022-11-17,47.70321273803711,49.68000030517578
2022-11-18,47.559173583984375,49.529998779296875
2022-11-21,47.16548156738281,49.119998931884766
2022-11-22,47.8664436340332,49.849998474121094
2022-11-23,48.471370697021484,50.47999954223633
2022-11-25,48.20252227783203,50.20000076293945
2022-11-28,47.43435287475586,49.400001525878906
2022-11-29,47.453548431396484,49.41999816894531
2022-11-30,49.460384368896484,51.5099983215332
2022-12-01,49.74845504760742,51.810001373291016
2022-12-02,49.87327575683594,51.939998626708984
2022-12-05,49.08590316772461,51.119998931884766
2022-12-06,47.67439651489258,49.650001525878906
2022-12-07,47.43435287475586,49.400001525878906
2022-12-08,47.33833312988281,49.29999923706055
2022-12-09,47.47275161743164,49.439998626708984
2022-12-12,47.84724426269531,49.83000183105469
2022-12-13,48.65380859375,50.66999816894531
2022-12-14,48.02008056640625,50.0099983215332
2022-12-15,46.147666931152344,48.060001373291016
2022-12-16,46.138065338134766,48.04999923706055
2022-12-19,45.05805206298828,46.810001373291016
2022-12-20,45.36608123779297,47.130001068115234
2022-12-21,45.96287536621094,47.75
2022-12-22,45.5682258605957,47.34000015258789
2022-12-23,46.0109977722168,47.79999923706055
2022-12-27,45.59709930419922,47.369998931884766
2022-12-28,44.932926177978516,46.68000030517578
2022-12-29,46.174644470214844,47.970001220703125
2022-12-30,46.19389343261719,47.9900016784668
2023-01-03,46.790687561035156,48.61000061035156
2023-01-04,47.6666374206543,49.52000045776367
2023-01-05,47.734012603759766,49.59000015258789
2023-01-06,48.513694763183594,50.400001525878906
2023-01-09,48.590702056884766,50.47999954223633
2023-01-10,49.32225799560547,51.2400016784668
2023-01-11,49.67841720581055,51.61000061035156
2023-01-12,50.227073669433594,52.18000030517578
2023-01-13,50.390716552734375,52.349998474121094
2023-01-17,49.91905212402344,51.86000061035156
2023-01-18,49.312625885009766,51.22999954223633
2023-01-19,49.56290817260742,51.4900016784668
2023-01-20,51.11264419555664,53.099998474121094
2023-01-23,52.007835388183594,54.029998779296875
2023-01-24,51.86344528198242,53.880001068115234
2023-01-25,52.04633712768555,54.06999969482422
2023-01-26,52.85490417480469,54.90999984741211
2023-01-27,53.220680236816406,55.290000915527344
2023-01-30,52.383235931396484,54.41999816894531
2023-01-31,53.01853561401367,55.08000183105469
2023-02-01,53.64421081542969,55.72999954223633
2023-02-02,57.16722869873047,59.38999938964844
2023-02-03,56.02177047729492,58.20000076293945
2023-02-06,55.347965240478516,57.5
2023-02-07,56.37791442871094,58.56999969482422
2023-02-08,54.606788635253906,56.72999954223633
2023-02-09,53.41319274902344,55.4900016784668
2023-02-10,52.90302658081055,54.959999084472656
2023-02-13,53.65383529663086,55.7400016784668
2023-02-14,53.67308807373047,55.7599983215332
2023-02-15,54.164005279541016,56.27000045776367
2023-02-16,53.3361930847168,55.40999984741211
2023-02-17,53.278438568115234,55.349998474121094
2023-02-21,52.10409927368164,54.130001068115234
2023-02-22,52.209983825683594,54.2400016784668
2023-02-23,51.96933364868164,53.9900016784668
2023-02-24,51.24740982055664,53.2400016784668
2023-02-27,51.411041259765625,53.40999984741211
2023-02-28,51.497676849365234,53.5
2023-03-01,51.10301208496094,53.09000015258789
2023-03-02,51.58430862426758,53.59000015258789
2023-03-03,52.71052169799805,54.7599983215332
2023-03-06,52.71052169799805,54.7599983215332
2023-03-07,52.171470642089844,54.20000076293945
2023-03-08,52.200347900390625,54.22999954223633
2023-03-09,51.0260124206543,53.0099983215332
2023-03-10,50.30408477783203,52.2599983215332
2023-03-13,50.30408477783203,52.2599983215332
2023-03-14,51.72869110107422,53.7400016784668
2023-03-15,52.2869873046875,54.31999969482422
2023-03-16,53.46133041381836,55.540000915527344
2023-03-17,52.95115661621094,55.0099983215332
2023-03-20,53.34688949584961,55.27000045776367
2023-03-21,54.485836029052734,56.45000076293945
2023-03-22,53.5302848815918,55.459999084472656
2023-03-23,54.39897155761719,56.36000061035156
2023-03-24,54.67887878417969,56.650001525878906
2023-03-27,54.37001419067383,56.33000183105469
2023-03-28,53.9260139465332,55.869998931884766
2023-03-29,54.64027404785156,56.61000061035156
2023-03-30,54.900882720947266,56.880001068115234
2023-03-31,55.95294952392578,57.970001220703125
2023-04-03,56.184600830078125,58.209999084472656
2023-04-04,56.35833740234375,58.38999938964844
2023-04-05,56.174949645996094,58.20000076293945
2023-04-06,56.879547119140625,58.93000030517578
2023-04-10,56.754058837890625,58.79999923706055
2023-04-11,56.60928726196289,58.650001525878906
2023-04-12,56.020511627197266,58.040000915527344
2023-04-13,57.18840789794922,59.25
2023-04-14,57.16910934448242,59.22999954223633
2023-04-17,56.8409423828125,58.88999938964844
2023-04-18,56.55137634277344,58.59000015258789
2023-04-19,56.12668991088867,58.150001525878906
2023-04-20,55.54756164550781,57.54999923706055
2023-04-21,55.68268585205078,57.689998626708984
2023-04-24,55.62477493286133,57.630001068115234
2023-04-25,54.75609588623047,56.72999954223633
2023-04-26,54.176971435546875,56.130001068115234
2023-04-27,57.32353591918945,59.38999938964844
2023-04-28,57.815799713134766,59.900001525878906
2023-05-01,57.8061408996582,59.88999938964844
2023-05-02,56.734764099121094,58.779998779296875
2023-05-03,56.512760162353516,58.54999923706055
2023-05-04,55.605472564697266,57.61000061035156
2023-05-05,56.3004264831543,58.33000183105469
2023-05-08,56.86989212036133,58.91999816894531
2023-05-09,56.512760162353516,58.54999923706055
2023-05-10,57.014678955078125,59.06999969482422
2023-05-11,57.584136962890625,59.65999984741211
2023-05-12,57.63240432739258,59.709999084472656
2023-05-15,57.90266418457031,59.9900016784668
2023-05-16,57.835105895996094,59.91999816894531
2023-05-17,58.53969192504883,60.650001525878906
2023-05-18,59.591773986816406,61.7400016784668
2023-05-19,59.27325439453125,61.40999984741211
2023-05-22,59.81377029418945,61.970001220703125
2023-05-23,59.070560455322266,61.20000076293945
2023-05-24,58.80030822753906,60.91999816894531
2023-05-25,58.80030822753906,60.91999816894531
2023-05-26,59.997154235839844,62.15999984741211
2023-05-30,60.09367370605469,62.2599983215332
2023-05-31,60.074371337890625,62.2400016784668
2023-06-01,60.8851432800293,63.08000183105469
2023-06-02,60.96236038208008,63.15999984741211
2023-06-05,61.11679458618164,63.31999969482422
2023-06-06,61.36775588989258,63.58000183105469
2023-06-07,60.68245315551758,62.869998931884766
2023-06-08,60.9913215637207,63.189998626708984
2023-06-09,61.010623931884766,63.209999084472656
2023-06-12,61.734519958496094,63.959999084472656
2023-06-13,61.93721008300781,64.16999816894531
2023-06-14,62.043392181396484,64.27999877929688
2023-06-15,63.02791213989258,65.30000305175781
2023-06-16,62.50669860839844,64.76000213623047
2023-06-20,62.202152252197266,64.33999633789062
2023-06-21,61.58341979980469,63.70000076293945
2023-06-22,62.06680679321289,64.19999694824219
2023-06-23,61.931461334228516,64.05999755859375
2023-06-26,61.3127326965332,63.41999816894531
2023-06-27,62.34716796875,64.48999786376953
2023-06-28,62.62753677368164,64.77999877929688
2023-06-29,62.28916931152344,64.43000030517578
2023-06-30,62.917579650878906,65.08000183105469
2023-07-03,63.13026428222656,65.30000305175781
2023-07-05,63.61365509033203,65.80000305175781
2023-07-06,63.11091995239258,65.27999877929688
2023-07-07,62.88856887817383,65.05000305175781
2023-07-10,62.72421646118164,64.87999725341797
2023-07-11,63.8166618347168,66.01000213623047
2023-07-12,64.590087890625,66.80999755859375
2023-07-13,65.53752899169922,67.79000091552734
2023-07-14,64.91879272460938,67.1500015258789
2023-07-17,64.68675994873047,66.91000366210938
2023-07-18,65.13148498535156,67.37000274658203
2023-07-19,65.31517028808594,67.55999755859375
2023-07-20,64.01969909667969,66.22000122070312
2023-07-21,63.38161849975586,65.55999755859375
2023-07-24,63.49764633178711,65.68000030517578
2023-07-25,63.700660705566406,65.88999938964844
2023-07-26,64.69642639160156,66.91999816894531
2023-07-27,65.23783111572266,67.4800033569336
2023-07-28,66.52362060546875,68.80999755859375
2023-07-31,66.5042953491211,68.79000091552734
2023-08-01,66.41728210449219,68.69999694824219
2023-08-02,65.17015075683594,67.41000366210938
2023-08-03,65.00580596923828,67.23999786376953
2023-08-04,64.86076354980469,67.08999633789062
2023-08-07,65.86622619628906,68.12999725341797
2023-08-08,65.68255615234375,67.94000244140625
2023-08-09,64.97679138183594,67.20999908447266
2023-08-10,65.19916534423828,67.44000244140625
2023-08-11,64.8897933959961,67.12000274658203
2023-08-14,65.36351013183594,67.61000061035156
2023-08-15,64.783447265625,67.01000213623047
2023-08-16,64.0100326538086,66.20999908447266
2023-08-17,63.27528381347656,65.44999694824219
2023-08-18,62.89823913574219,65.05999755859375
2023-08-21,63.352622985839844,65.52999877929688
2023-08-22,63.352622985839844,65.52999877929688
2023-08-23,64.37739562988281,66.58999633789062
2023-08-24,63.13993835449219,65.30999755859375
2023-08-25,63.207603454589844,65.37999725341797
2023-08-28,63.98101043701172,66.18000030517578
2023-08-29,65.40217590332031,67.6500015258789
2023-08-30,65.4118423461914,67.66000366210938
2023-08-31,65.4795150756836,67.7300033569336
2023-09-01,64.87045288085938,67.0999984741211
2023-09-05,64.86076354980469,67.08999633789062
2023-09-06,64.65776062011719,66.87999725341797
2023-09-07,64.541748046875,66.76000213623047
2023-09-08,64.73509216308594,66.95999908447266
2023-09-11,65.7115478515625,67.97000122070312
2023-09-12,65.025146484375,67.26000213623047
2023-09-13,65.23783111572266,67.4800033569336
2023-09-14,66.1465835571289,68.41999816894531
2023-09-15,65.2668228149414,67.51000213623047
2023-09-18,65.3133316040039,67.38999938964844
2023-09-19,65.36180877685547,67.44000244140625
2023-09-20,64.47016143798828,66.5199966430664
2023-09-21,63.6754150390625,65.69999694824219
2023-09-22,63.59789276123047,65.62000274658203
2023-09-25,63.752952575683594,65.77999877929688
2023-09-26,63.04545974731445,65.05000305175781
2023-09-27,63.2102165222168,65.22000122070312
2023-09-28,63.90802764892578,65.94000244140625
2023-09-29,63.549434661865234,65.56999969482422
2023-10-02,64.02432250976562,66.05999755859375
2023-10-03,63.16176223754883,65.16999816894531
2023-10-04,63.76264953613281,65.79000091552734
2023-10-05,63.6754150390625,65.69999694824219
2023-10-06,64.84813690185547,66.91000366210938
2023-10-09,65.54595184326172,67.62999725341797
2023-10-10,65.92393493652344,68.0199966430664
2023-10-11,66.52484130859375,68.63999938964844
2023-10-12,65.73977661132812,67.83000183105469
2023-10-13,65.00320434570312,67.06999969482422
2023-10-16,66.04993438720703,68.1500015258789
2023-10-17,66.28253936767578,68.38999938964844
2023-10-18,65.13887786865234,67.20999908447266
2023-10-19,65.07103729248047,67.13999938964844
2023-10-20,64.47016143798828,66.5199966430664
2023-10-23,64.80937194824219,66.87000274658203
2023-10-24,65.57502746582031,67.66000366210938
2023-10-25,62.73531723022461,64.7300033569336
2023-10-26,61.36876678466797,63.31999969482422
2023-10-27,61.14585494995117,63.09000015258789
2023-10-30,62.405799865722656,64.38999938964844
2023-10-31,62.72562789916992,64.72000122070312
2023-11-01,63.646358489990234,65.66999816894531
2023-11-02,64.48953247070312,66.54000091552734
2023-11-03,65.47810363769531,67.55999755859375
2023-11-06,65.30364990234375,67.37999725341797
2023-11-07,65.65254974365234,67.73999786376953
2023-11-08,65.3424301147461,67.41999816894531
2023-11-09,65.32303619384766,67.4000015258789
2023-11-10,66.36006164550781,68.47000122070312
2023-11-13,66.2146987915039,68.31999969482422
2023-11-14,67.29048156738281,69.43000030517578
2023-11-15,67.62001037597656,69.7699966430664
2023-11-16,67.92045593261719,70.08000183105469
2023-11-17,67.91075897216797,70.06999969482422
2023-11-20,68.67642211914062,70.86000061035156
2023-11-21,68.44381713867188,70.62000274658203
2023-11-22,69.00593566894531,71.19999694824219
2023-11-24,68.7733383178711,70.95999908447266
2023-11-27,68.34688568115234,70.5199966430664
2023-11-28,68.51166534423828,70.69000244140625
2023-11-29,68.01737213134766,70.18000030517578
2023-11-30,67.62001037597656,69.7699966430664
2023-12-01,67.75569915771484,69.91000366210938
2023-12-04,67.0772705078125,69.20999908447266
2023-12-05,66.76712036132812,68.88999938964844
2023-12-06,66.5926742553711,68.70999908447266
2023-12-07,67.98831176757812,70.1500015258789
2023-12-08,68.3081283569336,70.4800033569336
2023-12-11,67.7847671508789,69.94000244140625
2023-12-12,68.06582641601562,70.2300033569336
2023-12-13,68.70549774169922,70.88999938964844
2023-12-14,69.00593566894531,71.19999694824219
2023-12-15,68.83146667480469,71.0199966430664
2023-12-18,69.6806411743164,71.72000122070312
2023-12-19,70.3898696899414,72.44999694824219
2023-12-20,69.8458023071289,71.88999938964844
2023-12-21,70.53559875488281,72.5999984741211
2023-12-22,70.54532623291016,72.61000061035156
2023-12-26,70.81734466552734,72.88999938964844
2023-12-27,70.82707977294922,72.9000015258789
2023-12-28,71.02139282226562,73.0999984741211
2023-12-29,70.59391784667969,72.66000366210938
2024-01-02,70.19557189941406,72.25
2024-01-03,69.93324279785156,71.9800033569336
2024-01-04,69.70006561279297,71.73999786376953
2024-01-05,69.99153900146484,72.04000091552734
2024-01-08,71.07970428466797,73.16000366210938
2024-01-09,70.93395233154297,73.01000213623047
2024-01-10,71.5946273803711,73.69000244140625
2024-01-11,71.3614273071289,73.44999694824219
2024-01-12,71.71119689941406,73.80999755859375
2024-01-16,71.30315399169922,73.38999938964844
2024-01-17,70.86595153808594,72.94000244140625
2024-01-18,71.73063659667969,73.83000183105469
2024-01-19,72.70219421386719,74.83000183105469
2024-01-22,72.84793853759766,74.9800033569336
2024-01-23,73.56689453125,75.72000122070312
2024-01-24,74.0235366821289,76.19000244140625
2024-01-25,75.22826385498047,77.43000030517578
2024-01-26,75.47115325927734,77.68000030517578
2024-01-29,76.10266876220703,78.33000183105469
2024-01-30,75.58775329589844,77.80000305175781
2024-01-31,73.72235107421875,75.87999725341797
2024-02-01,74.48017120361328,76.66000366210938
2024-02-02,77.47257995605469,79.73999786376953
2024-02-05,76.38444519042969,78.62000274658203
2024-02-06,76.1512451171875,78.37999725341797
2024-02-07,76.53988647460938,78.77999877929688
2024-02-08,76.83135986328125,79.08000183105469
2024-02-09,76.91879272460938,79.16999816894531
2024-02-12,77.16168212890625,79.41999816894531
2024-02-13,76.07353973388672,78.30000305175781
2024-02-14,77.28799438476562,79.55000305175781
2024-02-15,77.91950988769531,80.19999694824219
2024-02-16,76.70504760742188,78.94999694824219
2024-02-20,76.58846282958984,78.83000183105469
2024-02-21,76.50100708007812,78.73999786376953
2024-02-22,77.64746856689453,79.91999816894531
2024-02-23,77.4531478881836,79.72000122070312
2024-02-26,76.32613372802734,78.55999755859375
2024-02-27,76.94793701171875,79.19999694824219
2024-02-28,76.42329406738281,78.66000366210938
2024-02-29,77.10338592529297,79.36000061035156
2024-03-01,77.74461364746094,80.0199966430664
2024-03-04,76.72447967529297,78.97000122070312
2024-03-05,76.10266876220703,78.33000183105469
2024-03-06,76.20954895019531,78.44000244140625
2024-03-07,77.44342803955078,79.70999908447266
2024-03-08,77.32683563232422,79.58999633789062
2024-03-11,77.18112182617188,79.44000244140625
2024-03-12,77.8612060546875,80.13999938964844
2024-03-13,77.99722290039062,80.27999877929688
2024-03-14,77.8126220703125,80.08999633789062
2024-03-15,77.0353775024414,79.29000091552734
2024-03-18,78.61746215820312,80.69999694824219
2024-03-19,78.5882568359375,80.66999816894531
2024-03-20,79.51373291015625,81.62000274658203
2024-03-21,79.5429458618164,81.6500015258789
2024-03-22,79.70856475830078,81.81999969482422
2024-03-25,79.43578338623047,81.54000091552734
2024-03-26,79.27017974853516,81.37000274658203
2024-03-27,79.67935180664062,81.79000091552734
2024-03-28,79.55268859863281,81.66000366210938
2024-04-01,80.16644287109375,82.29000091552734
2024-04-02,80.03980255126953,82.16000366210938
2024-04-03,80.67301177978516,82.80999755859375
2024-04-04,79.5819320678711,81.69000244140625
2024-04-05,80.3905029296875,82.5199966430664
2024-04-08,80.4002456665039,82.52999877929688
2024-04-09,80.48792266845703,82.62000274658203
2024-04-10,79.85470581054688,81.97000122070312
2024-04-11,80.55611419677734,82.69000244140625
2024-04-12,79.23123168945312,81.33000183105469
2024-04-15,78.227783203125,80.30000305175781
2024-04-16,77.96475982666016,80.02999877929688
2024-04-17,77.89656066894531,79.95999908447266
2024-04-18,78.27649688720703,80.3499984741211
2024-04-19,77.4192123413086,79.47000122070312
2024-04-22,77.52638244628906,79.58000183105469
2024-04-23,78.70515441894531,80.79000091552734
2024-04-24,78.75385284423828,80.83999633789062
2024-04-25,75.94817352294922,77.95999908447266
2024-04-26,78.04270935058594,80.11000061035156
2024-04-29,77.13668823242188,79.18000030517578
2024-04-30,75.85076141357422,77.86000061035156
2024-05-01,76.55216217041016,78.58000183105469
2024-05-02,77.3218002319336,79.37000274658203
2024-05-03,78.1401138305664,80.20999908447266
2024-05-06,79.20198059082031,81.30000305175781
2024-05-07,79.2896728515625,81.38999938964844
2024-05-08,79.16303253173828,81.26000213623047
2024-05-09,79.56243896484375,81.66999816894531
2024-05-10,79.67935180664062,81.79000091552734
2024-05-13,79.53321838378906,81.63999938964844
2024-05-14,79.89366912841797,82.01000213623047
2024-05-15,80.4002456665039,82.52999877929688
2024-05-16,80.341796875,82.47000122070312
2024-05-17,80.47819519042969,82.61000061035156
2024-05-20,80.71198272705078,82.8499984741211
2024-05-21,80.60482025146484,82.73999786376953
2024-05-22,80.7022476196289,82.83999633789062
2024-05-23,79.78650665283203,81.9000015258789
2024-05-24,80.80939483642578,82.94999694824219
2024-05-28,80.94579315185547,83.08999633789062
2024-05-29,80.51715087890625,82.6500015258789
2024-05-30,80.25411987304688,82.37999725341797
2024-05-31,81.11141204833984,83.26000213623047
2024-06-03,81.4328842163086,83.58999633789062
2024-06-04,81.74463653564453,83.91000366210938
2024-06-05,82.73831176757812,84.93000030517578
2024-06-06,82.78703308105469,84.9800033569336
2024-06-07,82.22199249267578,84.4000015258789
2024-06-10,82.42656707763672,84.61000061035156
2024-06-11,82.58245086669922,84.7699966430664
2024-06-12,82.4070816040039,84.58999633789062
2024-06-13,81.69593048095703,83.86000061035156
2024-06-14,81.95894622802734,84.12999725341797
2024-06-17,82.3486328125,84.52999877929688
2024-06-18,81.86153411865234,84.02999877929688
2024-06-20,82.21224975585938,84.38999938964844
2024-06-21,82.74805450439453,84.94000244140625
2024-06-24,83.02545166015625,85.0
2024-06-25,83.9533920288086,85.94999694824219
2024-06-26,83.96315002441406,85.95999908447266
2024-06-27,84.4417724609375,86.44999694824219
2024-06-28,83.67012786865234,85.66000366210938
2024-07-01,83.31848907470703,85.30000305175781
2024-07-02,84.06082916259766,86.05999755859375
2024-07-03,84.09013366699219,86.08999633789062
2024-07-05,85.72135162353516,87.76000213623047
2024-07-08,84.94969940185547,86.97000122070312
2024-07-09,85.21341705322266,87.23999786376953
2024-07-10,85.7506332397461,87.79000091552734
2024-07-11,84.5785140991211,86.58999633789062
2024-07-12,84.30502319335938,86.30999755859375
2024-07-15,84.60782623291016,86.62000274658203
2024-07-16,84.83248138427734,86.8499984741211
2024-07-17,83.55290985107422,85.54000091552734
2024-07-18,83.50408172607422,85.48999786376953
2024-07-19,83.13289642333984,85.11000061035156
2024-07-22,83.48453521728516,85.47000122070312
2024-07-23,83.36731719970703,85.3499984741211
2024-07-24,81.18912506103516,83.12000274658203
2024-07-25,80.25143432617188,82.16000366210938
2024-07-26,81.75564575195312,83.69999694824219
2024-07-29,82.47846221923828,84.44000244140625
2024-07-30,82.8105697631836,84.77999877929688
2024-07-31,83.79710388183594,85.79000091552734
2024-08-01,84.13896179199219,86.13999938964844
2024-08-02,82.77149200439453,84.73999786376953
2024-08-05,80.39794921875,82.30999755859375
2024-08-06,81.34542083740234,83.27999877929688
2024-08-07,80.9156265258789,82.83999633789062
2024-08-08,82.52729797363281,84.48999786376953
2024-08-09,83.2305908203125,85.20999908447266
2024-08-12,82.65428161621094,84.62000274658203
2024-08-13,83.72872924804688,85.72000122070312
2024-08-14,83.25011444091797,85.2300033569336
2024-08-15,84.0022201538086,86.0
2024-08-16,84.25618743896484,86.26000213623047
2024-08-19,85.21341705322266,87.23999786376953
2024-08-20,85.1548080444336,87.18000030517578
2024-08-21,85.5162124633789,87.55000305175781
2024-08-22,84.87155151367188,86.88999938964844
2024-08-23,85.4673843383789,87.5
2024-08-26,85.66273498535156,87.69999694824219
2024-08-27,85.4673843383789,87.5
2024-08-28,84.90084838867188,86.91999816894531
2024-08-29,84.72504425048828,86.73999786376953
2024-08-30,85.29155731201172,87.31999969482422
2024-09-03,83.72872924804688,85.72000122070312
2024-09-04,83.32823944091797,85.30999755859375
2024-09-05,83.57244873046875,85.55999755859375
2024-09-06,81.82403564453125,83.7699966430664
2024-09-09,82.17566680908203,84.12999725341797
2024-09-10,82.15613555908203,84.11000061035156
2024-09-11,82.49800109863281,84.45999908447266
2024-09-12,84.04129791259766,86.04000091552734
2024-09-13,84.85201263427734,86.87000274658203
2024-09-16,85.7408676147461,87.77999877929688
2024-09-17,85.7408676147461,87.77999877929688
2024-09-18,85.6725082397461,87.70999908447266
2024-09-19,86.83485412597656,88.9000015258789
2024-09-20,86.83485412597656,88.9000015258789
2024-09-23,87.02983093261719,88.83000183105469
2024-09-24,87.44131469726562,89.25
2024-09-25,87.16700744628906,88.97000122070312
2024-09-26,87.6568603515625,89.47000122070312
2024-09-27,88.18592071533203,90.01000213623047
2024-09-30,88.5680160522461,90.4000015258789
2024-10-01,88.6365966796875,90.47000122070312
2024-10-02,88.36225891113281,90.19000244140625
2024-10-03,88.05854797363281,89.87999725341797
2024-10-04,89.03828430175781,90.87999725341797
2024-10-07,87.84300994873047,89.66000366210938
2024-10-08,88.61698913574219,90.44999694824219
2024-10-09,88.64640045166016,90.4800033569336
2024-10-10,87.9899673461914,89.80999755859375
2024-10-11,88.59740447998047,90.43000030517578
2024-10-14,89.0088882446289,90.8499984741211
2024-10-15,89.20484161376953,91.05000305175781
2024-10-16,89.14604187011719,90.98999786376953
2024-10-17,88.72477722167969,90.55999755859375
2024-10-18,89.38119506835938,91.2300033569336
2024-10-21,89.02849578857422,90.87000274658203
2024-10-22,89.15585327148438,91.0
2024-10-23,88.47982788085938,90.30999755859375
2024-10-24,88.78356170654297,90.62000274658203
2024-10-25,89.0088882446289,90.8499984741211
2024-10-28,89.57714080810547,91.43000030517578
2024-10-29,90.41970825195312,92.29000091552734
2024-10-30,90.9683609008789,92.8499984741211
2024-10-31,90.17477416992188,92.04000091552734
2024-11-01,90.5274887084961,92.4000015258789
2024-11-04,90.22377014160156,92.08999633789062
2024-11-05,91.22309875488281,93.11000061035156
2024-11-06,93.46669006347656,95.4000015258789
2024-11-07,94.69135284423828,96.6500015258789
2024-11-08,94.23087310791016,96.18000030517578
2024-11-11,94.75994110107422,96.72000122070312
2024-11-12,95.19102478027344,97.16000366210938
2024-11-13,95.2302017211914,97.19999694824219
2024-11-14,95.12242889404297,97.08999633789062
2024-11-15,93.22175598144531,95.1500015258789
2024-11-18,94.14270782470703,96.08999633789062
2024-11-19,94.75994110107422,96.72000122070312
2024-11-20,95.36735534667969,97.33999633789062
2024-11-21,95.12242889404297,97.08999633789062
2024-11-22,94.91668701171875,96.87999725341797
2024-11-25,95.40655517578125,97.37999725341797
2024-11-26,95.75926971435547,97.73999786376953
2024-11-27,95.8866195678711,97.87000274658203
2024-11-29,96.40587615966797,98.4000015258789
2024-12-02,97.19947052001953,99.20999908447266
2024-12-03,97.98326873779297,100.01000213623047
2024-12-04,98.20860290527344,100.23999786376953
2024-12-05,97.98326873779297,100.01000213623047
2024-12-06,98.8846206665039,100.93000030517578
2024-12-09,96.77819061279297,98.77999877929688
2024-12-10,98.2967758178711,100.33000183105469
2024-12-11,99.90354919433594,101.97000122070312
2024-12-12,100.08969116210938,102.16000366210938
2024-12-13,98.89441680908203,100.94000244140625
2024-12-16,99.2765121459961,101.33000183105469
2024-12-17,98.53191375732422,100.56999969482422
2024-12-18,95.72005462646484,97.69999694824219
2024-12-19,95.45555114746094,97.43000030517578
2024-12-20,95.97480010986328,97.95999908447266
2024-12-23,96.49934387207031,98.23999786376953
2024-12-24,97.41287231445312,99.16999816894531
2024-12-26,97.28517150878906,99.04000091552734
2024-12-27,96.42076873779297,98.16000366210938
2024-12-30,95.40901184082031,97.12999725341797
2024-12-31,95.09467315673828,96.80999755859375
2025-01-02,95.55635833740234,97.27999877929688
2025-01-03,96.1457290649414,97.87999725341797
2025-01-06,97.18695068359375,98.94000244140625
2025-01-07,96.10643005371094,97.83999633789062
2025-01-08,95.53670501708984,97.26000213623047
2025-01-10,94.11239624023438,95.80999755859375
2025-01-13,94.15169525146484,95.8499984741211
2025-01-14,93.83736419677734,95.52999877929688
2025-01-15,95.37954711914062,97.0999984741211
2025-01-16,94.83929443359375,96.55000305175781
2025-01-17,95.66439819335938,97.38999938964844
2025-01-21,96.52880859375,98.2699966430664
2025-01-22,97.49144744873047,99.25
2025-01-23,97.7468490600586,99.51000213623047
2025-01-24,98.63090515136719,100.41000366210938
2025-01-27,99.14168548583984,100.93000030517578
2025-01-28,99.62299346923828,101.41999816894531
2025-01-29,100.06502532958984,101.87000274658203
2025-01-30,100.16326141357422,101.97000122070312
2025-01-31,100.56598663330078,102.37999725341797
2025-02-03,100.78208923339844,102.5999984741211
2025-02-04,101.68578338623047,103.5199966430664
2025-02-05,100.70350646972656,102.5199966430664
2025-02-06,101.1357192993164,102.95999908447266
2025-02-07,100.91960144042969,102.73999786376953
2025-02-10,101.3714599609375,103.19999694824219
2025-02-11,101.5384521484375,103.37000274658203
2025-02-12,101.6465072631836,103.4800033569336
2025-02-13,102.8154067993164,104.66999816894531
2025-02-14,103.44407653808594,105.30999755859375
2025-02-18,102.96276092529297,104.81999969482422
2025-02-19,103.08064270019531,104.94000244140625
2025-02-20,102.59931182861328,104.44999694824219
2025-02-21,101.19464874267578,103.0199966430664
2025-02-24,101.39110565185547,103.22000122070312
2025-02-25,99.88822937011719,101.69000244140625
2025-02-26,99.71141052246094,101.51000213623047
2025-02-27,98.74877166748047,100.52999877929688
2025-02-28,100.1927261352539,102.0
2025-03-03,99.1907958984375,100.9800033569336
2025-03-04,98.40496826171875,100.18000030517578
2025-03-05,99.67211151123047,101.47000122070312
2025-03-06,97.88436889648438,99.6500015258789
2025-03-07,98.51301574707031,100.29000091552734
2025-03-10,96.05731201171875,97.79000091552734
2025-03-11,94.64282989501953,96.3499984741211
2025-03-12,95.11433410644531,96.83000183105469
2025-03-13,93.15958404541016,94.83999633789062
2025-03-14,94.86875915527344,96.58000183105469
2025-03-17,95.54653930664062,97.2699966430664
2025-03-18,94.21063232421875,95.91000366210938
2025-03-19,95.3304443359375,97.05000305175781
2025-03-20,95.1241455078125,96.83999633789062
2025-03-21,95.87068176269531,97.5999984741211
2025-03-24,97.22827911376953,98.69000244140625
2025-03-25,98.45976257324219,99.94000244140625
2025-03-26,97.62234497070312,99.08999633789062
2025-03-27,97.1888656616211,98.6500015258789
2025-03-28,94.32196044921875,95.73999786376953
2025-03-31,95.02145385742188,96.44999694824219
2025-04-01,95.08056640625,96.51000213623047
2025-04-02,95.41552734375,96.8499984741211
2025-04-03,91.15950775146484,92.52999877929688
2025-04-04,85.93801879882812,87.2300033569336
2025-04-07,86.05624389648438,87.3499984741211
2025-04-08,84.85430145263672,86.12999725341797
2025-04-09,92.3515853881836,93.73999786376953
2025-04-10,89.15958404541016,90.5
2025-04-11,89.91817474365234,91.2699966430664
2025-04-14,90.5191421508789,91.87999725341797
2025-04-15,90.74573516845703,92.11000061035156
2025-04-16,88.3024673461914,89.62999725341797
2025-04-17,88.8738784790039,90.20999908447266
2025-04-21,86.87393951416016,88.18000030517578
2025-04-22,89.13988494873047,90.4800033569336
2025-04-23,90.56840515136719,91.93000030517578
2025-04-24,92.38115692138672,93.7699966430664
2025-04-25,92.96241760253906,94.36000061035156
2025-04-28,93.31707763671875,94.72000122070312
2025-04-29,93.99686431884766,95.41000366210938
2025-04-30,94.02640533447266,95.44000244140625
2025-05-01,94.5091552734375,95.93000030517578
2025-05-02,95.97708892822266,97.41999816894531
2025-05-05,96.20368194580078,97.6500015258789
2025-05-06,96.18397521972656,97.62999725341797
2025-05-07,96.00663757324219,97.44999694824219
2025-05-08,96.23323822021484,97.68000030517578
2025-05-09,95.74064636230469,97.18000030517578
2025-05-12,97.73072052001953,99.19999694824219
2025-05-13,98.68636322021484,100.16999816894531
2025-05-14,99.19866180419922,100.69000244140625
2025-05-15,99.59273529052734,101.08999633789062
2025-05-16,100.27250671386719,101.77999877929688
2025-05-19,100.37102508544922,101.87999725341797
2025-05-20,100.1247329711914,101.62999725341797
2025-05-21,99.3759994506836,100.87000274658203
2025-05-22,99.15925598144531,100.6500015258789
2025-05-23,98.70606994628906,100.19000244140625
2025-05-27,100.3119125366211,101.81999969482422
2025-05-28,100.29222106933594,101.80000305175781
2025-05-29,99.48436737060547,100.9800033569336
2025-05-30,99.89813995361328,101.4000015258789
2025-06-02,100.39073944091797,101.9000015258789
2025-06-03,100.10504150390625,101.61000061035156
2025-06-04,100.74540710449219,102.26000213623047
2025-06-05,100.88333892822266,102.4000015258789
2025-06-06,102.17391967773438,103.70999908447266
2025-06-09,101.87836456298828,103.41000366210938
2025-06-10,103.1689682006836,104.72000122070312
2025-06-11,102.9325180053711,104.4800033569336
2025-06-12,102.09510803222656,103.62999725341797
2025-06-13,101.0606689453125,102.58000183105469
2025-06-16,102.79459381103516,104.33999633789062
2025-06-17,101.88821411132812,103.41999816894531
2025-06-18,101.9374771118164,103.47000122070312
2025-06-20,101.31681060791016,102.83999633789062
2025-06-23,102.59967803955078,103.88999938964844
2025-06-24,103.92304992675781,105.2300033569336
2025-06-25,103.90328216552734,105.20999908447266
2025-06-26,105.1081314086914,106.43000030517578
2025-06-27,106.34260559082031,107.68000030517578
2025-06-30,107.18204498291016,108.52999877929688
2025-07-01,106.42162322998047,107.76000213623047
2025-07-02,106.11546325683594,107.44999694824219
2025-07-03,106.69813537597656,108.04000091552734
2025-07-07,105.67105865478516,107.0
2025-07-08,105.45378112792969,106.77999877929688
2025-07-09,105.73030853271484,107.05999755859375
2025-07-10,105.3747787475586,106.69999694824219
2025-07-11,104.69335174560547,106.01000213623047
2025-07-14,105.7204360961914,107.05000305175781
2025-07-15,104.67359924316406,105.98999786376953
2025-07-16,104.9896240234375,106.30999755859375
2025-07-17,105.35502624511719,106.68000030517578
2025-07-18,104.87110900878906,106.19000244140625
2025-07-21,106.27347564697266,107.61000061035156
2025-07-22,106.52037811279297,107.86000061035156
2025-07-23,107.10304260253906,108.44999694824219
2025-07-24,107.28080749511719,108.62999725341797
2025-07-25,106.28335571289062,107.62000274658203
2025-07-28,105.71055603027344,107.04000091552734
2025-07-29,104.80199432373047,106.12000274658203
2025-07-30,105.12788391113281,106.44999694824219
2025-07-31,106.07597351074219,107.41000366210938
2025-08-01,104.80199432373047,106.12000274658203
2025-08-04,106.816650390625,108.16000366210938
2025-08-05,105.98707580566406,107.31999969482422
2025-08-06,106.3919906616211,107.7300033569336
2025-08-07,105.93769836425781,107.2699966430664
2025-08-08,106.29322052001953,107.62999725341797
2025-08-11,106.83639526367188,108.18000030517578
2025-08-12,108.88068389892578,110.25
2025-08-13,109.73001098632812,111.11000061035156
2025-08-14,109.81888580322266,111.19999694824219
2025-08-15,110.09542083740234,111.4800033569336
2025-08-18,109.42385864257812,110.80000305175781
2025-08-19,108.81156158447266,110.18000030517578
2025-08-20,108.48565673828125,109.8499984741211
2025-08-21,108.36714935302734,109.7300033569336
2025-08-22,109.92752075195312,111.30999755859375
2025-08-25,110.10528564453125,111.48999786376953
2025-08-26,109.62137603759766,111.0
2025-08-27,109.80902099609375,111.19000244140625
2025-08-28,110.22380065917969,111.61000061035156
2025-08-29,110.00652313232422,111.38999938964844
2025-09-02,109.81888580322266,111.19999694824219
2025-09-03,111.6557846069336,113.05999755859375
2025-09-04,112.66311645507812,114.08000183105469
2025-09-05,113.26554107666016,114.69000244140625
2025-09-08,113.3939208984375,114.81999969482422
2025-09-09,114.03585052490234,115.47000122070312
2025-09-10,113.19641876220703,114.62000274658203
2025-09-11,114.93455505371094,116.37999725341797
2025-09-12,115.89249420166016,117.3499984741211
2025-09-15,117.52201080322266,119.0
2025-09-16,117.0479736328125,118.5199966430664
2025-09-17,117.3541259765625,118.83000183105469
2025-09-18,117.4430160522461,118.91999816894531
2025-09-19,117.92692565917969,119.41000366210938
2025-09-22,117.51565551757812,118.58000183105469
2025-09-23,117.34717559814453,118.41000366210938
2025-09-24,116.37596893310547,117.43000030517578
2025-09-25,115.97956085205078,117.02999877929688
2025-09-26,117.10932159423828,118.16999816894531
2025-09-29,117.48591613769531,118.55000305175781
2025-09-30,117.30753326416016,118.37000274658203
2025-10-01,115.66242980957031,116.70999908447266
2025-10-02,115.40476989746094,116.44999694824219
2025-10-03,115.34530639648438,116.38999938964844
2025-10-06,115.4642333984375,116.51000213623047
2025-10-07,115.01825714111328,116.05999755859375
2025-10-08,114.5425796508789,115.58000183105469
2025-10-09,113.88850402832031,114.91999816894531
2025-10-10,111.78752899169922,112.80000305175781
2025-10-13,112.81819152832031,113.83999633789062
2025-10-14,113.56145477294922,114.58999633789062
2025-10-15,114.36418914794922,115.4000015258789
2025-10-16,113.14522552490234,114.16999816894531
2025-10-17,113.9083251953125,114.94000244140625
2025-10-20,115.19664764404297,116.23999786376953
2025-10-21,115.60297393798828,116.6500015258789
2025-10-22,114.6020278930664,115.63999938964844
2025-10-23,114.21553802490234,115.25
2025-10-24,114.51284790039062,115.55000305175781
2025-10-27,116.10840606689453,117.16000366210938
2025-10-28,115.53359985351562,116.58000183105469
2025-10-29,115.24620056152344,116.29000091552734
2025-10-30,113.29388427734375,114.31999969482422
2025-10-31,113.77947998046875,114.80999755859375
2025-11-03,112.5704345703125,113.58999633789062
2025-11-04,111.79743957519531,112.80999755859375
2025-11-05,112.4019546508789,113.41999816894531
2025-11-06,111.39111328125,112.4000015258789
2025-11-07,111.10372161865234,112.11000061035156
2025-11-10,112.26321411132812,113.27999877929688
2025-11-11,113.17496490478516,114.19999694824219
2025-11-12,112.52088928222656,113.54000091552734
2025-11-13,110.92533874511719,111.93000030517578
2025-11-14,110.33072662353516,111.33000183105469
2025-11-17,110.18206787109375,111.18000030517578
2025-11-18,110.80641174316406,111.80999755859375
2025-11-19,110.19198608398438,111.19000244140625
2025-11-20,108.98292541503906,109.97000122070312
2025-11-21,110.8956069946289,111.9000015258789
2025-11-24,111.99564361572266,113.01000213623047
2025-11-25,113.27406311035156,114.30000305175781
2025-11-26,113.43262481689453,114.45999908447266
2025-11-28,114.35428619384766,115.38999938964844
2025-12-01,113.81912231445312,114.8499984741211
2025-12-02,114.19571685791016,115.2300033569336
2025-12-03,114.09661102294922,115.12999725341797
2025-12-04,114.75069427490234,115.79000091552734
2025-12-05,116.07865905761719,117.12999725341797
2025-12-08,115.21647644042969,116.26000213623047
2025-12-09,115.34530639648438,116.38999938964844
2025-12-10,116.01919555664062,117.06999969482422
2025-12-11,115.76153564453125,116.80999755859375
2025-12-12,115.50387573242188,116.55000305175781
2025-12-15,115.52368927001953,116.56999969482422
2025-12-16,115.60297393798828,116.6500015258789
2025-12-17,114.7705078125,115.80999755859375
2025-12-18,115.4245834350586,116.47000122070312
2025-12-19,115.47412872314453,116.5199966430664
2025-12-22,115.98716735839844,116.66000366210938
2025-12-23,116.71295166015625,117.38999938964844
2025-12-24,117.4089126586914,118.08999633789062
2025-12-26,117.28961181640625,117.97000122070312
2025-12-29,117.21006774902344,117.88999938964844
2025-12-30,117.60775756835938,118.29000091552734
2025-12-31,117.04105377197266,117.72000122070312
2026-01-02,116.22578430175781,116.9000015258789
2026-01-05,117.07087707519531,117.75
2026-01-06,116.65330505371094,117.33000183105469
2026-01-07,116.41468048095703,117.08999633789062
2026-01-08,116.80243682861328,117.4800033569336
2026-01-09,117.2299575805664,117.91000366210938
2026-01-12,116.87203216552734,117.55000305175781
2026-01-13,116.21583557128906,116.88999938964844
2026-01-14,115.96727752685547,116.63999938964844
2026-01-15,115.53976440429688,116.20999908447266
2026-01-16,114.50575256347656,115.16999816894531
2026-01-20,112.81555938720703,113.47000122070312
2026-01-21,113.96886444091797,114.62999725341797
2026-01-22,115.57952880859375,116.25
2026-01-23,116.28543090820312,116.95999908447266
2026-01-26,117.09075927734375,117.7699966430664
2026-01-27,116.22578430175781,116.9000015258789
2026-01-28,116.07664489746094,116.75
2026-01-29,119.09911346435547,119.79000091552734
2026-01-30,119.38744354248047,120.08000183105469
2026-02-02,118.97980499267578,119.66999816894531
2026-02-03,117.0609359741211,117.73999786376953
2026-02-04,116.12635803222656,116.80000305175781
2026-02-05,115.53976440429688,116.20999908447266
2026-02-06,115.09235382080078,115.76000213623047
2026-02-09,116.20588684082031,116.87999725341797
2026-02-10,116.90185546875,117.58000183105469
2026-02-11,116.06670379638672,116.73999786376953
2026-02-12,113.97881317138672,114.63999938964844
2026-02-13,113.91915893554688,114.58000183105469
2026-02-17,113.74019622802734,114.4000015258789
2026-02-18,113.9291000366211,114.58999633789062
2026-02-19,114.4759292602539,115.13999938964844
2026-02-20,116.12635803222656,116.80000305175781
2026-02-23,114.69466400146484,115.36000061035156
2026-02-24,115.49005126953125,116.16000366210938
2026-02-25,115.82808685302734,116.5
2026-02-26,116.04682159423828,116.72000122070312
2026-02-27,117.36915588378906,118.05000305175781
2026-03-02,117.19019317626953,117.87000274658203
2026-03-03,117.2796630859375,117.95999908447266
2026-03-04,118.1048812866211,118.79000091552734
2026-03-05,117.75690460205078,118.44000244140625
2026-03-06,116.78255462646484,117.45999908447266
2026-03-09,116.88197326660156,117.55999755859375
2026-03-10,116.70301055908203,117.37999725341797
2026-03-11,116.32520294189453,117.0
2026-03-12,114.60517883300781,115.2699966430664
2026-03-13,113.78990936279297,114.44999694824219
2026-03-16,114.66484069824219,115.33000183105469
2026-03-17,114.70460510253906,115.37000274658203
2026-03-18,113.00447082519531,113.66000366210938
2026-03-19,112.48746490478516,113.13999938964844
2026-03-20,111.58271789550781,112.2300033569336
2026-03-23,112.41754150390625,112.70999908447266
2026-03-24,110.84164428710938,111.12999725341797
2026-03-25,111.15084075927734,111.44000244140625
2026-03-26,108.52766418457031,108.80999755859375
2026-03-27,106.76226043701172,107.04000091552734
2026-03-30,107.67987060546875,107.95999908447266
2026-03-31,110.57234191894531,110.86000061035156
2026-04-01,110.95135498046875,111.23999786376953
2026-04-02,111.41016387939453,111.69999694824219
2026-04-06,111.47000885009766,111.76000213623047
2026-04-07,111.52985382080078,111.81999969482422
2026-04-08,113.51468658447266,113.80999755859375
2026-04-09,113.97349548339844,114.2699966430664
2026-04-10,113.6543197631836,113.94999694824219
2026-04-13,114.5220718383789,114.81999969482422
2026-04-14,116.25755310058594,116.55999755859375
2026-04-15,117.05548095703125,117.36000061035156
2026-04-16,118.52166748046875,118.83000183105469
2026-04-17,118.79096221923828,119.0999984741211
2026-04-20,118.4418716430664,118.75
2026-04-21,116.85600280761719,117.16000366210938
2026-04-22,117.57412719726562,117.87999725341797
2026-04-23,117.08539581298828,117.38999938964844
2026-04-24,115.24020385742188,115.54000091552734
2026-04-27,115.5094985961914,115.80999755859375
2026-04-28,115.44965362548828,115.75
2026-04-29,114.99085235595703,115.29000091552734
2026-04-30,116.20768737792969,116.51000213623047
2026-05-01,116.4171371459961,116.72000122070312
2026-05-04,115.79874420166016,116.0999984741211
2026-05-05,115.32996368408203,115.62999725341797
2026-05-06,117.04550170898438,117.3499984741211
2026-05-07,117.07542419433594,117.37999725341797
2026-05-08,116.6365737915039,116.94000244140625
2026-05-11,115.28009796142578,115.58000183105469
2026-05-12,115.55937194824219,115.86000061035156
2026-05-13,116.45703887939453,116.76000213623047
2026-05-14,116.8061294555664,117.11000061035156
2026-05-15,115.77880096435547,116.08000183105469
2026-05-18,116.67646789550781,116.9800033569336
2026-05-19,115.54939270019531,115.8499984741211
2026-05-20,115.79874420166016,116.0999984741211
2026-05-21,115.79874420166016,116.0999984741211
2026-05-22,115.16040802001953,115.45999908447266
2026-05-26,115.25017547607422,115.55000305175781
2026-05-27,115.95833587646484,116.26000213623047
2026-05-28,116.36726379394531,116.66999816894531
2026-05-29,115.38981628417969,115.69000244140625
2026-06-01,115.31002044677734,115.61000061035156
2026-06-02,113.27531433105469,113.56999969482422
2026-06-03,111.78917694091797,112.08000183105469
2026-06-04,112.8165054321289,113.11000061035156
2026-06-05,111.38024139404297,111.66999816894531
2026-06-08,110.80174255371094,111.08999633789062
2026-06-09,111.19073486328125,111.4800033569336
2026-06-10,110.72195434570312,111.01000213623047
2026-06-11,111.8290786743164,112.12000274658203
2026-06-12,111.36029815673828,111.6500015258789
2026-06-15,111.89889526367188,112.19000244140625
2026-06-16,112.02855682373047,112.31999969482422
2026-06-17,108.9166488647461,109.19999694824219
2026-06-18,109.16600036621094,109.44999694824219
2026-06-22,106.86000061035156,106.86000061035156
2026-06-23,107.2699966430664,107.2699966430664
2026-06-24,106.54000091552734,106.54000091552734
2026-06-25,105.58000183105469,105.58000183105469
2026-06-26,106.18000030517578,106.18000030517578
2026-06-29,107.87999725341797,107.87999725341797
2026-06-30,107.12999725341797,107.12999725341797
2026-07-01,109.73999786376953,109.73999786376953
2026-07-02,109.5999984741211,109.5999984741211
2026-07-06,110.20999908447266,110.20999908447266
2026-07-07,111.0199966430664,111.0199966430664
2026-07-08,109.45999908447266,109.45999908447266
2026-07-09,110.51000213623047,110.51000213623047
2026-07-10,111.63999938964844,111.63999938964844
2026-07-13,111.58999633789062,111.58999633789062
2026-07-14,111.44999694824219,111.44999694824219
2026-07-15,113.37999725341797,113.37999725341797
2026-07-16,112.6500015258789,112.6500015258789
2026-07-17,110.6500015258789,110.6500015258789
2026-07-20,110.80000305175781,110.80000305175781
2026-07-21,110.02999877929688,110.02999877929688
2026-07-22,109.19999694824219,109.19999694824219
2026-07-23,105.37999725341797,105.37999725341797
2026-07-24,106.30000305175781,106.30000305175781
2026-07-27,107.66000366210938,107.66000366210938
2026-07-28,109.66999816894531,109.66999816894531
2026-07-29,109.51000213623047,109.51000213623047
2026-07-30,106.58000183105469,106.58000183105469
2026-07-31,108.23999786376953,108.23999786376953
2026-08-03,111.33999633789062,111.33999633789062
2026-08-04,112.04000091552734,112.04000091552734
2026-08-05,110.87000274658203,110.87000274658203
2026-08-06,111.18000030517578,111.18000030517578
2026-08-07,111.25,111.25
2026-08-10,111.83000183105469,111.83000183105469
2026-08-11,111.2699966430664,111.2699966430664
2026-08-12,110.2699966430664,110.2699966430664
2026-08-13,112.55000305175781,112.55000305175781
2026-08-14,112.94999694824219,112.94999694824219
2026-08-17,110.81999969482422,110.81999969482422
2026-08-18,110.4800033569336,110.4800033569336
2026-08-19,111.31999969482422,111.31999969482422
2026-08-20,110.68000030517578,110.68000030517578
2026-08-21,111.4000015258789,111.4000015258789
