date,top3,bot3,spread,ew,ic,top_names,bot_names
2005-07-31,0.010252484514592486,-0.030394308102436558,0.04064679261702904,-0.008316275475918424,0.4666666666666666,"XLE,XLI,XLK","XLB,XLY,XLF"
2005-08-31,0.026329625434993915,0.015729180250916446,0.010600445184077469,0.01073233274609928,0.3,"XLE,XLI,XLK","XLU,XLF,XLB"
2005-09-30,-0.042530261080000575,-0.01043966123863412,-0.03209059984136645,-0.023841200576394557,-0.5833333333333334,"XLE,XLI,XLK","XLU,XLF,XLB"
2005-10-31,0.04543884968879534,0.044429849948753875,0.0010089997400414621,0.035565593470153374,0.049999999999999996,"XLE,XLK,XLI","XLP,XLB,XLF"
2005-11-30,-0.0057472822011594244,0.007029035178982605,-0.01277631738014203,0.0021557382794381327,-0.049999999999999996,"XLE,XLK,XLI","XLV,XLP,XLF"
2005-12-31,0.06572501795346224,0.01317623099408638,0.05254878695937586,0.03290291182330843,0.6,"XLE,XLB,XLI","XLY,XLV,XLF"
2006-01-31,-0.02752920941468225,0.013340502200343071,-0.04086971161502532,-0.0020684014276043505,-0.5,"XLE,XLB,XLI","XLV,XLY,XLF"
2006-02-28,0.041706296715653034,-0.005159088688874751,0.04686538540452778,0.010181709271759678,0.8499999999999999,"XLB,XLI,XLE","XLP,XLV,XLF"
2006-03-31,0.023307162559342103,-0.0002458996715372086,0.023553062230879312,0.016132370820586286,0.35,"XLB,XLI,XLY","XLK,XLV,XLF"
2006-04-30,-0.02840382939123472,-0.03352720642817967,0.005123377036944949,-0.023022754556809428,0.016666666666666666,"XLB,XLI,XLE","XLP,XLK,XLF"
2006-05-31,0.006254225495164485,-0.0007723936358891385,0.007026619131053624,0.003579588197073035,0.5166666666666667,"XLB,XLE,XLI","XLP,XLK,XLF"
2006-06-30,-0.02023033056717501,0.01712597757503302,-0.03735630814220803,0.002350447087586052,-0.41666666666666663,"XLB,XLE,XLI","XLV,XLK,XLF"
2006-07-31,-0.0031412878594678415,0.036842204974883774,-0.03998349283435162,0.020786370302261183,-0.3,"XLE,XLB,XLI","XLV,XLK,XLF"
2006-08-31,-0.0025557950295802176,0.035971329986130694,-0.038527125015710914,0.013160126040232485,-0.6,"XLB,XLE,XLI","XLV,XLY,XLF"
2006-09-30,0.03296052911228009,0.04357243243844219,-0.010611903326162096,0.03694546215313932,-0.08333333333333334,"XLU,XLP,XLI","XLE,XLY,XLF"
2006-10-31,0.017921256172689175,0.0351527698207584,-0.017231513648069224,0.024304341338016497,-0.26666666666666666,"XLU,XLV,XLK","XLY,XLF,XLE"
2006-11-30,0.0014663298120340211,0.005562114754839587,-0.004095784942805565,0.004594908582405978,-0.31666666666666665,"XLK,XLU,XLV","XLE,XLY,XLF"
2006-12-31,0.015707727780654324,0.009573222132786477,0.006134505647867846,0.017495148080647744,0.2333333333333333,"XLV,XLK,XLU","XLF,XLY,XLE"
2007-01-31,-0.020447937493748847,-0.02211541139107716,0.001667473897328315,-0.008646145158966187,0.08333333333333334,"XLK,XLI,XLV","XLP,XLF,XLE"
2007-02-28,0.005433313208465518,0.028809324294366705,-0.023376011085901188,0.014902436200944435,-0.2833333333333333,"XLI,XLK,XLV","XLU,XLF,XLE"
2007-03-31,0.04483319462948324,0.03937897406842028,0.005454220561062963,0.0413988689376148,0.06666666666666667,"XLI,XLV,XLB","XLP,XLF,XLE"
2007-04-30,0.04894947001653057,0.029306698742810926,0.019642771273719644,0.03649125202650458,0.2833333333333333,"XLI,XLV,XLE","XLK,XLP,XLF"
2007-05-31,-0.009429424178716506,-0.024420380928861785,0.014990956750145279,-0.019778204741738376,0.38333333333333336,"XLE,XLV,XLI","XLK,XLP,XLF"
2007-06-30,-0.02470010258602129,-0.050617787626375255,0.025917685040353966,-0.031651267012000286,0.5666666666666667,"XLE,XLV,XLB","XLK,XLY,XLF"
2007-07-31,0.018034430436299747,0.015947305090224278,0.002087125346075469,0.013215735611136203,-0.19999999999999998,"XLE,XLV,XLK","XLU,XLY,XLF"
2007-08-31,0.03690299435018226,0.014836592651506941,0.02206640169867532,0.03801632770663239,0.2333333333333333,"XLV,XLI,XLK","XLY,XLU,XLF"
2007-09-30,0.019597040665206695,0.024930607597678327,-0.0053335669324716325,0.020624618833297668,0.13333333333333333,"XLV,XLK,XLI","XLE,XLU,XLF"
2007-10-31,-0.03489666948610045,-0.03278714708410221,-0.002109522401998243,-0.03165478422921729,0.2833333333333333,"XLV,XLE,XLK","XLU,XLY,XLB"
2007-11-30,0.02115266474200006,-0.04061743730155524,0.0617701020435553,-0.008322454935094302,0.6166666666666666,"XLE,XLK,XLV","XLF,XLB,XLY"
2007-12-31,-0.0987921570266002,-0.012792315947938912,-0.0859998410786613,-0.057659772388915384,-0.6666666666666667,"XLE,XLV,XLK","XLF,XLY,XLB"
2008-01-31,0.021130884309110882,-0.04307870070267191,0.0642095850117828,-0.019386270596739016,0.3,"XLP,XLV,XLE","XLF,XLB,XLY"
2008-02-29,0.004506401550995391,-0.024482720202598934,0.028989121753594325,-0.00652845566123925,0.2333333333333333,"XLP,XLV,XLI","XLF,XLB,XLY"
2008-03-31,0.018560453063509324,0.052075843743417526,-0.033515390679908205,0.04403209345589417,-0.48333333333333334,"XLP,XLV,XLB","XLK,XLF,XLY"
2008-04-30,0.04478822607020224,0.007648590075521322,0.03713963599468092,0.02456209920570292,0.26666666666666666,"XLP,XLE,XLB","XLK,XLF,XLY"
2008-05-31,-0.03156490880221626,-0.10258127303172064,0.07101636422950439,-0.07396715036580917,0.35,"XLE,XLP,XLB","XLF,XLU,XLY"
2008-06-30,-0.04229803590811402,0.0016673067291053483,-0.043965342637219365,-0.014876218391987273,-0.3,"XLE,XLP,XLI","XLU,XLF,XLY"
2008-07-31,0.0192630107606863,0.026666091677006582,-0.007403080916320283,0.014339229298317225,-0.049999999999999996,"XLE,XLP,XLI","XLV,XLF,XLY"
2008-08-31,-0.09368592192606066,-0.07839280336358556,-0.015293118562475103,-0.10268606494498737,-0.38333333333333336,"XLE,XLU,XLP","XLV,XLF,XLY"
2008-09-30,-0.12363278285321717,-0.19451370464597292,0.07088092179275575,-0.16911870794862627,0.5666666666666667,"XLU,XLP,XLV","XLF,XLE,XLY"
2008-10-31,-0.0077924094765251155,-0.07900408620097062,0.0712116767244455,-0.06794327267811846,0.5833333333333334,"XLP,XLV,XLU","XLY,XLE,XLB"
2008-11-30,0.01102999285310872,-0.004974130099447656,0.016004122952556377,0.00454049521166755,0.26666666666666666,"XLP,XLV,XLU","XLE,XLY,XLB"
2008-12-31,-0.028610565830491264,-0.06594606451025405,0.03733549867976278,-0.07922278641747231,0.2333333333333333,"XLP,XLV,XLU","XLY,XLE,XLB"
2009-01-31,-0.10999185397343463,-0.09813869432062428,-0.01185315965281035,-0.11226002917051844,-0.08333333333333334,"XLP,XLV,XLU","XLY,XLE,XLB"
2009-02-28,0.03629803031160724,0.09996350510269969,-0.06366547479109244,0.08471233417113266,-0.5499999999999999,"XLP,XLV,XLU","XLE,XLB,XLY"
2009-03-31,0.01771898794713282,0.1397395504060225,-0.12202056245888969,0.1083716862994353,-0.7666666666666667,"XLV,XLU,XLP","XLE,XLB,XLY"
2009-04-30,0.04744523670189871,0.060003979503441794,-0.012558742801543087,0.059030848287459574,-0.15,"XLK,XLP,XLV","XLB,XLY,XLE"
2009-05-31,0.016193661497612515,-0.04590175899777075,0.06209542049538326,-0.0071021885253605855,0.6666666666666667,"XLY,XLK,XLV","XLI,XLB,XLE"
2009-06-30,0.07866785563450396,0.08986661098515396,-0.01119875535065,0.0776105639640944,0.049999999999999996,"XLY,XLK,XLV","XLB,XLI,XLE"
2009-07-31,0.06045565325650667,0.02287513562896204,0.03758051762754463,0.034759220944311914,0.4666666666666666,"XLY,XLF,XLK","XLU,XLI,XLE"
2009-08-31,0.034770934045497214,0.041953081585220785,-0.007182147539723571,0.0333513640141176,-0.18333333333333335,"XLY,XLF,XLB","XLU,XLI,XLE"
2009-09-30,-0.04498251138839889,-0.01574854652458683,-0.02923396486381206,-0.022338494051678474,-0.38333333333333336,"XLF,XLY,XLB","XLU,XLE,XLI"
2009-10-31,0.0688097504169362,0.0548180895542009,0.013991660862735296,0.06308426491417236,0.13333333333333333,"XLF,XLB,XLK","XLU,XLE,XLI"
2009-11-30,0.03650382925507634,0.024932948130360327,0.01157088112471601,0.018634656355816997,0.21666666666666667,"XLY,XLB,XLK","XLU,XLI,XLE"
2009-12-31,-0.06706386925353473,-0.03408701144479124,-0.032976857808743494,-0.03630266218460971,-0.33333333333333337,"XLB,XLY,XLK","XLP,XLE,XLU"
2010-01-31,0.031451544683194665,0.01618817475805756,0.015263369925137105,0.030736526332408406,0.48333333333333334,"XLY,XLK,XLV","XLU,XLE,XLP"
2010-02-28,0.07598411364733537,0.04890238043067178,0.027081733216663594,0.05547941003738926,0.21666666666666667,"XLY,XLK,XLI","XLU,XLP,XLF"
2010-03-31,0.024970039410192307,0.009574515661778063,0.015395523748414243,0.016539294399690065,0.2833333333333333,"XLY,XLK,XLB","XLU,XLP,XLF"
2010-04-30,-0.08016743766404462,-0.06436530756009773,-0.01580213010394689,-0.07826466227792034,-0.39999999999999997,"XLY,XLB,XLK","XLU,XLF,XLP"
2010-05-31,-0.07826411542995204,-0.029832325986251556,-0.04843178944370048,-0.05431385675241761,-0.6833333333333333,"XLY,XLK,XLB","XLV,XLU,XLF"
2010-06-30,0.08602495869207605,0.05098446793630962,0.03504049075576643,0.07567866138344977,0.41666666666666663,"XLY,XLK,XLI","XLV,XLU,XLF"
2010-07-31,-0.05506713501664732,-0.03772047257181099,-0.017346662444836326,-0.038134625575499834,-0.2333333333333333,"XLK,XLY,XLI","XLP,XLV,XLF"
2010-08-31,0.11151352479771022,0.07941304696307465,0.03210047783463557,0.07896161195128422,0.48333333333333334,"XLK,XLY,XLI","XLE,XLV,XLF"
2010-09-30,0.047307046267316265,0.02295321717263506,0.024353829094681204,0.03777371431091413,0.38333333333333336,"XLY,XLK,XLI","XLP,XLV,XLF"
2010-10-31,0.007391988517177188,0.00714560132648967,0.0002463871906875177,0.0011449395378961096,0.3,"XLY,XLK,XLI","XLE,XLU,XLF"
2010-11-30,0.06704173867167966,0.056351471017350795,0.010690267654328865,0.061214624186123286,0.0,"XLY,XLB,XLI","XLP,XLU,XLF"
2010-12-31,0.02214260988366497,0.008557089944715194,0.013585519938949778,0.018762325586590425,0.0,"XLB,XLY,XLE","XLP,XLF,XLU"
2011-01-31,0.040716860722564675,0.0229410854676253,0.017775775254939376,0.033716617451084216,0.21666666666666667,"XLB,XLE,XLK","XLP,XLF,XLU"
2011-02-28,0.0035908158922636955,-0.0060861546217535105,0.009676970514017206,0.002127894463318526,0.39999999999999997,"XLB,XLE,XLK","XLP,XLF,XLU"
2011-03-31,0.018828871803313163,0.031114713193247916,-0.012285841389934753,0.03110187481737729,-0.43333333333333335,"XLE,XLB,XLK","XLP,XLF,XLU"
2011-04-30,-0.03230865357244772,0.004501869984145479,-0.0368105235565932,-0.007990711179193996,-0.65,"XLE,XLB,XLI","XLF,XLP,XLU"
2011-05-31,-0.012614058286131677,-0.021934261792273497,0.00932020350614182,-0.017124114582703933,0.06666666666666667,"XLE,XLI,XLB","XLP,XLF,XLU"
2011-06-30,-0.02956274270835642,-0.019299741024065103,-0.010263001684291319,-0.02176877253843125,-0.016666666666666666,"XLE,XLI,XLB","XLP,XLU,XLF"
2011-07-31,-0.07345383169602382,-0.024096816940884985,-0.04935701475513883,-0.048564312533738135,-0.41666666666666663,"XLE,XLI,XLY","XLP,XLU,XLF"
2011-08-31,-0.06653411111124934,-0.09479775421100096,0.02826364309975163,-0.08015509917838602,0.016666666666666666,"XLI,XLY,XLK","XLB,XLU,XLF"
2011-09-30,0.12173009623666446,0.12370276921482626,-0.0019726729781617963,0.1126516837679305,-0.25,"XLY,XLK,XLI","XLU,XLF,XLE"
2011-10-31,-0.00421162645326371,0.009667460100903172,-0.013879086554166881,0.0007808729688334829,-0.31666666666666665,"XLK,XLY,XLV","XLU,XLE,XLB"
2011-11-30,0.001044957996813774,-0.013090795268860478,0.014135753265674253,0.0043977611130002515,0.19999999999999998,"XLI,XLK,XLY","XLF,XLE,XLB"
2011-12-31,0.06473711292907651,0.07131887525166099,-0.006581762322584478,0.04331956778689136,-0.049999999999999996,"XLK,XLI,XLY","XLF,XLE,XLB"
2012-01-31,0.04805792135107789,0.01989333071779194,0.02816459063328595,0.03352497565715015,0.31666666666666665,"XLI,XLK,XLY","XLU,XLE,XLB"
2012-02-29,0.03185936168457001,0.013056315634154844,0.018803046050415162,0.022547596690054225,0.33333333333333337,"XLK,XLI,XLY","XLB,XLU,XLP"
2012-03-31,-0.003565960366302153,0.005989942976663998,-0.009555903342966151,-0.0034856562490169895,-0.6166666666666666,"XLI,XLK,XLY","XLV,XLU,XLP"
2012-04-30,-0.060546160207787504,-0.0141171737133489,-0.04642898649443861,-0.05561758081569966,-0.4666666666666666,"XLK,XLI,XLY","XLP,XLV,XLU"
2012-05-31,0.026044323369679507,0.04062370973227791,-0.014579386362598406,0.03683340441255196,-0.41666666666666663,"XLK,XLY,XLI","XLV,XLU,XLP"
2012-06-30,0.0056301683193259455,0.03309845496228303,-0.027468286642957085,0.012754879999085929,-0.6166666666666666,"XLK,XLY,XLI","XLU,XLP,XLE"
2012-07-31,0.034520078588857084,0.015156660706927524,0.019363417881929558,0.01705091085191078,0.4666666666666666,"XLK,XLY,XLI","XLP,XLB,XLE"
2012-08-31,0.016517375525733218,0.023084879412164677,-0.006567503886431458,0.02131313133906201,-0.26666666666666666,"XLK,XLY,XLI","XLP,XLB,XLE"
2012-09-30,-0.021649116025357167,-0.0071109995886175685,-0.0145381164367396,-0.011322086375809053,0.06666666666666667,"XLY,XLU,XLK","XLF,XLB,XLE"
2012-10-31,0.012608419838764484,0.006266224233014965,0.006342195605749519,0.004065594752302133,-0.13333333333333333,"XLE,XLP,XLY","XLF,XLK,XLB"
2012-11-30,0.014382951730255758,0.004370095702140864,0.010012856028114895,0.004878566109562992,0.26666666666666666,"XLE,XLY,XLF","XLK,XLB,XLU"
2012-12-31,0.06575090395240839,0.05431331629212943,0.011437587660278956,0.05512272733478864,0.38333333333333336,"XLE,XLI,XLY","XLU,XLB,XLV"
2013-01-31,0.008193860163151526,0.014380957459707577,-0.006187097296556051,0.013088196538318879,-0.16666666666666669,"XLI,XLB,XLY","XLK,XLF,XLU"
2013-02-28,0.02742556338677023,0.036846522924906276,-0.009420959538136046,0.0350346474829352,-0.2333333333333333,"XLI,XLB,XLY","XLK,XLU,XLF"
2013-03-31,0.010684286153715047,0.03466810945678941,-0.02398382330307436,0.02030451166681345,-0.31666666666666665,"XLI,XLV,XLB","XLK,XLF,XLU"
2013-04-30,0.018697414392262652,-0.014542798462316172,0.03324021285457882,0.013155459101813002,0.18333333333333335,"XLI,XLY,XLP","XLU,XLB,XLK"
2013-05-31,-0.004464967820061634,-0.03085884508303797,0.026393877262976338,-0.016728444663476054,0.75,"XLY,XLU,XLE","XLV,XLB,XLK"
2013-06-30,0.04644457461943885,0.050635784428503104,-0.004191209809064254,0.05210561095894758,-0.38333333333333336,"XLY,XLP,XLU","XLK,XLI,XLB"
2013-07-31,-0.041270208668417685,-0.015638570745064955,-0.02563163792335273,-0.028565228408560066,-0.41666666666666663,"XLY,XLU,XLP","XLK,XLV,XLB"
2013-08-31,0.030150559718050102,0.026561432579378225,0.003589127138671877,0.028503030498574746,0.13333333333333333,"XLY,XLU,XLV","XLF,XLE,XLB"
2013-09-30,0.04373400178876027,0.045078664969625905,-0.0013446631808656379,0.04507043980662143,0.11666666666666665,"XLI,XLY,XLU","XLV,XLK,XLB"
2013-10-31,0.028910834668425256,0.03481516771794513,-0.005904333049519872,0.022591449937923502,-0.08333333333333334,"XLY,XLI,XLP","XLV,XLF,XLB"
2013-11-30,0.023348678988194777,0.02396889696969362,-0.0006202179814988433,0.02076802042327075,0.016666666666666666,"XLY,XLI,XLU","XLK,XLF,XLE"
2013-12-31,-0.025802733904884006,-0.04009960488261869,0.014296870977734685,-0.03140560951337676,-0.08333333333333334,"XLY,XLU,XLB","XLF,XLE,XLK"
2014-01-31,0.04576329699490548,0.04184695914511427,0.0039163378497912085,0.048317790661266104,-0.08333333333333334,"XLI,XLU,XLV","XLF,XLE,XLK"
2014-02-28,0.009030798277938845,0.006778265619984254,0.0022525326579545908,0.006885303333354724,0.13333333333333333,"XLU,XLV,XLI","XLB,XLE,XLK"
2014-03-31,0.01642009498885196,0.029400399097536518,-0.01298030410868456,0.01217896272341522,-0.35,"XLV,XLI,XLU","XLP,XLB,XLE"
2014-04-30,0.028517937242743985,0.016618243671515136,0.011899693571228848,0.02032572867936598,0.3666666666666667,"XLV,XLI,XLK","XLF,XLE,XLP"
2014-05-31,0.02218735680041502,0.02037429160693342,0.0018130651934816014,0.01880527695179061,0.13333333333333333,"XLV,XLU,XLI","XLE,XLF,XLP"
2014-06-30,-0.03598083581863798,-0.027449182482419083,-0.008531653336218897,-0.02289116518302814,-0.016666666666666666,"XLV,XLU,XLI","XLE,XLP,XLF"
2014-07-31,0.036303784249607375,0.04432902917215942,-0.008025244922552043,0.040687196216153715,-0.08333333333333334,"XLV,XLE,XLB","XLY,XLP,XLF"
2014-08-31,-0.009761180523342924,-0.030270164128783323,0.0205089836054404,-0.019912021426817375,0.08333333333333334,"XLV,XLB,XLI","XLE,XLP,XLF"
2014-09-30,0.0362936880268239,0.009691564763795254,0.026602123263028646,0.023766265867318965,0.39999999999999997,"XLV,XLB,XLU","XLP,XLE,XLF"
2014-10-31,0.04001852133108019,-0.006610636365910823,0.04662915769699102,0.02083510126656713,0.5499999999999999,"XLV,XLY,XLI","XLP,XLU,XLE"
2014-11-30,-0.0043836365976558005,0.0036576464384335075,-0.008041283036089308,-0.003031129913249337,-0.18333333333333335,"XLV,XLI,XLY","XLU,XLP,XLE"
2014-12-31,-0.019192002447745365,-0.010667115031793037,-0.008524887415952328,-0.02304326355532281,0.09999999999999999,"XLV,XLI,XLK","XLU,XLP,XLE"
2015-01-31,0.060608556113687394,0.05568406296857701,0.004924493145110384,0.04701307082822313,0.016666666666666666,"XLI,XLV,XLY","XLP,XLB,XLE"
2015-02-28,-0.010604892731863602,-0.032083244862437,0.0214783521305734,-0.020486174455689107,0.2333333333333333,"XLU,XLI,XLV","XLP,XLB,XLE"
2015-03-31,-0.006044434682468847,0.030589209281480605,-0.036633643963949455,0.011271139375988757,-0.6333333333333333,"XLI,XLU,XLV","XLP,XLB,XLE"
2015-04-30,0.020474627290238894,-0.007906973065732145,0.028381600355971037,0.007372978274521041,0.31666666666666665,"XLV,XLY,XLI","XLP,XLF,XLE"
2015-05-31,-0.016281648253355208,-0.024847242135604592,0.008565593882249384,-0.028355261091483674,0.33333333333333337,"XLV,XLY,XLB","XLF,XLP,XLE"
2015-06-30,0.009350633282426246,-0.013298655022175495,0.022649288304601743,0.014957113716592375,0.09999999999999999,"XLV,XLB,XLY","XLE,XLI,XLF"
2015-07-31,-0.06711028201251423,-0.06142583026852925,-0.005684451743984985,-0.057566499471237945,-0.15,"XLY,XLV,XLB","XLI,XLF,XLP"
2015-08-31,-0.013620694879085496,-0.03804313547559494,0.024422440596509443,-0.030501456562300275,0.2333333333333333,"XLY,XLV,XLU","XLF,XLP,XLE"
2015-09-30,0.08510235151615071,0.10095781557394627,-0.01585546405779556,0.08183702761296902,-0.3,"XLY,XLI,XLV","XLP,XLB,XLE"
2015-10-31,-0.005273655671888089,0.005631038626351725,-0.010904694298239814,0.001048976985395991,-0.41666666666666663,"XLV,XLU,XLI","XLK,XLB,XLE"
2015-11-30,0.0005652676195995188,-0.06314035726562935,0.06370562488522886,-0.024613997480214683,0.5666666666666667,"XLU,XLY,XLV","XLK,XLB,XLE"
2015-12-31,-0.026520505518113063,-0.041173798698922126,0.014653293180809063,-0.032425482364742,-0.03333333333333333,"XLU,XLV,XLY","XLF,XLB,XLE"
2016-01-31,-0.00539284177354334,-0.00905329085024494,0.0036604490767016004,0.0003027806412590761,-0.023809523809523815,"XLF,XLU,XLK","XLV,XLY,XLE"
2016-02-29,0.07311154746495403,0.06615895920040216,0.006952588264551876,0.06512236470991489,0.09523809523809526,"XLF,XLK,XLI","XLY,XLP,XLE"
2016-03-31,-0.0006104796745976712,0.025861835745247586,-0.026472315419845256,0.010153081321724378,-0.14285714285714288,"XLF,XLI,XLK","XLP,XLY,XLE"
2016-04-30,0.013613264533475222,0.01335599687035712,0.00025726766311810235,0.012373386247849949,0.30952380952380953,"XLU,XLF,XLP","XLK,XLY,XLE"
2016-05-31,0.01976472284806252,-0.008772021019081255,0.028536743867143777,0.010663515247526234,0.4047619047619048,"XLE,XLU,XLF","XLY,XLI,XLK"
2016-06-30,0.005094047560309105,0.033033649788427155,-0.02793960222811805,0.026082160412267352,-0.4285714285714286,"XLE,XLU,XLF","XLK,XLP,XLI"
2016-07-31,0.007601634720012629,-0.024762113502215428,0.03236374822222805,-0.0037974798627641165,0.4285714285714286,"XLE,XLV,XLF","XLU,XLY,XLP"
2016-08-31,-0.00783576426696105,-0.0003274427278897596,-0.007508321539071291,-0.002076376655044093,-0.19047619047619052,"XLE,XLF,XLP","XLY,XLI,XLU"
2016-09-30,-0.02375221151088791,-0.01732808790832811,-0.006424123602559801,-0.01522424320490777,-0.023809523809523815,"XLE,XLF,XLV","XLI,XLP,XLY"
2016-10-31,0.07556015310811597,0.02822999840432479,0.04733015470379118,0.03624504898948229,0.1666666666666667,"XLF,XLK,XLE","XLU,XLY,XLI"
2016-11-30,0.02097902841919737,0.02479663882635874,-0.0038176104071613697,0.016824097019715864,0.07142857142857144,"XLF,XLE,XLK","XLP,XLU,XLI"
2016-12-31,0.00200588288608435,0.009967299114005549,-0.007961416227921198,0.013110400321253188,-0.08333333333333334,"XLF,XLE,XLK","XLRE,XLI,XLU"
2017-01-31,0.02574801623188394,0.04611914671133014,-0.0203711304794462,0.03831882467587571,-0.09999999999999999,"XLE,XLF,XLK","XLI,XLRE,XLU"
2017-02-28,-0.023514309205619404,0.00015162739631983482,-0.02366593660193924,-0.006750960692415998,-0.5,"XLF,XLE,XLRE","XLY,XLV,XLP"
2017-03-31,-0.01210551464306168,0.016771588229525698,-0.02887710287258738,0.006815968147661315,-0.8333333333333333,"XLF,XLE,XLRE","XLP,XLV,XLY"
2017-04-30,-0.009829767184144559,0.03579596346179644,-0.045625730645941,0.011467605631177706,-0.8166666666666667,"XLF,XLE,XLI","XLU,XLP,XLK"
2017-05-31,0.015833113668987615,-0.0020263325674408548,0.017859446236428468,0.001570188597744086,0.3666666666666667,"XLI,XLF,XLU","XLV,XLK,XLY"
2017-06-30,0.008959263890247223,0.030026097192762835,-0.02106683330251561,0.017946705754597718,-0.6833333333333333,"XLI,XLF,XLP","XLK,XLY,XLE"
2017-07-31,-0.0010741099404022088,-0.01350462903567399,0.012430519095271781,-0.0008914044002040766,0.19999999999999998,"XLF,XLI,XLRE","XLU,XLY,XLE"
2017-08-31,0.010298973940361536,0.032533022704559635,-0.0222340487641981,0.014381133794333319,-0.35,"XLRE,XLK,XLF","XLV,XLY,XLE"
2017-09-30,0.04416394699213666,0.006981430925388721,0.03718251606674794,0.017584731402827503,0.406060606060606,"XLB,XLF,XLK","XLRE,XLE,XLY"
2017-10-31,0.020533728016583968,0.03632824613455273,-0.015794518117968764,0.03089895975407577,-0.5515151515151515,"XLE,XLB,XLF","XLV,XLRE,XLY"
2017-11-30,0.01996744550645631,-0.001201342532698065,0.021168788039154375,0.003351178635204588,0.23636363636363633,"XLB,XLE,XLF","XLV,XLRE,XLY"
2017-12-31,0.057259387108657224,0.04627961281057136,0.010979774298085866,0.038831862120849214,0.06666666666666667,"XLE,XLK,XLF","XLY,XLRE,XLV"
2018-01-31,-0.05874455425302275,-0.05525985541085621,-0.003484698842166546,-0.0495858916384463,0.22424242424242422,"XLE,XLF,XLI","XLV,XLB,XLRE"
2018-02-28,-0.020624660008183304,0.012538456339088233,-0.03316311634727154,-0.015102725391912297,-0.35757575757575755,"XLE,XLF,XLI","XLU,XLV,XLRE"
2018-03-31,0.020908468347359672,0.008278699628704866,0.012629768718654805,0.007054476450788383,-0.05454545454545454,"XLF,XLE,XLI","XLU,XLV,XLRE"
2018-04-30,0.016948341434047626,0.004368522915779234,0.012579818518268393,0.015109355652213545,0.3666666666666667,"XLE,XLI,XLF","XLRE,XLV,XLU"
2018-05-31,-0.018883113493290415,0.023849172575902206,-0.04273228606919262,0.008309789296804681,-0.6484848484848483,"XLE,XLI,XLF","XLP,XLB,XLRE"
2018-06-30,0.021665697053556626,0.038507780868258124,-0.016842083814701498,0.033951698469762384,0.0303030303030303,"XLE,XLK,XLB","XLV,XLP,XLRE"
2018-07-31,-0.0065098556829476335,0.02285427131369988,-0.029364126996647515,0.017481999808418015,-0.5151515151515151,"XLE,XLU,XLI","XLF,XLY,XLP"
2018-08-31,-0.013925624645165965,-0.007125294307119241,-0.006800330338046724,-0.0025889503510701183,-0.18787878787878787,"XLE,XLB,XLRE","XLF,XLY,XLP"
2018-09-30,-0.10765411664445013,-0.05061893446384976,-0.057035182180600365,-0.058593546036906675,-0.6121212121212121,"XLY,XLE,XLI","XLK,XLB,XLP"
2018-10-31,0.029696088971917407,0.051412795700298185,-0.021716706728380778,0.028563641584269217,-0.12727272727272726,"XLY,XLF,XLI","XLV,XLU,XLB"
2018-11-30,-0.07996569195344676,-0.09719870481728372,0.017233012863836966,-0.09208448046490657,-0.006060606060606061,"XLY,XLF,XLU","XLE,XLRE,XLB"
2018-12-31,0.08701059572187282,0.09185178128860601,-0.004841185566733186,0.07811329663635021,-0.10303030303030303,"XLV,XLY,XLI","XLRE,XLE,XLB"
2019-01-31,0.029209873424490624,0.02199401847514378,0.007215854949346845,0.030395374503912165,-0.18787878787878787,"XLV,XLI,XLY","XLB,XLRE,XLE"
2019-02-28,0.005837058211571322,0.021670344473516234,-0.015833286261944912,0.016189249733422284,-0.2727272727272727,"XLI,XLU,XLV","XLRE,XLB,XLE"
2019-03-31,0.04628285396883558,0.03287751453813156,0.013405339430704023,0.02882451259096417,0.29696969696969694,"XLI,XLF,XLU","XLB,XLK,XLE"
2019-04-30,-0.06496709196956933,-0.03694132703668881,-0.028025764932880524,-0.05578527015644349,-0.28484848484848485,"XLE,XLU,XLY","XLRE,XLK,XLP"
2019-05-31,0.06875030920875098,0.06170152776190929,0.007048781446841693,0.06244321669827388,0.27272727272727276,"XLE,XLC,XLY","XLU,XLB,XLP"
2019-06-30,0.009530987872179134,0.006447684368898458,0.0030833035032806757,0.010259001787340042,0.17272727272727276,"XLE,XLY,XLC","XLP,XLU,XLB"
2019-07-31,-0.02017706786967277,-0.020218102338021127,4.1034468348355446e-05,-0.010883695988754938,0.0,"XLC,XLI,XLY","XLU,XLB,XLE"
2019-08-31,0.0021029981350031424,0.03302532552094258,-0.03092232738593944,0.01845778663632023,-0.7272727272727273,"XLC,XLY,XLV","XLU,XLB,XLE"
2019-09-30,0.03282407339287907,-0.00956218666847449,0.04238626006135356,0.01062439563150734,0.6090909090909091,"XLC,XLF,XLV","XLU,XLB,XLE"
2019-10-31,0.015490417127507724,0.020359168670828504,-0.00486875154332078,0.025122280057156735,0.10909090909090911,"XLV,XLRE,XLP","XLY,XLB,XLE"
2019-11-30,0.014235285381581956,0.014343358247205895,-0.00010807286562393957,0.02009953402057616,0.15454545454545454,"XLV,XLI,XLF","XLB,XLRE,XLE"
2019-12-31,0.015329683541970026,-0.05747677370742362,0.07280645724939365,-0.009083451502271694,0.48181818181818187,"XLC,XLV,XLU","XLY,XLB,XLE"
2020-01-31,-0.06576884458012855,-0.10469339170582508,0.038924547125696526,-0.08777460483627086,0.5,"XLC,XLV,XLK","XLI,XLRE,XLE"
2020-02-29,-0.08667873999209626,-0.22037625594985652,0.13369751595776025,-0.14893830771163194,0.5272727272727273,"XLC,XLV,XLK","XLRE,XLB,XLE"
2020-03-31,0.13325581249407273,0.19486185029846018,-0.06160603780438745,0.1298180998667933,-0.29090909090909095,"XLV,XLC,XLK","XLY,XLI,XLE"
2020-04-30,0.04903044934174794,0.03965995546337823,0.009370493878369711,0.043149343349652286,0.23636363636363636,"XLU,XLK,XLV","XLY,XLI,XLE"
2020-05-31,-0.0029041517847909018,0.012179455580523099,-0.015083607365314,0.004110493028967477,-0.34545454545454546,"XLU,XLK,XLV","XLY,XLF,XLI"
2020-06-30,0.06312732836907446,0.05176976682253683,0.01135756154653763,0.06024287830572202,0.5151515151515151,"XLU,XLK,XLV","XLY,XLF,XLI"
2020-07-31,0.031814280099722904,0.010680178411144473,0.021134101688578433,0.04625543467920931,0.33636363636363636,"XLY,XLV,XLU","XLF,XLRE,XLE"
2020-08-31,0.00013711518789172317,-0.07547582278165547,0.0756129379695472,-0.03595994178241856,0.6181818181818182,"XLY,XLB,XLU","XLE,XLF,XLRE"
2020-09-30,-0.025193076429830524,-0.023061578065833272,-0.0021314983639972515,-0.018026065155967972,0.02727272727272728,"XLE,XLY,XLB","XLF,XLP,XLRE"
2020-10-31,0.15312531668438215,0.06334183499005148,0.08978348169433066,0.1164718272753311,0.36363636363636365,"XLV,XLE,XLY","XLU,XLK,XLRE"
2020-11-30,0.017390958251472483,0.020892806965400783,-0.0035018487139283003,0.02514766634880021,0.15454545454545454,"XLY,XLB,XLI","XLK,XLP,XLRE"
2020-12-31,0.001466894310686288,-0.017575847887509027,0.019042742198195316,-0.008736205143315494,-0.009090909090909092,"XLE,XLB,XLC","XLK,XLP,XLRE"
2021-01-31,0.12727487223454803,0.008040174519467517,0.11923469771508051,0.040965206074412785,0.6727272727272727,"XLE,XLF,XLB","XLK,XLY,XLRE"
2021-02-28,0.06526661101089178,0.03891398527150428,0.026352625739387493,0.05439524856941092,0.1272727272727273,"XLE,XLU,XLB","XLRE,XLK,XLY"
2021-03-31,0.04168176183843331,0.055402383780590515,-0.013720621942157209,0.04768638572100909,-0.19090909090909092,"XLE,XLB,XLC","XLY,XLRE,XLP"
2021-04-30,0.03913221796809826,0.001917710400724489,0.03721450756737377,0.016143523286736284,0.6454545454545455,"XLE,XLB,XLC","XLRE,XLU,XLP"
2021-05-31,0.001527824005932099,-0.004977655348274546,0.006505479354206645,0.005210366588744025,-0.10000000000000002,"XLE,XLB,XLC","XLU,XLV,XLP"
2021-06-30,-0.005381324546371006,0.03818976433190454,-0.04357108887827554,0.0154754915203833,-0.5272727272727273,"XLE,XLB,XLRE","XLU,XLP,XLV"
2021-07-31,0.0033352491997336773,0.024200257988930662,-0.020865008789196986,0.02314831259366942,-0.26363636363636367,"XLE,XLB,XLI","XLV,XLP,XLU"
2021-08-31,-0.022476442927493068,-0.05558770315398098,0.033111260226487915,-0.04212025101905367,-0.19090909090909092,"XLB,XLE,XLRE","XLV,XLP,XLU"
2021-09-30,0.06054167635104046,0.05172776156037395,0.00881391479066651,0.06677320714294645,0.5272727272727273,"XLE,XLB,XLC","XLF,XLP,XLU"
2021-10-31,-0.0215422575212314,-0.02921342548503003,0.007671167963798631,-0.01990535255438699,0.30000000000000004,"XLE,XLB,XLRE","XLF,XLP,XLU"
2021-11-30,0.03664611393368511,0.05986100058137837,-0.023214886647693257,0.055115726813604035,-0.43636363636363645,"XLE,XLY,XLRE","XLI,XLF,XLU"
2021-12-31,0.002045790998293865,-0.03178421928700056,0.03383001028529442,-0.03107862599404779,-0.3454545454545455,"XLE,XLRE,XLY","XLC,XLU,XLP"
2022-01-31,-0.00867790321736217,-0.015656886221918298,0.006978983004556127,-0.019893094004993908,0.06363636363636364,"XLE,XLRE,XLK","XLF,XLU,XLP"
2022-02-28,0.05992821105682977,0.03715928548033672,0.02276892557649305,0.04489667697636703,0.44545454545454555,"XLE,XLV,XLY","XLU,XLF,XLP"
2022-03-31,-0.05421543273997875,-0.03978071280418305,-0.014434719935795703,-0.06393728888221256,0.009090909090909092,"XLE,XLRE,XLK","XLF,XLU,XLP"
2022-04-30,0.055082509419927726,0.007071964659228176,0.04801054476069955,0.011115467181579287,0.09090909090909091,"XLE,XLK,XLB","XLU,XLP,XLC"
2022-05-31,-0.1334664641975667,-0.058575964934654556,-0.07489049926291214,-0.09078257969464233,-0.6181818181818182,"XLE,XLRE,XLB","XLC,XLP,XLU"
2022-06-30,0.08455293555982941,0.09251876237290291,-0.007965826813073493,0.08061416370764433,0.3181818181818182,"XLE,XLRE,XLF","XLC,XLY,XLU"
2022-07-31,-0.019322777066456315,-0.016184830088812625,-0.003137946977643691,-0.029609222481096733,0.07272727272727274,"XLE,XLRE,XLI","XLP,XLU,XLC"
2022-08-31,-0.1163990059517328,-0.0998651409863472,-0.0165338649653856,-0.09830505553960749,-0.02727272727272728,"XLE,XLRE,XLI","XLY,XLB,XLC"
2022-09-30,0.15298438320396915,0.057487137116893385,0.09549724608707577,0.08335823247068365,0.5363636363636364,"XLP,XLE,XLF","XLK,XLC,XLB"
2022-10-31,0.050326425073051295,0.07584488550028941,-0.025518460427238113,0.060859057659044404,-0.05454545454545456,"XLE,XLU,XLF","XLK,XLV,XLB"
2022-11-30,-0.0427940617733333,-0.05003804614657259,0.007243984373239289,-0.05251022101717499,0.41818181818181827,"XLI,XLF,XLE","XLV,XLC,XLB"
2022-12-31,0.04473111267116122,0.07304572396199016,-0.02831461129082894,0.06049379691684078,-0.3545454545454546,"XLI,XLF,XLE","XLB,XLV,XLC"
2023-01-31,-0.030271499144722602,-0.03366006729783888,0.003388568153116278,-0.033415758455546764,-0.07272727272727274,"XLF,XLU,XLI","XLB,XLV,XLY"
2023-02-28,-0.014897388542596405,0.011738408758810567,-0.02663579730140697,0.01676018626890888,0.13636363636363638,"XLU,XLF,XLI","XLV,XLE,XLY"
2023-03-31,0.01705281569484211,0.03031076071793737,-0.013257945023095258,0.014933604827177205,0.0,"XLU,XLC,XLK","XLE,XLF,XLV"
2023-04-30,0.02317521951892469,-0.061837496410863446,0.08501271592978814,-0.027061101299383973,0.6000000000000001,"XLC,XLU,XLK","XLV,XLF,XLE"
2023-05-31,0.06111133317270726,0.0752785590824437,-0.014167225909736438,0.06225245341307098,-0.3454545454545455,"XLC,XLU,XLY","XLB,XLF,XLE"
2023-06-30,0.03501960313138704,0.040942568678182134,-0.005922965546795091,0.03320207181388766,-0.10000000000000002,"XLC,XLY,XLU","XLV,XLB,XLE"
2023-07-31,-0.015977262601220493,-0.00785354732584631,-0.008123715275374182,-0.022691155846970557,-0.018181818181818184,"XLC,XLY,XLK","XLV,XLB,XLE"
2023-08-31,-0.05108339424964773,-0.023673904772346026,-0.027409489477301704,-0.04615473101004866,-0.28181818181818186,"XLC,XLY,XLK","XLE,XLF,XLB"
2023-09-30,-0.022545807257223587,-0.030931414321012502,0.008385607063788915,-0.02482529302302945,0.24545454545454545,"XLC,XLY,XLK","XLRE,XLV,XLB"
2023-10-31,0.06017757612090765,0.08754005995749425,-0.027362483836586605,0.0784132307655681,-0.26363636363636367,"XLC,XLY,XLE","XLRE,XLV,XLB"
2023-11-30,0.02308850718084965,0.04131516957903599,-0.018226662398186343,0.04025291128968089,-0.14545454545454548,"XLE,XLY,XLU","XLF,XLB,XLV"
2023-12-31,-0.016949275397981745,0.011572188587535318,-0.02852146398551706,-0.0028934602989001616,-0.3090909090909091,"XLK,XLU,XLRE","XLC,XLB,XLV"
2024-01-31,0.04551647907930153,0.04314518893780369,0.0023712901414978393,0.04283036274242291,-0.09090909090909091,"XLK,XLU,XLY","XLV,XLB,XLE"
2024-02-29,0.011726351345718164,0.05587266234429911,-0.04414631099858094,0.03661631887704347,-0.5545454545454546,"XLY,XLK,XLC","XLRE,XLB,XLE"
2024-03-31,-0.02918288513438431,-0.035126348618933344,0.005943463484549032,-0.0373354692357808,-0.16363636363636366,"XLC,XLK,XLU","XLV,XLB,XLE"
2024-04-30,0.0473726939997788,0.017889810274021922,0.02948288372575688,0.03717180452277784,0.36363636363636365,"XLC,XLY,XLK","XLB,XLP,XLE"
2024-05-31,0.017528207237183218,-0.0018165027013509565,0.019344709938534176,0.0021120992303295823,0.009090909090909092,"XLC,XLU,XLK","XLI,XLP,XLV"
2024-06-30,0.03255502730065807,0.02676091695574249,0.005794110344915577,0.0326817968311033,-0.08181818181818183,"XLC,XLU,XLY","XLF,XLK,XLI"
2024-07-31,0.021314940804749865,0.02906032871844344,-0.007745387913693575,0.02864393595032021,-0.09090909090909091,"XLC,XLU,XLY","XLRE,XLV,XLE"
2024-08-31,0.05841805703244596,0.0032890636659975714,0.05512899336644839,0.019992188306688866,0.6000000000000001,"XLC,XLU,XLY","XLB,XLRE,XLE"
2024-09-30,-0.009108975118686505,-0.011932524534621828,0.0028235494159353225,-0.013448541833930284,-0.10000000000000002,"XLP,XLC,XLU","XLI,XLRE,XLE"
2024-10-31,0.07894966121912998,0.0563798229869262,0.022569838232203786,0.05867147030247557,-0.03636363636363637,"XLP,XLY,XLC","XLB,XLI,XLE"
2024-11-30,-0.01711682627075269,-0.0986367736664651,0.08151994739571242,-0.06020056368920743,0.8636363636363636,"XLP,XLY,XLK","XLB,XLI,XLE"
2024-12-31,0.0404418053174167,0.04279830527023291,-0.002356499952816206,0.0361896330359412,0.18181818181818182,"XLC,XLY,XLU","XLI,XLB,XLE"
2025-01-31,-0.0013710696680260999,0.007800032790119982,-0.009171102458146082,0.005972602839571603,-0.20909090909090913,"XLY,XLF,XLP","XLI,XLE,XLB"
2025-02-28,-0.07185047039985744,-0.011508266672922226,-0.06034220372693521,-0.03377301391120869,-0.7000000000000001,"XLY,XLK,XLF","XLRE,XLE,XLB"
2025-03-31,-0.001730201445470203,-0.011830349774039628,0.010100148328569425,-0.020535819749340208,0.20909090909090913,"XLF,XLK,XLY","XLP,XLRE,XLB"
2025-04-30,0.029702014384413222,0.035685126966535696,-0.005983112582122474,0.03879195385989593,0.19090909090909092,"XLK,XLF,XLV","XLRE,XLY,XLE"
2025-05-31,0.061927854320284435,0.03093122511190353,0.030996629208380904,0.02701225326760457,0.19090909090909092,"XLK,XLC,XLV","XLI,XLY,XLE"
2025-06-30,0.00877472493050846,0.025866785318016488,-0.01709206038750803,0.009613246751527154,-0.18181818181818182,"XLB,XLC,XLK","XLI,XLY,XLE"
2025-07-31,0.01922809961564879,0.04556444424534334,-0.026336344629694548,0.02490465878938293,-0.30000000000000004,"XLK,XLRE,XLC","XLV,XLY,XLE"
2025-08-31,0.037166813195875115,0.005638934020735416,0.031527879175139696,0.01548692929697079,0.36363636363636365,"XLK,XLB,XLC","XLV,XLY,XLP"
2025-09-30,0.002950225522185934,-0.0114137438503051,0.014363969372491034,-0.0036241855784668775,0.0,"XLK,XLC,XLF","XLB,XLV,XLP"
2025-10-31,0.00016670010227034146,0.05324256020937601,-0.05307586010710567,0.017387200344936703,-0.5272727272727273,"XLC,XLK,XLB","XLV,XLP,XLE"
2025-11-30,-0.0007243277458266842,-0.006639614182752052,0.005915286436925367,-0.0035923882628929368,0.27272727272727276,"XLK,XLC,XLRE","XLE,XLI,XLP"
2025-12-31,0.035287086005111434,0.07435702781944949,-0.03906994181433805,0.03810876876993025,-0.3454545454545455,"XLK,XLC,XLB","XLI,XLE,XLY"
2026-01-31,0.027908858479152327,0.04588726640882838,-0.01797840792967605,0.03630412762828905,-0.29090909090909095,"XLK,XLB,XLV","XLP,XLY,XLE"
2026-02-28,-0.0548494388200366,-0.02038328722176345,-0.034466151598273154,-0.04868173039202233,0.02727272727272728,"XLK,XLB,XLC","XLP,XLE,XLY"
2026-03-31,0.06796235881831796,0.0721325824710796,-0.004170223652761651,0.05533974754194657,-0.05454545454545456,"XLK,XLE,XLB","XLI,XLY,XLC"
2026-04-30,0.04502391918157763,-0.012960203205549914,0.057984122387127544,0.00696365629636796,0.10000000000000002,"XLE,XLB,XLK","XLI,XLU,XLY"
2026-05-31,-0.021788932287233664,0.034768160873949405,-0.05655709316118307,0.003343678680756629,-0.46363636363636374,"XLE,XLB,XLK","XLI,XLY,XLV"
